race_id,race_name,race_date,course,distance,surface,grade,horse_no,frame_no,horse_reg,horse_name,sex,birth_year,jockey,weight,career_starts,career_win_rate,jockey_win_rate,condition_aptitude,finish_position
1,レース0001,2025-03-24,東京,1400,DIRT,OP,1,1,H0000001,ウマ0001,牡,2020,加藤 楓,54.0,22,0.298,0.179,0.319,8
1,レース0001,2025-03-24,東京,1400,DIRT,OP,2,1,H0000002,ウマ0002,牝,2022,伊藤 翼,58.0,28,0.146,0.163,0.57,6
1,レース0001,2025-03-24,東京,1400,DIRT,OP,3,2,H0000003,ウマ0003,牝,2020,鈴木 花子,56.0,15,0.283,0.068,0.651,4
1,レース0001,2025-03-24,東京,1400,DIRT,OP,4,2,H0000004,ウマ0004,牡,2022,小林 蓮,58.0,20,0.26,0.21,0.749,3
1,レース0001,2025-03-24,東京,1400,DIRT,OP,5,3,H0000005,ウマ0005,牝,2022,高橋 大輔,58.0,25,0.324,0.21,0.682,2
1,レース0001,2025-03-24,東京,1400,DIRT,OP,6,3,H0000006,ウマ0006,牡,2020,中村 駿,56.0,11,0.216,0.197,0.662,1
1,レース0001,2025-03-24,東京,1400,DIRT,OP,7,4,H0000007,ウマ0007,セ,2022,鈴木 花子,56.0,22,0.017,0.157,0.638,7
1,レース0001,2025-03-24,東京,1400,DIRT,OP,8,4,H0000008,ウマ0008,牝,2021,加藤 楓,55.0,10,0.252,0.089,0.383,9
1,レース0001,2025-03-24,東京,1400,DIRT,OP,9,5,H0000009,ウマ0009,牝,2021,鈴木 花子,54.0,9,0.111,0.042,0.571,5
2,レース0002,2025-03-09,中山,1800,DIRT,未勝利,1,1,H0000010,ウマ0010,セ,2021,山本 陽,58.0,15,0.116,0.183,0.779,6
2,レース0002,2025-03-09,中山,1800,DIRT,未勝利,2,1,H0000011,ウマ0011,牡,2022,佐藤 健,54.0,28,0.0,0.261,0.686,3
2,レース0002,2025-03-09,中山,1800,DIRT,未勝利,3,2,H0000012,ウマ0012,牝,2022,伊藤 翼,57.0,20,0.26,0.102,0.33,12
2,レース0002,2025-03-09,中山,1800,DIRT,未勝利,4,2,H0000013,ウマ0013,セ,2021,鈴木 花子,58.0,12,0.189,0.124,0.5,7
2,レース0002,2025-03-09,中山,1800,DIRT,未勝利,5,3,H0000014,ウマ0014,牡,2022,鈴木 花子,56.0,30,0.046,0.08,0.629,4
2,レース0002,2025-03-09,中山,1800,DIRT,未勝利,6,3,H0000015,ウマ0015,セ,2022,田中 一郎,56.0,22,0.058,0.062,0.43,13
2,レース0002,2025-03-09,中山,1800,DIRT,未勝利,7,4,H0000016,ウマ0016,牝,2020,田中 一郎,56.0,10,0.177,0.126,0.582,2
2,レース0002,2025-03-09,中山,1800,DIRT,未勝利,8,4,H0000017,ウマ0017,セ,2020,佐藤 健,54.0,24,0.337,0.046,0.728,1
2,レース0002,2025-03-09,中山,1800,DIRT,未勝利,9,5,H0000018,ウマ0018,セ,2021,高橋 大輔,56.0,20,0.233,0.068,0.585,5
2,レース0002,2025-03-09,中山,1800,DIRT,未勝利,10,5,H0000019,ウマ0019,セ,2021,鈴木 花子,56.0,10,0.185,0.054,0.508,9
2,レース0002,2025-03-09,中山,1800,DIRT,未勝利,11,6,H0000020,ウマ0020,セ,2020,田中 一郎,58.0,5,0.092,0.137,0.711,8
2,レース0002,2025-03-09,中山,1800,DIRT,未勝利,12,6,H0000021,ウマ0021,牡,2021,小林 蓮,56.0,9,0.172,0.113,0.591,11
2,レース0002,2025-03-09,中山,1800,DIRT,未勝利,13,7,H0000022,ウマ0022,牡,2021,中村 駿,58.0,9,0.189,0.052,0.48,10
3,レース0003,2025-07-15,東京,1600,DIRT,1勝,1,1,H0000023,ウマ0023,牝,2020,高橋 大輔,54.0,9,0.2,0.117,0.402,8
3,レース0003,2025-07-15,東京,1600,DIRT,1勝,2,1,H0000024,ウマ0024,牝,2020,鈴木 花子,57.0,17,0.073,0.15,0.733,7
3,レース0003,2025-07-15,東京,1600,DIRT,1勝,3,2,H0000025,ウマ0025,牡,2020,佐藤 健,58.0,16,0.243,0.038,0.764,1
3,レース0003,2025-07-15,東京,1600,DIRT,1勝,4,2,H0000026,ウマ0026,牡,2021,田中 一郎,57.0,15,0.255,0.095,0.561,2
3,レース0003,2025-07-15,東京,1600,DIRT,1勝,5,3,H0000027,ウマ0027,牝,2020,高橋 大輔,58.0,12,0.165,0.217,0.369,5
3,レース0003,2025-07-15,東京,1600,DIRT,1勝,6,3,H0000028,ウマ0028,牝,2020,田中 一郎,58.0,21,0.206,0.133,0.611,6
3,レース0003,2025-07-15,東京,1600,DIRT,1勝,7,4,H0000029,ウマ0029,牡,2020,山本 陽,58.0,5,0.0,0.146,0.49,9
3,レース0003,2025-07-15,東京,1600,DIRT,1勝,8,4,H0000030,ウマ0030,セ,2020,山本 陽,54.0,22,0.174,0.113,0.432,4
3,レース0003,2025-07-15,東京,1600,DIRT,1勝,9,5,H0000031,ウマ0031,牡,2022,渡辺 美咲,56.0,10,0.216,0.135,0.422,3
4,レース0004,2025-08-11,阪神,2400,TURF,3勝,1,1,H0000032,ウマ0032,セ,2020,鈴木 花子,54.0,20,0.083,0.236,0.368,11
4,レース0004,2025-08-11,阪神,2400,TURF,3勝,2,1,H0000033,ウマ0033,牡,2021,加藤 楓,55.0,25,0.196,0.168,0.889,4
4,レース0004,2025-08-11,阪神,2400,TURF,3勝,3,2,H0000034,ウマ0034,セ,2021,鈴木 花子,58.0,7,0.104,0.083,1.0,7
4,レース0004,2025-08-11,阪神,2400,TURF,3勝,4,2,H0000035,ウマ0035,セ,2021,高橋 大輔,56.0,24,0.163,0.235,0.545,5
4,レース0004,2025-08-11,阪神,2400,TURF,3勝,5,3,H0000036,ウマ0036,牡,2020,中村 駿,57.0,29,0.128,0.104,0.445,12
4,レース0004,2025-08-11,阪神,2400,TURF,3勝,6,3,H0000037,ウマ0037,牝,2022,中村 駿,56.0,20,0.179,0.134,0.584,9
4,レース0004,2025-08-11,阪神,2400,TURF,3勝,7,4,H0000038,ウマ0038,牝,2022,加藤 楓,55.0,7,0.053,0.15,0.554,10
4,レース0004,2025-08-11,阪神,2400,TURF,3勝,8,4,H0000039,ウマ0039,牡,2022,高橋 大輔,54.0,24,0.156,0.136,0.274,8
4,レース0004,2025-08-11,阪神,2400,TURF,3勝,9,5,H0000040,ウマ0040,セ,2020,高橋 大輔,57.0,30,0.337,0.199,0.739,1
4,レース0004,2025-08-11,阪神,2400,TURF,3勝,10,5,H0000041,ウマ0041,牝,2021,高橋 大輔,55.0,11,0.264,0.206,0.632,3
4,レース0004,2025-08-11,阪神,2400,TURF,3勝,11,6,H0000042,ウマ0042,牝,2020,高橋 大輔,57.0,29,0.263,0.172,0.785,2
4,レース0004,2025-08-11,阪神,2400,TURF,3勝,12,6,H0000043,ウマ0043,牡,2021,渡辺 美咲,55.0,11,0.253,0.107,0.706,6
5,レース0005,2025-11-27,京都,2400,DIRT,1勝,1,1,H0000044,ウマ0044,牝,2020,山本 陽,54.0,11,0.015,0.03,0.454,9
5,レース0005,2025-11-27,京都,2400,DIRT,1勝,2,1,H0000045,ウマ0045,セ,2020,中村 駿,57.0,21,0.298,0.146,0.371,4
5,レース0005,2025-11-27,京都,2400,DIRT,1勝,3,2,H0000046,ウマ0046,セ,2022,高橋 大輔,57.0,14,0.31,0.136,0.6,5
5,レース0005,2025-11-27,京都,2400,DIRT,1勝,4,2,H0000047,ウマ0047,牝,2022,伊藤 翼,54.0,24,0.0,0.181,0.771,3
5,レース0005,2025-11-27,京都,2400,DIRT,1勝,5,3,H0000048,ウマ0048,牡,2021,中村 駿,56.0,24,0.12,0.087,0.649,6
5,レース0005,2025-11-27,京都,2400,DIRT,1勝,6,3,H0000049,ウマ0049,牡,2021,山本 陽,54.0,22,0.179,0.099,0.383,8
5,レース0005,2025-11-27,京都,2400,DIRT,1勝,7,4,H0000050,ウマ0050,セ,2021,佐藤 健,57.0,24,0.141,0.098,0.384,7
5,レース0005,2025-11-27,京都,2400,DIRT,1勝,8,4,H0000051,ウマ0051,牡,2020,佐藤 健,55.0,3,0.273,0.161,0.441,2
5,レース0005,2025-11-27,京都,2400,DIRT,1勝,9,5,H0000052,ウマ0052,牡,2021,中村 駿,58.0,23,0.12,0.268,0.698,1
6,レース0006,2025-03-21,阪神,1800,DIRT,OP,1,1,H0000053,ウマ0053,セ,2022,小林 蓮,57.0,4,0.107,0.032,0.79,7
6,レース0006,2025-03-21,阪神,1800,DIRT,OP,2,1,H0000054,ウマ0054,牝,2022,加藤 楓,54.0,20,0.036,0.03,0.408,11
6,レース0006,2025-03-21,阪神,1800,DIRT,OP,3,2,H0000055,ウマ0055,セ,2021,佐藤 健,58.0,26,0.0,0.061,0.742,10
6,レース0006,2025-03-21,阪神,1800,DIRT,OP,4,2,H0000056,ウマ0056,牝,2022,小林 蓮,55.0,23,0.102,0.165,0.4,5
6,レース0006,2025-03-21,阪神,1800,DIRT,OP,5,3,H0000057,ウマ0057,セ,2020,佐藤 健,56.0,7,0.187,0.184,0.52,4
6,レース0006,2025-03-21,阪神,1800,DIRT,OP,6,3,H0000058,ウマ0058,牝,2021,加藤 楓,55.0,17,0.116,0.139,0.825,3
6,レース0006,2025-03-21,阪神,1800,DIRT,OP,7,4,H0000059,ウマ0059,牡,2022,中村 駿,58.0,18,0.127,0.147,0.208,8
6,レース0006,2025-03-21,阪神,1800,DIRT,OP,8,4,H0000060,ウマ0060,牝,2022,加藤 楓,57.0,28,0.274,0.177,0.556,2
6,レース0006,2025-03-21,阪神,1800,DIRT,OP,9,5,H0000061,ウマ0061,セ,2022,中村 駿,54.0,26,0.129,0.109,0.587,6
6,レース0006,2025-03-21,阪神,1800,DIRT,OP,10,5,H0000062,ウマ0062,セ,2020,中村 駿,55.0,21,0.275,0.159,0.724,1
6,レース0006,2025-03-21,阪神,1800,DIRT,OP,11,6,H0000063,ウマ0063,牝,2021,渡辺 美咲,57.0,9,0.161,0.125,0.489,9
7,レース0007,2025-07-09,京都,1800,DIRT,3勝,1,1,H0000064,ウマ0064,牝,2020,鈴木 花子,58.0,27,0.142,0.159,0.375,14
7,レース0007,2025-07-09,京都,1800,DIRT,3勝,2,1,H0000065,ウマ0065,牡,2020,小林 蓮,54.0,24,0.205,0.126,0.683,4
7,レース0007,2025-07-09,京都,1800,DIRT,3勝,3,2,H0000066,ウマ0066,牝,2020,山本 陽,57.0,22,0.193,0.221,0.838,2
7,レース0007,2025-07-09,京都,1800,DIRT,3勝,4,2,H0000067,ウマ0067,牡,2021,山本 陽,56.0,24,0.32,0.112,0.569,6
7,レース0007,2025-07-09,京都,1800,DIRT,3勝,5,3,H0000068,ウマ0068,セ,2022,高橋 大輔,55.0,6,0.127,0.171,0.455,12
7,レース0007,2025-07-09,京都,1800,DIRT,3勝,6,3,H0000069,ウマ0069,牝,2022,中村 駿,58.0,24,0.155,0.09,0.419,9
7,レース0007,2025-07-09,京都,1800,DIRT,3勝,7,4,H0000070,ウマ0070,牝,2021,鈴木 花子,56.0,16,0.031,0.089,0.705,13
7,レース0007,2025-07-09,京都,1800,DIRT,3勝,8,4,H0000071,ウマ0071,セ,2022,伊藤 翼,57.0,22,0.304,0.113,0.684,5
7,レース0007,2025-07-09,京都,1800,DIRT,3勝,9,5,H0000072,ウマ0072,セ,2022,伊藤 翼,57.0,13,0.056,0.152,0.341,15
7,レース0007,2025-07-09,京都,1800,DIRT,3勝,10,5,H0000073,ウマ0073,セ,2022,中村 駿,55.0,13,0.281,0.054,0.868,1
7,レース0007,2025-07-09,京都,1800,DIRT,3勝,11,6,H0000074,ウマ0074,牝,2021,渡辺 美咲,55.0,11,0.276,0.226,0.613,3
7,レース0007,2025-07-09,京都,1800,DIRT,3勝,12,6,H0000075,ウマ0075,セ,2021,小林 蓮,55.0,20,0.282,0.077,0.546,7
7,レース0007,2025-07-09,京都,1800,DIRT,3勝,13,7,H0000076,ウマ0076,牡,2020,伊藤 翼,57.0,10,0.193,0.134,0.275,11
7,レース0007,2025-07-09,京都,1800,DIRT,3勝,14,7,H0000077,ウマ0077,牝,2022,加藤 楓,58.0,13,0.125,0.151,0.461,10
7,レース0007,2025-07-09,京都,1800,DIRT,3勝,15,8,H0000078,ウマ0078,牡,2022,高橋 大輔,56.0,13,0.106,0.097,0.709,8
8,レース0008,2025-12-16,中京,1400,TURF,OP,1,1,H0000079,ウマ0079,牝,2020,渡辺 美咲,54.0,8,0.16,0.196,0.566,2
8,レース0008,2025-12-16,中京,1400,TURF,OP,2,1,H0000080,ウマ0080,牡,2022,伊藤 翼,55.0,25,0.059,0.105,0.817,5
8,レース0008,2025-12-16,中京,1400,TURF,OP,3,2,H0000081,ウマ0081,牝,2021,小林 蓮,54.0,13,0.3,0.105,0.551,3
8,レース0008,2025-12-16,中京,1400,TURF,OP,4,2,H0000082,ウマ0082,牡,2021,小林 蓮,57.0,5,0.138,0.137,0.604,8
8,レース0008,2025-12-16,中京,1400,TURF,OP,5,3,H0000083,ウマ0083,牡,2020,加藤 楓,56.0,27,0.059,0.095,0.74,9
8,レース0008,2025-12-16,中京,1400,TURF,OP,6,3,H0000084,ウマ0084,セ,2021,小林 蓮,58.0,17,0.314,0.072,0.672,4
8,レース0008,2025-12-16,中京,1400,TURF,OP,7,4,H0000085,ウマ0085,セ,2020,高橋 大輔,54.0,23,0.145,0.194,0.34,7
8,レース0008,2025-12-16,中京,1400,TURF,OP,8,4,H0000086,ウマ0086,セ,2020,佐藤 健,55.0,3,0.23,0.148,0.807,1
8,レース0008,2025-12-16,中京,1400,TURF,OP,9,5,H0000087,ウマ0087,セ,2021,鈴木 花子,56.0,24,0.064,0.172,0.504,6
9,レース0009,2025-09-08,京都,1800,TURF,G2,1,1,H0000088,ウマ0088,牡,2021,山本 陽,55.0,26,0.184,0.064,0.235,11
9,レース0009,2025-09-08,京都,1800,TURF,G2,2,1,H0000089,ウマ0089,牝,2022,加藤 楓,56.0,18,0.271,0.03,0.362,8
9,レース0009,2025-09-08,京都,1800,TURF,G2,3,2,H0000090,ウマ0090,セ,2021,田中 一郎,57.0,5,0.218,0.068,0.643,4
9,レース0009,2025-09-08,京都,1800,TURF,G2,4,2,H0000091,ウマ0091,セ,2021,山本 陽,54.0,4,0.198,0.204,0.703,1
9,レース0009,2025-09-08,京都,1800,TURF,G2,5,3,H0000092,ウマ0092,牝,2020,山本 陽,58.0,16,0.088,0.133,0.439,10
9,レース0009,2025-09-08,京都,1800,TURF,G2,6,3,H0000093,ウマ0093,牡,2020,渡辺 美咲,56.0,16,0.111,0.086,0.69,9
9,レース0009,2025-09-08,京都,1800,TURF,G2,7,4,H0000094,ウマ0094,セ,2020,小林 蓮,57.0,5,0.225,0.116,0.411,6
9,レース0009,2025-09-08,京都,1800,TURF,G2,8,4,H0000095,ウマ0095,牡,2022,加藤 楓,58.0,17,0.149,0.171,0.73,2
9,レース0009,2025-09-08,京都,1800,TURF,G2,9,5,H0000096,ウマ0096,牝,2022,小林 蓮,56.0,27,0.163,0.102,0.61,7
9,レース0009,2025-09-08,京都,1800,TURF,G2,10,5,H0000097,ウマ0097,セ,2022,高橋 大輔,57.0,25,0.247,0.143,0.651,5
9,レース0009,2025-09-08,京都,1800,TURF,G2,11,6,H0000098,ウマ0098,牡,2020,小林 蓮,58.0,6,0.234,0.164,0.741,3
10,レース0010,2025-07-27,阪神,2000,DIRT,3勝,1,1,H0000099,ウマ0099,セ,2022,佐藤 健,55.0,30,0.079,0.136,0.453,6
10,レース0010,2025-07-27,阪神,2000,DIRT,3勝,2,1,H0000100,ウマ0100,セ,2021,田中 一郎,57.0,12,0.193,0.208,0.682,4
10,レース0010,2025-07-27,阪神,2000,DIRT,3勝,3,2,H0000101,ウマ0101,牝,2021,渡辺 美咲,55.0,20,0.154,0.036,0.318,10
10,レース0010,2025-07-27,阪神,2000,DIRT,3勝,4,2,H0000102,ウマ0102,セ,2020,山本 陽,56.0,15,0.116,0.134,0.375,8
10,レース0010,2025-07-27,阪神,2000,DIRT,3勝,5,3,H0000103,ウマ0103,セ,2022,佐藤 健,57.0,18,0.196,0.216,0.836,3
10,レース0010,2025-07-27,阪神,2000,DIRT,3勝,6,3,H0000104,ウマ0104,牡,2021,鈴木 花子,58.0,19,0.22,0.155,0.529,7
10,レース0010,2025-07-27,阪神,2000,DIRT,3勝,7,4,H0000105,ウマ0105,牝,2021,山本 陽,55.0,25,0.193,0.125,0.775,5
10,レース0010,2025-07-27,阪神,2000,DIRT,3勝,8,4,H0000106,ウマ0106,セ,2021,渡辺 美咲,56.0,23,0.323,0.114,0.594,1
10,レース0010,2025-07-27,阪神,2000,DIRT,3勝,9,5,H0000107,ウマ0107,セ,2021,高橋 大輔,54.0,26,0.15,0.047,0.584,9
10,レース0010,2025-07-27,阪神,2000,DIRT,3勝,10,5,H0000108,ウマ0108,セ,2021,田中 一郎,54.0,4,0.163,0.247,0.818,2
11,レース0011,2025-07-05,東京,1600,DIRT,2勝,1,1,H0000109,ウマ0109,牝,2022,高橋 大輔,55.0,18,0.183,0.181,0.503,7
11,レース0011,2025-07-05,東京,1600,DIRT,2勝,2,1,H0000110,ウマ0110,牝,2021,田中 一郎,57.0,28,0.128,0.154,0.498,5
11,レース0011,2025-07-05,東京,1600,DIRT,2勝,3,2,H0000111,ウマ0111,牝,2022,中村 駿,56.0,25,0.108,0.139,0.482,3
11,レース0011,2025-07-05,東京,1600,DIRT,2勝,4,2,H0000112,ウマ0112,牝,2020,高橋 大輔,55.0,15,0.17,0.13,0.898,1
11,レース0011,2025-07-05,東京,1600,DIRT,2勝,5,3,H0000113,ウマ0113,セ,2022,田中 一郎,57.0,22,0.074,0.101,0.7,8
11,レース0011,2025-07-05,東京,1600,DIRT,2勝,6,3,H0000114,ウマ0114,牡,2022,渡辺 美咲,56.0,10,0.177,0.127,0.21,10
11,レース0011,2025-07-05,東京,1600,DIRT,2勝,7,4,H0000115,ウマ0115,セ,2022,田中 一郎,55.0,12,0.098,0.077,0.424,12
11,レース0011,2025-07-05,東京,1600,DIRT,2勝,8,4,H0000116,ウマ0116,牡,2021,渡辺 美咲,56.0,26,0.051,0.133,0.504,9
11,レース0011,2025-07-05,東京,1600,DIRT,2勝,9,5,H0000117,ウマ0117,牝,2020,伊藤 翼,56.0,29,0.128,0.147,0.634,4
11,レース0011,2025-07-05,東京,1600,DIRT,2勝,10,5,H0000118,ウマ0118,牝,2020,小林 蓮,56.0,5,0.001,0.253,0.388,11
11,レース0011,2025-07-05,東京,1600,DIRT,2勝,11,6,H0000119,ウマ0119,セ,2021,鈴木 花子,57.0,28,0.329,0.231,0.734,2
11,レース0011,2025-07-05,東京,1600,DIRT,2勝,12,6,H0000120,ウマ0120,セ,2022,伊藤 翼,54.0,21,0.069,0.099,0.637,6
11,レース0011,2025-07-05,東京,1600,DIRT,2勝,13,7,H0000121,ウマ0121,セ,2021,山本 陽,57.0,10,0.086,0.178,0.363,13
12,レース0012,2025-02-05,阪神,2400,DIRT,1勝,1,1,H0000122,ウマ0122,牡,2022,佐藤 健,57.0,15,0.277,0.143,0.564,5
12,レース0012,2025-02-05,阪神,2400,DIRT,1勝,2,1,H0000123,ウマ0123,セ,2020,中村 駿,57.0,23,0.052,0.151,0.531,8
12,レース0012,2025-02-05,阪神,2400,DIRT,1勝,3,2,H0000124,ウマ0124,牝,2020,渡辺 美咲,57.0,9,0.0,0.177,0.672,4
12,レース0012,2025-02-05,阪神,2400,DIRT,1勝,4,2,H0000125,ウマ0125,セ,2021,田中 一郎,56.0,15,0.0,0.173,0.601,7
12,レース0012,2025-02-05,阪神,2400,DIRT,1勝,5,3,H0000126,ウマ0126,牡,2022,山本 陽,57.0,3,0.148,0.109,1.0,3
12,レース0012,2025-02-05,阪神,2400,DIRT,1勝,6,3,H0000127,ウマ0127,セ,2020,山本 陽,55.0,9,0.257,0.144,0.866,1
12,レース0012,2025-02-05,阪神,2400,DIRT,1勝,7,4,H0000128,ウマ0128,セ,2020,伊藤 翼,55.0,30,0.169,0.144,0.429,6
12,レース0012,2025-02-05,阪神,2400,DIRT,1勝,8,4,H0000129,ウマ0129,牡,2020,田中 一郎,54.0,14,0.445,0.115,0.238,2
12,レース0012,2025-02-05,阪神,2400,DIRT,1勝,9,5,H0000130,ウマ0130,牝,2020,佐藤 健,56.0,26,0.14,0.139,0.421,9
13,レース0013,2025-08-15,中京,2400,TURF,G2,1,1,H0000131,ウマ0131,セ,2022,伊藤 翼,58.0,17,0.199,0.071,0.715,10
13,レース0013,2025-08-15,中京,2400,TURF,G2,2,1,H0000132,ウマ0132,牝,2022,鈴木 花子,57.0,18,0.247,0.122,0.515,4
13,レース0013,2025-08-15,中京,2400,TURF,G2,3,2,H0000133,ウマ0133,牝,2022,山本 陽,55.0,20,0.157,0.077,0.678,11
13,レース0013,2025-08-15,中京,2400,TURF,G2,4,2,H0000134,ウマ0134,牝,2022,山本 陽,58.0,16,0.133,0.118,0.379,13
13,レース0013,2025-08-15,中京,2400,TURF,G2,5,3,H0000135,ウマ0135,牡,2021,小林 蓮,58.0,10,0.294,0.175,0.707,1
13,レース0013,2025-08-15,中京,2400,TURF,G2,6,3,H0000136,ウマ0136,牡,2021,中村 駿,57.0,13,0.076,0.05,0.724,12
13,レース0013,2025-08-15,中京,2400,TURF,G2,7,4,H0000137,ウマ0137,牡,2020,中村 駿,54.0,6,0.136,0.088,0.784,8
13,レース0013,2025-08-15,中京,2400,TURF,G2,8,4,H0000138,ウマ0138,セ,2022,加藤 楓,55.0,13,0.347,0.128,0.376,6
13,レース0013,2025-08-15,中京,2400,TURF,G2,9,5,H0000139,ウマ0139,セ,2020,伊藤 翼,57.0,22,0.135,0.085,0.85,3
13,レース0013,2025-08-15,中京,2400,TURF,G2,10,5,H0000140,ウマ0140,セ,2021,高橋 大輔,58.0,30,0.027,0.121,0.628,14
13,レース0013,2025-08-15,中京,2400,TURF,G2,11,6,H0000141,ウマ0141,牝,2022,山本 陽,58.0,22,0.315,0.191,0.344,9
13,レース0013,2025-08-15,中京,2400,TURF,G2,12,6,H0000142,ウマ0142,セ,2021,田中 一郎,58.0,8,0.293,0.101,0.345,5
13,レース0013,2025-08-15,中京,2400,TURF,G2,13,7,H0000143,ウマ0143,セ,2022,中村 駿,55.0,5,0.158,0.214,0.697,2
13,レース0013,2025-08-15,中京,2400,TURF,G2,14,7,H0000144,ウマ0144,セ,2020,中村 駿,54.0,16,0.14,0.174,0.748,7
14,レース0014,2025-12-11,京都,1600,TURF,3勝,1,1,H0000145,ウマ0145,牡,2022,鈴木 花子,55.0,11,0.2,0.066,0.601,3
14,レース0014,2025-12-11,京都,1600,TURF,3勝,2,1,H0000146,ウマ0146,牝,2020,加藤 楓,58.0,6,0.195,0.081,0.616,8
14,レース0014,2025-12-11,京都,1600,TURF,3勝,3,2,H0000147,ウマ0147,牡,2020,中村 駿,58.0,22,0.155,0.15,0.445,10
14,レース0014,2025-12-11,京都,1600,TURF,3勝,4,2,H0000148,ウマ0148,牝,2021,渡辺 美咲,55.0,6,0.071,0.162,0.591,7
14,レース0014,2025-12-11,京都,1600,TURF,3勝,5,3,H0000149,ウマ0149,セ,2021,鈴木 花子,55.0,15,0.329,0.134,0.629,1
14,レース0014,2025-12-11,京都,1600,TURF,3勝,6,3,H0000150,ウマ0150,牡,2021,山本 陽,54.0,16,0.259,0.139,0.51,4
14,レース0014,2025-12-11,京都,1600,TURF,3勝,7,4,H0000151,ウマ0151,牡,2022,小林 蓮,54.0,29,0.053,0.095,0.473,5
14,レース0014,2025-12-11,京都,1600,TURF,3勝,8,4,H0000152,ウマ0152,牡,2021,山本 陽,57.0,15,0.202,0.112,0.392,6
14,レース0014,2025-12-11,京都,1600,TURF,3勝,9,5,H0000153,ウマ0153,牡,2022,鈴木 花子,56.0,19,0.091,0.122,0.489,11
14,レース0014,2025-12-11,京都,1600,TURF,3勝,10,5,H0000154,ウマ0154,セ,2020,高橋 大輔,56.0,6,0.256,0.03,0.526,9
14,レース0014,2025-12-11,京都,1600,TURF,3勝,11,6,H0000155,ウマ0155,セ,2021,小林 蓮,54.0,27,0.216,0.156,0.307,12
14,レース0014,2025-12-11,京都,1600,TURF,3勝,12,6,H0000156,ウマ0156,セ,2021,渡辺 美咲,58.0,7,0.089,0.069,0.458,13
14,レース0014,2025-12-11,京都,1600,TURF,3勝,13,7,H0000157,ウマ0157,セ,2020,伊藤 翼,58.0,17,0.086,0.151,0.332,15
14,レース0014,2025-12-11,京都,1600,TURF,3勝,14,7,H0000158,ウマ0158,牡,2022,山本 陽,56.0,19,0.062,0.114,0.568,14
14,レース0014,2025-12-11,京都,1600,TURF,3勝,15,8,H0000159,ウマ0159,セ,2022,高橋 大輔,54.0,13,0.091,0.174,0.833,2
15,レース0015,2025-02-26,中京,1200,TURF,未勝利,1,1,H0000160,ウマ0160,牡,2020,高橋 大輔,54.0,25,0.138,0.167,0.452,8
15,レース0015,2025-02-26,中京,1200,TURF,未勝利,2,1,H0000161,ウマ0161,牝,2021,渡辺 美咲,56.0,24,0.09,0.151,0.445,5
15,レース0015,2025-02-26,中京,1200,TURF,未勝利,3,2,H0000162,ウマ0162,牡,2022,中村 駿,56.0,12,0.172,0.058,0.367,14
15,レース0015,2025-02-26,中京,1200,TURF,未勝利,4,2,H0000163,ウマ0163,セ,2022,佐藤 健,55.0,14,0.178,0.228,0.788,3
15,レース0015,2025-02-26,中京,1200,TURF,未勝利,5,3,H0000164,ウマ0164,セ,2020,伊藤 翼,57.0,20,0.153,0.103,0.794,6
15,レース0015,2025-02-26,中京,1200,TURF,未勝利,6,3,H0000165,ウマ0165,セ,2021,加藤 楓,58.0,14,0.066,0.192,0.654,12
15,レース0015,2025-02-26,中京,1200,TURF,未勝利,7,4,H0000166,ウマ0166,牝,2020,高橋 大輔,55.0,7,0.056,0.173,0.568,11
15,レース0015,2025-02-26,中京,1200,TURF,未勝利,8,4,H0000167,ウマ0167,セ,2020,渡辺 美咲,58.0,27,0.222,0.165,0.601,2
15,レース0015,2025-02-26,中京,1200,TURF,未勝利,9,5,H0000168,ウマ0168,セ,2022,佐藤 健,55.0,26,0.076,0.08,0.386,15
15,レース0015,2025-02-26,中京,1200,TURF,未勝利,10,5,H0000169,ウマ0169,セ,2021,高橋 大輔,57.0,20,0.094,0.15,0.491,10
15,レース0015,2025-02-26,中京,1200,TURF,未勝利,11,6,H0000170,ウマ0170,牡,2021,山本 陽,57.0,17,0.121,0.139,1.0,1
15,レース0015,2025-02-26,中京,1200,TURF,未勝利,12,6,H0000171,ウマ0171,セ,2020,伊藤 翼,55.0,4,0.109,0.14,0.388,9
15,レース0015,2025-02-26,中京,1200,TURF,未勝利,13,7,H0000172,ウマ0172,セ,2022,鈴木 花子,58.0,12,0.254,0.066,0.266,4
15,レース0015,2025-02-26,中京,1200,TURF,未勝利,14,7,H0000173,ウマ0173,牡,2021,渡辺 美咲,57.0,3,0.226,0.145,0.345,13
15,レース0015,2025-02-26,中京,1200,TURF,未勝利,15,8,H0000174,ウマ0174,牡,2021,高橋 大輔,56.0,3,0.214,0.087,0.642,7
16,レース0016,2025-01-10,東京,1400,DIRT,G3,1,1,H0000175,ウマ0175,牡,2020,田中 一郎,57.0,11,0.268,0.102,0.698,1
16,レース0016,2025-01-10,東京,1400,DIRT,G3,2,1,H0000176,ウマ0176,牡,2021,高橋 大輔,58.0,12,0.047,0.136,0.65,9
16,レース0016,2025-01-10,東京,1400,DIRT,G3,3,2,H0000177,ウマ0177,牝,2022,加藤 楓,54.0,3,0.228,0.156,0.389,10
16,レース0016,2025-01-10,東京,1400,DIRT,G3,4,2,H0000178,ウマ0178,牡,2022,渡辺 美咲,55.0,10,0.084,0.086,0.376,13
16,レース0016,2025-01-10,東京,1400,DIRT,G3,5,3,H0000179,ウマ0179,セ,2022,加藤 楓,56.0,28,0.128,0.116,0.442,12
16,レース0016,2025-01-10,東京,1400,DIRT,G3,6,3,H0000180,ウマ0180,牡,2022,中村 駿,57.0,14,0.085,0.193,0.533,5
16,レース0016,2025-01-10,東京,1400,DIRT,G3,7,4,H0000181,ウマ0181,セ,2021,佐藤 健,54.0,4,0.18,0.139,0.59,2
16,レース0016,2025-01-10,東京,1400,DIRT,G3,8,4,H0000182,ウマ0182,セ,2021,小林 蓮,55.0,23,0.1,0.103,0.681,4
16,レース0016,2025-01-10,東京,1400,DIRT,G3,9,5,H0000183,ウマ0183,牡,2020,田中 一郎,54.0,13,0.2,0.155,0.459,6
16,レース0016,2025-01-10,東京,1400,DIRT,G3,10,5,H0000184,ウマ0184,牡,2022,高橋 大輔,58.0,12,0.0,0.185,0.462,11
16,レース0016,2025-01-10,東京,1400,DIRT,G3,11,6,H0000185,ウマ0185,牝,2021,小林 蓮,54.0,15,0.082,0.198,0.658,3
16,レース0016,2025-01-10,東京,1400,DIRT,G3,12,6,H0000186,ウマ0186,セ,2021,鈴木 花子,57.0,26,0.12,0.113,0.648,8
16,レース0016,2025-01-10,東京,1400,DIRT,G3,13,7,H0000187,ウマ0187,牡,2021,伊藤 翼,56.0,12,0.095,0.154,0.664,7
17,レース0017,2025-06-15,中京,1400,DIRT,未勝利,1,1,H0000188,ウマ0188,牝,2021,田中 一郎,56.0,5,0.178,0.227,0.646,5
17,レース0017,2025-06-15,中京,1400,DIRT,未勝利,2,1,H0000189,ウマ0189,牡,2022,小林 蓮,55.0,4,0.136,0.085,0.251,10
17,レース0017,2025-06-15,中京,1400,DIRT,未勝利,3,2,H0000190,ウマ0190,セ,2020,山本 陽,56.0,7,0.168,0.156,0.644,9
17,レース0017,2025-06-15,中京,1400,DIRT,未勝利,4,2,H0000191,ウマ0191,牝,2021,渡辺 美咲,58.0,23,0.085,0.03,0.338,15
17,レース0017,2025-06-15,中京,1400,DIRT,未勝利,5,3,H0000192,ウマ0192,牝,2022,中村 駿,54.0,20,0.29,0.107,1.0,1
17,レース0017,2025-06-15,中京,1400,DIRT,未勝利,6,3,H0000193,ウマ0193,牝,2020,鈴木 花子,58.0,7,0.295,0.188,0.514,7
17,レース0017,2025-06-15,中京,1400,DIRT,未勝利,7,4,H0000194,ウマ0194,セ,2021,渡辺 美咲,57.0,25,0.12,0.163,0.392,4
17,レース0017,2025-06-15,中京,1400,DIRT,未勝利,8,4,H0000195,ウマ0195,セ,2020,鈴木 花子,55.0,9,0.283,0.155,0.823,2
17,レース0017,2025-06-15,中京,1400,DIRT,未勝利,9,5,H0000196,ウマ0196,セ,2022,渡辺 美咲,57.0,17,0.069,0.14,0.422,14
17,レース0017,2025-06-15,中京,1400,DIRT,未勝利,10,5,H0000197,ウマ0197,セ,2022,小林 蓮,56.0,19,0.218,0.07,0.492,11
17,レース0017,2025-06-15,中京,1400,DIRT,未勝利,11,6,H0000198,ウマ0198,牝,2022,鈴木 花子,58.0,17,0.155,0.087,0.648,13
17,レース0017,2025-06-15,中京,1400,DIRT,未勝利,12,6,H0000199,ウマ0199,牡,2020,中村 駿,58.0,19,0.074,0.143,0.784,8
17,レース0017,2025-06-15,中京,1400,DIRT,未勝利,13,7,H0000200,ウマ0200,牝,2020,佐藤 健,54.0,13,0.302,0.144,0.518,6
17,レース0017,2025-06-15,中京,1400,DIRT,未勝利,14,7,H0000201,ウマ0201,牝,2020,加藤 楓,56.0,11,0.239,0.116,0.756,3
17,レース0017,2025-06-15,中京,1400,DIRT,未勝利,15,8,H0000202,ウマ0202,セ,2020,山本 陽,58.0,21,0.145,0.16,0.658,12
18,レース0018,2025-01-03,中山,2000,DIRT,G1,1,1,H0000203,ウマ0203,セ,2020,小林 蓮,58.0,23,0.304,0.15,0.319,4
18,レース0018,2025-01-03,中山,2000,DIRT,G1,2,1,H0000204,ウマ0204,セ,2021,伊藤 翼,56.0,17,0.119,0.061,0.477,9
18,レース0018,2025-01-03,中山,2000,DIRT,G1,3,2,H0000205,ウマ0205,牡,2021,渡辺 美咲,55.0,26,0.208,0.138,0.358,7
18,レース0018,2025-01-03,中山,2000,DIRT,G1,4,2,H0000206,ウマ0206,牝,2022,加藤 楓,57.0,6,0.218,0.176,0.538,3
18,レース0018,2025-01-03,中山,2000,DIRT,G1,5,3,H0000207,ウマ0207,牝,2022,中村 駿,54.0,10,0.138,0.181,0.535,8
18,レース0018,2025-01-03,中山,2000,DIRT,G1,6,3,H0000208,ウマ0208,セ,2021,高橋 大輔,56.0,27,0.248,0.235,0.46,1
18,レース0018,2025-01-03,中山,2000,DIRT,G1,7,4,H0000209,ウマ0209,牝,2022,小林 蓮,57.0,10,0.341,0.27,0.188,6
18,レース0018,2025-01-03,中山,2000,DIRT,G1,8,4,H0000210,ウマ0210,セ,2022,小林 蓮,54.0,12,0.218,0.14,0.714,2
18,レース0018,2025-01-03,中山,2000,DIRT,G1,9,5,H0000211,ウマ0211,牝,2020,中村 駿,56.0,4,0.01,0.108,0.212,10
18,レース0018,2025-01-03,中山,2000,DIRT,G1,10,5,H0000212,ウマ0212,牝,2022,小林 蓮,58.0,27,0.258,0.1,0.499,5
19,レース0019,2025-07-12,京都,1400,TURF,G2,1,1,H0000213,ウマ0213,牝,2022,田中 一郎,55.0,4,0.203,0.086,0.83,2
19,レース0019,2025-07-12,京都,1400,TURF,G2,2,1,H0000214,ウマ0214,牡,2022,加藤 楓,57.0,7,0.124,0.207,0.619,9
19,レース0019,2025-07-12,京都,1400,TURF,G2,3,2,H0000215,ウマ0215,セ,2022,加藤 楓,56.0,18,0.122,0.191,0.837,3
19,レース0019,2025-07-12,京都,1400,TURF,G2,4,2,H0000216,ウマ0216,セ,2020,中村 駿,54.0,21,0.414,0.119,0.403,4
19,レース0019,2025-07-12,京都,1400,TURF,G2,5,3,H0000217,ウマ0217,セ,2022,山本 陽,58.0,10,0.112,0.23,0.726,5
19,レース0019,2025-07-12,京都,1400,TURF,G2,6,3,H0000218,ウマ0218,セ,2022,中村 駿,55.0,7,0.089,0.118,0.316,15
19,レース0019,2025-07-12,京都,1400,TURF,G2,7,4,H0000219,ウマ0219,牝,2021,佐藤 健,55.0,16,0.209,0.096,0.299,16
19,レース0019,2025-07-12,京都,1400,TURF,G2,8,4,H0000220,ウマ0220,セ,2022,田中 一郎,58.0,25,0.118,0.111,0.378,10
19,レース0019,2025-07-12,京都,1400,TURF,G2,9,5,H0000221,ウマ0221,牡,2021,加藤 楓,58.0,13,0.22,0.156,0.43,11
19,レース0019,2025-07-12,京都,1400,TURF,G2,10,5,H0000222,ウマ0222,牡,2020,伊藤 翼,56.0,20,0.298,0.058,0.473,7
19,レース0019,2025-07-12,京都,1400,TURF,G2,11,6,H0000223,ウマ0223,牝,2021,小林 蓮,55.0,14,0.116,0.244,0.857,1
19,レース0019,2025-07-12,京都,1400,TURF,G2,12,6,H0000224,ウマ0224,セ,2022,加藤 楓,56.0,15,0.163,0.03,0.394,14
19,レース0019,2025-07-12,京都,1400,TURF,G2,13,7,H0000225,ウマ0225,牝,2022,鈴木 花子,55.0,14,0.252,0.099,0.376,12
19,レース0019,2025-07-12,京都,1400,TURF,G2,14,7,H0000226,ウマ0226,セ,2021,加藤 楓,57.0,25,0.308,0.195,0.429,8
19,レース0019,2025-07-12,京都,1400,TURF,G2,15,8,H0000227,ウマ0227,セ,2020,高橋 大輔,54.0,4,0.174,0.154,0.542,6
19,レース0019,2025-07-12,京都,1400,TURF,G2,16,8,H0000228,ウマ0228,牡,2020,加藤 楓,57.0,8,0.114,0.166,0.645,13
20,レース0020,2025-05-11,阪神,2400,DIRT,OP,1,1,H0000229,ウマ0229,セ,2020,佐藤 健,55.0,16,0.173,0.147,0.581,7
20,レース0020,2025-05-11,阪神,2400,DIRT,OP,2,1,H0000230,ウマ0230,牝,2021,佐藤 健,54.0,26,0.05,0.153,0.475,1
20,レース0020,2025-05-11,阪神,2400,DIRT,OP,3,2,H0000231,ウマ0231,牝,2021,小林 蓮,58.0,23,0.38,0.103,0.568,2
20,レース0020,2025-05-11,阪神,2400,DIRT,OP,4,2,H0000232,ウマ0232,牝,2021,高橋 大輔,55.0,28,0.171,0.074,0.494,8
20,レース0020,2025-05-11,阪神,2400,DIRT,OP,5,3,H0000233,ウマ0233,牝,2021,山本 陽,55.0,24,0.221,0.149,0.416,14
20,レース0020,2025-05-11,阪神,2400,DIRT,OP,6,3,H0000234,ウマ0234,セ,2021,鈴木 花子,57.0,15,0.198,0.131,0.438,6
20,レース0020,2025-05-11,阪神,2400,DIRT,OP,7,4,H0000235,ウマ0235,牝,2020,小林 蓮,55.0,27,0.152,0.102,0.651,11
20,レース0020,2025-05-11,阪神,2400,DIRT,OP,8,4,H0000236,ウマ0236,牡,2021,渡辺 美咲,58.0,25,0.242,0.125,0.71,3
20,レース0020,2025-05-11,阪神,2400,DIRT,OP,9,5,H0000237,ウマ0237,セ,2021,鈴木 花子,58.0,23,0.191,0.204,0.446,5
20,レース0020,2025-05-11,阪神,2400,DIRT,OP,10,5,H0000238,ウマ0238,牡,2021,佐藤 健,58.0,17,0.191,0.166,0.474,9
20,レース0020,2025-05-11,阪神,2400,DIRT,OP,11,6,H0000239,ウマ0239,セ,2020,高橋 大輔,57.0,24,0.178,0.062,0.354,10
20,レース0020,2025-05-11,阪神,2400,DIRT,OP,12,6,H0000240,ウマ0240,セ,2022,渡辺 美咲,54.0,5,0.237,0.133,0.184,12
20,レース0020,2025-05-11,阪神,2400,DIRT,OP,13,7,H0000241,ウマ0241,牡,2020,渡辺 美咲,55.0,30,0.218,0.118,0.735,4
20,レース0020,2025-05-11,阪神,2400,DIRT,OP,14,7,H0000242,ウマ0242,牝,2020,加藤 楓,55.0,17,0.009,0.105,0.539,13
21,レース0021,2025-08-19,阪神,2000,TURF,1勝,1,1,H0000243,ウマ0243,牡,2022,高橋 大輔,57.0,21,0.274,0.15,0.651,3
21,レース0021,2025-08-19,阪神,2000,TURF,1勝,2,1,H0000244,ウマ0244,牡,2020,小林 蓮,54.0,4,0.045,0.177,0.634,5
21,レース0021,2025-08-19,阪神,2000,TURF,1勝,3,2,H0000245,ウマ0245,牝,2021,中村 駿,57.0,15,0.167,0.161,0.72,4
21,レース0021,2025-08-19,阪神,2000,TURF,1勝,4,2,H0000246,ウマ0246,牝,2020,佐藤 健,58.0,20,0.277,0.243,0.774,2
21,レース0021,2025-08-19,阪神,2000,TURF,1勝,5,3,H0000247,ウマ0247,牝,2022,加藤 楓,54.0,16,0.143,0.146,0.889,1
21,レース0021,2025-08-19,阪神,2000,TURF,1勝,6,3,H0000248,ウマ0248,牡,2021,高橋 大輔,55.0,26,0.157,0.039,0.483,7
21,レース0021,2025-08-19,阪神,2000,TURF,1勝,7,4,H0000249,ウマ0249,牡,2020,山本 陽,54.0,4,0.182,0.117,0.417,6
21,レース0021,2025-08-19,阪神,2000,TURF,1勝,8,4,H0000250,ウマ0250,牡,2021,小林 蓮,54.0,10,0.075,0.06,0.639,8
22,レース0022,2025-04-27,中山,1400,TURF,3勝,1,1,H0000251,ウマ0251,牡,2022,加藤 楓,56.0,10,0.282,0.097,0.276,14
22,レース0022,2025-04-27,中山,1400,TURF,3勝,2,1,H0000252,ウマ0252,セ,2020,中村 駿,58.0,20,0.108,0.096,0.625,2
22,レース0022,2025-04-27,中山,1400,TURF,3勝,3,2,H0000253,ウマ0253,牝,2021,佐藤 健,58.0,12,0.0,0.134,0.801,11
22,レース0022,2025-04-27,中山,1400,TURF,3勝,4,2,H0000254,ウマ0254,牡,2021,佐藤 健,57.0,28,0.132,0.07,0.761,8
22,レース0022,2025-04-27,中山,1400,TURF,3勝,5,3,H0000255,ウマ0255,牡,2021,高橋 大輔,58.0,13,0.15,0.134,0.391,15
22,レース0022,2025-04-27,中山,1400,TURF,3勝,6,3,H0000256,ウマ0256,セ,2020,田中 一郎,56.0,11,0.229,0.062,0.226,16
22,レース0022,2025-04-27,中山,1400,TURF,3勝,7,4,H0000257,ウマ0257,セ,2020,小林 蓮,58.0,9,0.092,0.178,0.618,7
22,レース0022,2025-04-27,中山,1400,TURF,3勝,8,4,H0000258,ウマ0258,牡,2022,鈴木 花子,54.0,26,0.189,0.161,0.432,10
22,レース0022,2025-04-27,中山,1400,TURF,3勝,9,5,H0000259,ウマ0259,牡,2022,渡辺 美咲,55.0,27,0.283,0.13,0.561,4
22,レース0022,2025-04-27,中山,1400,TURF,3勝,10,5,H0000260,ウマ0260,牝,2022,小林 蓮,56.0,17,0.302,0.118,0.747,1
22,レース0022,2025-04-27,中山,1400,TURF,3勝,11,6,H0000261,ウマ0261,牝,2020,山本 陽,55.0,30,0.387,0.212,0.212,6
22,レース0022,2025-04-27,中山,1400,TURF,3勝,12,6,H0000262,ウマ0262,セ,2022,中村 駿,56.0,12,0.213,0.135,0.649,3
22,レース0022,2025-04-27,中山,1400,TURF,3勝,13,7,H0000263,ウマ0263,セ,2021,伊藤 翼,57.0,27,0.226,0.167,0.302,9
22,レース0022,2025-04-27,中山,1400,TURF,3勝,14,7,H0000264,ウマ0264,セ,2021,佐藤 健,57.0,7,0.297,0.187,0.128,12
22,レース0022,2025-04-27,中山,1400,TURF,3勝,15,8,H0000265,ウマ0265,牡,2022,田中 一郎,54.0,27,0.161,0.073,0.745,5
22,レース0022,2025-04-27,中山,1400,TURF,3勝,16,8,H0000266,ウマ0266,牡,2020,高橋 大輔,55.0,19,0.124,0.157,0.554,13
23,レース0023,2025-11-16,京都,2000,TURF,未勝利,1,1,H0000267,ウマ0267,牝,2020,加藤 楓,56.0,29,0.29,0.136,0.522,2
23,レース0023,2025-11-16,京都,2000,TURF,未勝利,2,1,H0000268,ウマ0268,牡,2022,佐藤 健,55.0,10,0.189,0.113,0.369,12
23,レース0023,2025-11-16,京都,2000,TURF,未勝利,3,2,H0000269,ウマ0269,牝,2021,山本 陽,57.0,10,0.219,0.187,0.607,6
23,レース0023,2025-11-16,京都,2000,TURF,未勝利,4,2,H0000270,ウマ0270,セ,2020,鈴木 花子,54.0,15,0.115,0.166,0.542,7
23,レース0023,2025-11-16,京都,2000,TURF,未勝利,5,3,H0000271,ウマ0271,牝,2022,渡辺 美咲,55.0,21,0.097,0.174,0.573,11
23,レース0023,2025-11-16,京都,2000,TURF,未勝利,6,3,H0000272,ウマ0272,牡,2020,山本 陽,58.0,18,0.184,0.264,0.481,1
23,レース0023,2025-11-16,京都,2000,TURF,未勝利,7,4,H0000273,ウマ0273,牡,2020,渡辺 美咲,58.0,3,0.153,0.243,0.492,5
23,レース0023,2025-11-16,京都,2000,TURF,未勝利,8,4,H0000274,ウマ0274,牝,2020,山本 陽,57.0,10,0.113,0.195,0.493,3
23,レース0023,2025-11-16,京都,2000,TURF,未勝利,9,5,H0000275,ウマ0275,牡,2022,鈴木 花子,57.0,19,0.02,0.09,0.451,14
23,レース0023,2025-11-16,京都,2000,TURF,未勝利,10,5,H0000276,ウマ0276,牡,2021,山本 陽,54.0,27,0.079,0.129,0.384,15
23,レース0023,2025-11-16,京都,2000,TURF,未勝利,11,6,H0000277,ウマ0277,牝,2021,高橋 大輔,56.0,14,0.089,0.086,0.707,4
23,レース0023,2025-11-16,京都,2000,TURF,未勝利,12,6,H0000278,ウマ0278,セ,2021,鈴木 花子,55.0,27,0.164,0.084,0.493,9
23,レース0023,2025-11-16,京都,2000,TURF,未勝利,13,7,H0000279,ウマ0279,セ,2020,中村 駿,55.0,13,0.062,0.069,0.533,13
23,レース0023,2025-11-16,京都,2000,TURF,未勝利,14,7,H0000280,ウマ0280,牝,2020,佐藤 健,56.0,5,0.144,0.116,0.611,8
23,レース0023,2025-11-16,京都,2000,TURF,未勝利,15,8,H0000281,ウマ0281,セ,2020,山本 陽,54.0,22,0.218,0.18,0.376,10
24,レース0024,2025-07-25,阪神,1600,TURF,1勝,1,1,H0000282,ウマ0282,牡,2022,中村 駿,55.0,8,0.149,0.223,0.746,3
24,レース0024,2025-07-25,阪神,1600,TURF,1勝,2,1,H0000283,ウマ0283,牝,2021,鈴木 花子,57.0,14,0.229,0.162,0.485,9
24,レース0024,2025-07-25,阪神,1600,TURF,1勝,3,2,H0000284,ウマ0284,牡,2021,鈴木 花子,57.0,7,0.181,0.13,0.685,7
24,レース0024,2025-07-25,阪神,1600,TURF,1勝,4,2,H0000285,ウマ0285,牝,2022,山本 陽,56.0,7,0.106,0.245,0.426,12
24,レース0024,2025-07-25,阪神,1600,TURF,1勝,5,3,H0000286,ウマ0286,牡,2021,渡辺 美咲,55.0,12,0.289,0.109,0.783,2
24,レース0024,2025-07-25,阪神,1600,TURF,1勝,6,3,H0000287,ウマ0287,牝,2021,鈴木 花子,56.0,21,0.168,0.06,0.858,6
24,レース0024,2025-07-25,阪神,1600,TURF,1勝,7,4,H0000288,ウマ0288,セ,2020,小林 蓮,55.0,25,0.148,0.183,1.0,1
24,レース0024,2025-07-25,阪神,1600,TURF,1勝,8,4,H0000289,ウマ0289,牡,2022,伊藤 翼,57.0,10,0.22,0.217,0.583,4
24,レース0024,2025-07-25,阪神,1600,TURF,1勝,9,5,H0000290,ウマ0290,牡,2021,山本 陽,57.0,18,0.15,0.13,0.654,5
24,レース0024,2025-07-25,阪神,1600,TURF,1勝,10,5,H0000291,ウマ0291,牝,2022,加藤 楓,57.0,22,0.083,0.099,0.872,8
24,レース0024,2025-07-25,阪神,1600,TURF,1勝,11,6,H0000292,ウマ0292,牝,2020,山本 陽,55.0,4,0.096,0.116,0.492,11
24,レース0024,2025-07-25,阪神,1600,TURF,1勝,12,6,H0000293,ウマ0293,牝,2020,田中 一郎,56.0,6,0.061,0.102,0.266,13
24,レース0024,2025-07-25,阪神,1600,TURF,1勝,13,7,H0000294,ウマ0294,セ,2022,高橋 大輔,58.0,17,0.0,0.127,0.765,10
25,レース0025,2025-06-01,阪神,2400,DIRT,G3,1,1,H0000295,ウマ0295,牝,2021,高橋 大輔,55.0,19,0.105,0.135,0.617,11
25,レース0025,2025-06-01,阪神,2400,DIRT,G3,2,1,H0000296,ウマ0296,牝,2021,鈴木 花子,57.0,12,0.162,0.073,0.572,9
25,レース0025,2025-06-01,阪神,2400,DIRT,G3,3,2,H0000297,ウマ0297,牡,2022,高橋 大輔,54.0,19,0.316,0.152,0.713,1
25,レース0025,2025-06-01,阪神,2400,DIRT,G3,4,2,H0000298,ウマ0298,牝,2020,中村 駿,58.0,23,0.192,0.144,0.645,7
25,レース0025,2025-06-01,阪神,2400,DIRT,G3,5,3,H0000299,ウマ0299,牝,2022,中村 駿,58.0,15,0.232,0.196,0.51,2
25,レース0025,2025-06-01,阪神,2400,DIRT,G3,6,3,H0000300,ウマ0300,牡,2022,鈴木 花子,56.0,28,0.189,0.165,0.553,5
25,レース0025,2025-06-01,阪神,2400,DIRT,G3,7,4,H0000301,ウマ0301,牝,2022,渡辺 美咲,56.0,22,0.22,0.107,0.459,8
25,レース0025,2025-06-01,阪神,2400,DIRT,G3,8,4,H0000302,ウマ0302,牝,2022,佐藤 健,54.0,29,0.268,0.092,0.666,3
25,レース0025,2025-06-01,阪神,2400,DIRT,G3,9,5,H0000303,ウマ0303,牡,2021,鈴木 花子,55.0,8,0.105,0.05,0.76,10
25,レース0025,2025-06-01,阪神,2400,DIRT,G3,10,5,H0000304,ウマ0304,牡,2022,中村 駿,57.0,16,0.121,0.111,0.621,12
25,レース0025,2025-06-01,阪神,2400,DIRT,G3,11,6,H0000305,ウマ0305,牝,2021,佐藤 健,55.0,8,0.23,0.195,0.46,6
25,レース0025,2025-06-01,阪神,2400,DIRT,G3,12,6,H0000306,ウマ0306,牡,2021,佐藤 健,54.0,9,0.059,0.108,0.731,4
25,レース0025,2025-06-01,阪神,2400,DIRT,G3,13,7,H0000307,ウマ0307,牝,2021,佐藤 健,57.0,5,0.272,0.03,0.34,13
26,レース0026,2025-04-18,中山,1200,DIRT,3勝,1,1,H0000308,ウマ0308,牝,2022,加藤 楓,58.0,6,0.176,0.109,0.854,2
26,レース0026,2025-04-18,中山,1200,DIRT,3勝,2,1,H0000309,ウマ0309,牡,2022,小林 蓮,58.0,20,0.116,0.113,0.018,8
26,レース0026,2025-04-18,中山,1200,DIRT,3勝,3,2,H0000310,ウマ0310,牡,2021,伊藤 翼,55.0,14,0.106,0.14,0.736,4
26,レース0026,2025-04-18,中山,1200,DIRT,3勝,4,2,H0000311,ウマ0311,セ,2022,渡辺 美咲,55.0,30,0.205,0.114,0.61,5
26,レース0026,2025-04-18,中山,1200,DIRT,3勝,5,3,H0000312,ウマ0312,牡,2020,田中 一郎,55.0,21,0.146,0.113,0.303,7
26,レース0026,2025-04-18,中山,1200,DIRT,3勝,6,3,H0000313,ウマ0313,牝,2022,鈴木 花子,56.0,7,0.137,0.163,0.396,6
26,レース0026,2025-04-18,中山,1200,DIRT,3勝,7,4,H0000314,ウマ0314,セ,2020,佐藤 健,54.0,10,0.161,0.215,0.477,1
26,レース0026,2025-04-18,中山,1200,DIRT,3勝,8,4,H0000315,ウマ0315,セ,2022,伊藤 翼,57.0,23,0.228,0.165,0.555,3
27,レース0027,2025-07-17,阪神,1200,DIRT,G2,1,1,H0000316,ウマ0316,牝,2021,山本 陽,56.0,3,0.353,0.13,0.273,7
27,レース0027,2025-07-17,阪神,1200,DIRT,G2,2,1,H0000317,ウマ0317,セ,2021,高橋 大輔,56.0,16,0.299,0.059,0.952,1
27,レース0027,2025-07-17,阪神,1200,DIRT,G2,3,2,H0000318,ウマ0318,牝,2022,山本 陽,56.0,7,0.313,0.156,0.363,4
27,レース0027,2025-07-17,阪神,1200,DIRT,G2,4,2,H0000319,ウマ0319,セ,2021,田中 一郎,54.0,6,0.085,0.107,0.399,14
27,レース0027,2025-07-17,阪神,1200,DIRT,G2,5,3,H0000320,ウマ0320,牝,2020,佐藤 健,57.0,23,0.293,0.156,0.505,10
27,レース0027,2025-07-17,阪神,1200,DIRT,G2,6,3,H0000321,ウマ0321,牝,2022,佐藤 健,56.0,4,0.121,0.226,0.607,9
27,レース0027,2025-07-17,阪神,1200,DIRT,G2,7,4,H0000322,ウマ0322,牡,2022,鈴木 花子,55.0,3,0.152,0.096,0.643,8
27,レース0027,2025-07-17,阪神,1200,DIRT,G2,8,4,H0000323,ウマ0323,セ,2021,鈴木 花子,57.0,30,0.188,0.15,0.369,13
27,レース0027,2025-07-17,阪神,1200,DIRT,G2,9,5,H0000324,ウマ0324,牡,2022,鈴木 花子,54.0,6,0.12,0.106,0.595,12
27,レース0027,2025-07-17,阪神,1200,DIRT,G2,10,5,H0000325,ウマ0325,セ,2020,鈴木 花子,55.0,19,0.108,0.225,0.752,3
27,レース0027,2025-07-17,阪神,1200,DIRT,G2,11,6,H0000326,ウマ0326,セ,2020,佐藤 健,55.0,16,0.298,0.067,0.454,6
27,レース0027,2025-07-17,阪神,1200,DIRT,G2,12,6,H0000327,ウマ0327,セ,2022,中村 駿,55.0,14,0.107,0.094,0.628,5
27,レース0027,2025-07-17,阪神,1200,DIRT,G2,13,7,H0000328,ウマ0328,セ,2020,高橋 大輔,55.0,20,0.368,0.172,0.514,2
27,レース0027,2025-07-17,阪神,1200,DIRT,G2,14,7,H0000329,ウマ0329,セ,2021,高橋 大輔,54.0,19,0.064,0.083,0.457,11
28,レース0028,2025-04-16,中山,1600,DIRT,G1,1,1,H0000330,ウマ0330,牡,2021,渡辺 美咲,58.0,7,0.389,0.102,0.638,4
28,レース0028,2025-04-16,中山,1600,DIRT,G1,2,1,H0000331,ウマ0331,牡,2020,山本 陽,55.0,5,0.05,0.192,0.351,14
28,レース0028,2025-04-16,中山,1600,DIRT,G1,3,2,H0000332,ウマ0332,牝,2022,伊藤 翼,54.0,23,0.234,0.165,0.561,2
28,レース0028,2025-04-16,中山,1600,DIRT,G1,4,2,H0000333,ウマ0333,牡,2021,鈴木 花子,58.0,12,0.144,0.047,0.388,15
28,レース0028,2025-04-16,中山,1600,DIRT,G1,5,3,H0000334,ウマ0334,牝,2022,鈴木 花子,55.0,12,0.222,0.229,0.743,3
28,レース0028,2025-04-16,中山,1600,DIRT,G1,6,3,H0000335,ウマ0335,牡,2021,山本 陽,54.0,22,0.134,0.053,0.585,6
28,レース0028,2025-04-16,中山,1600,DIRT,G1,7,4,H0000336,ウマ0336,セ,2020,田中 一郎,55.0,8,0.154,0.2,0.64,8
28,レース0028,2025-04-16,中山,1600,DIRT,G1,8,4,H0000337,ウマ0337,牡,2022,伊藤 翼,56.0,26,0.097,0.131,0.217,16
28,レース0028,2025-04-16,中山,1600,DIRT,G1,9,5,H0000338,ウマ0338,牝,2021,加藤 楓,54.0,5,0.162,0.195,0.348,13
28,レース0028,2025-04-16,中山,1600,DIRT,G1,10,5,H0000339,ウマ0339,牝,2022,佐藤 健,58.0,14,0.16,0.265,0.403,12
28,レース0028,2025-04-16,中山,1600,DIRT,G1,11,6,H0000340,ウマ0340,牡,2020,加藤 楓,58.0,3,0.104,0.177,0.809,5
28,レース0028,2025-04-16,中山,1600,DIRT,G1,12,6,H0000341,ウマ0341,牡,2020,加藤 楓,57.0,28,0.353,0.157,0.557,1
28,レース0028,2025-04-16,中山,1600,DIRT,G1,13,7,H0000342,ウマ0342,牡,2021,渡辺 美咲,57.0,11,0.282,0.2,0.398,9
28,レース0028,2025-04-16,中山,1600,DIRT,G1,14,7,H0000343,ウマ0343,セ,2020,中村 駿,54.0,5,0.234,0.072,0.747,7
28,レース0028,2025-04-16,中山,1600,DIRT,G1,15,8,H0000344,ウマ0344,セ,2021,田中 一郎,56.0,14,0.272,0.202,0.298,11
28,レース0028,2025-04-16,中山,1600,DIRT,G1,16,8,H0000345,ウマ0345,牝,2020,加藤 楓,57.0,27,0.215,0.191,0.466,10
29,レース0029,2025-04-18,中山,1800,TURF,G1,1,1,H0000346,ウマ0346,牡,2022,中村 駿,54.0,30,0.299,0.076,0.833,1
29,レース0029,2025-04-18,中山,1800,TURF,G1,2,1,H0000347,ウマ0347,牡,2020,伊藤 翼,57.0,5,0.174,0.087,0.693,6
29,レース0029,2025-04-18,中山,1800,TURF,G1,3,2,H0000348,ウマ0348,牝,2021,鈴木 花子,58.0,21,0.427,0.165,0.586,3
29,レース0029,2025-04-18,中山,1800,TURF,G1,4,2,H0000349,ウマ0349,セ,2020,高橋 大輔,58.0,12,0.22,0.145,0.58,10
29,レース0029,2025-04-18,中山,1800,TURF,G1,5,3,H0000350,ウマ0350,セ,2021,渡辺 美咲,57.0,17,0.148,0.127,0.706,4
29,レース0029,2025-04-18,中山,1800,TURF,G1,6,3,H0000351,ウマ0351,牡,2020,小林 蓮,58.0,17,0.175,0.15,0.642,9
29,レース0029,2025-04-18,中山,1800,TURF,G1,7,4,H0000352,ウマ0352,牡,2021,伊藤 翼,56.0,17,0.33,0.12,0.634,2
29,レース0029,2025-04-18,中山,1800,TURF,G1,8,4,H0000353,ウマ0353,牝,2020,鈴木 花子,58.0,25,0.176,0.155,0.7,8
29,レース0029,2025-04-18,中山,1800,TURF,G1,9,5,H0000354,ウマ0354,牝,2021,佐藤 健,58.0,3,0.295,0.131,0.719,5
29,レース0029,2025-04-18,中山,1800,TURF,G1,10,5,H0000355,ウマ0355,牡,2020,田中 一郎,54.0,4,0.349,0.101,0.336,7
29,レース0029,2025-04-18,中山,1800,TURF,G1,11,6,H0000356,ウマ0356,牝,2021,鈴木 花子,55.0,21,0.141,0.199,0.102,11
30,レース0030,2025-11-15,東京,1200,TURF,OP,1,1,H0000357,ウマ0357,牝,2020,佐藤 健,54.0,21,0.194,0.11,0.738,8
30,レース0030,2025-11-15,東京,1200,TURF,OP,2,1,H0000358,ウマ0358,セ,2021,佐藤 健,57.0,14,0.046,0.057,0.668,12
30,レース0030,2025-11-15,東京,1200,TURF,OP,3,2,H0000359,ウマ0359,セ,2020,伊藤 翼,54.0,18,0.193,0.161,0.48,7
30,レース0030,2025-11-15,東京,1200,TURF,OP,4,2,H0000360,ウマ0360,牝,2020,中村 駿,54.0,9,0.363,0.076,0.67,6
30,レース0030,2025-11-15,東京,1200,TURF,OP,5,3,H0000361,ウマ0361,牝,2022,渡辺 美咲,58.0,18,0.08,0.06,0.553,10
30,レース0030,2025-11-15,東京,1200,TURF,OP,6,3,H0000362,ウマ0362,牝,2021,佐藤 健,58.0,3,0.45,0.075,0.493,5
30,レース0030,2025-11-15,東京,1200,TURF,OP,7,4,H0000363,ウマ0363,牝,2022,渡辺 美咲,54.0,27,0.153,0.162,0.798,4
30,レース0030,2025-11-15,東京,1200,TURF,OP,8,4,H0000364,ウマ0364,セ,2020,伊藤 翼,55.0,20,0.085,0.099,0.484,11
30,レース0030,2025-11-15,東京,1200,TURF,OP,9,5,H0000365,ウマ0365,牝,2021,佐藤 健,55.0,8,0.261,0.03,1.0,3
30,レース0030,2025-11-15,東京,1200,TURF,OP,10,5,H0000366,ウマ0366,牡,2022,渡辺 美咲,56.0,21,0.284,0.134,0.707,2
30,レース0030,2025-11-15,東京,1200,TURF,OP,11,6,H0000367,ウマ0367,牡,2021,田中 一郎,57.0,5,0.073,0.105,0.753,9
30,レース0030,2025-11-15,東京,1200,TURF,OP,12,6,H0000368,ウマ0368,牡,2021,山本 陽,54.0,9,0.428,0.194,0.634,1
31,レース0031,2025-01-05,京都,1600,TURF,G1,1,1,H0000369,ウマ0369,牝,2022,中村 駿,56.0,21,0.008,0.072,0.603,3
31,レース0031,2025-01-05,京都,1600,TURF,G1,2,1,H0000370,ウマ0370,セ,2021,小林 蓮,55.0,23,0.008,0.164,0.64,1
31,レース0031,2025-01-05,京都,1600,TURF,G1,3,2,H0000371,ウマ0371,牡,2022,山本 陽,58.0,29,0.122,0.201,0.2,9
31,レース0031,2025-01-05,京都,1600,TURF,G1,4,2,H0000372,ウマ0372,セ,2020,山本 陽,56.0,15,0.108,0.149,0.687,6
31,レース0031,2025-01-05,京都,1600,TURF,G1,5,3,H0000373,ウマ0373,セ,2020,山本 陽,56.0,6,0.271,0.061,0.446,2
31,レース0031,2025-01-05,京都,1600,TURF,G1,6,3,H0000374,ウマ0374,牝,2020,鈴木 花子,54.0,29,0.157,0.155,0.512,7
31,レース0031,2025-01-05,京都,1600,TURF,G1,7,4,H0000375,ウマ0375,セ,2020,渡辺 美咲,56.0,11,0.147,0.061,0.698,5
31,レース0031,2025-01-05,京都,1600,TURF,G1,8,4,H0000376,ウマ0376,セ,2021,佐藤 健,54.0,16,0.116,0.148,0.27,10
31,レース0031,2025-01-05,京都,1600,TURF,G1,9,5,H0000377,ウマ0377,セ,2022,高橋 大輔,57.0,8,0.092,0.132,0.47,8
31,レース0031,2025-01-05,京都,1600,TURF,G1,10,5,H0000378,ウマ0378,牝,2021,鈴木 花子,54.0,5,0.168,0.045,0.647,4
32,レース0032,2025-09-03,中山,1400,DIRT,G2,1,1,H0000379,ウマ0379,牡,2022,中村 駿,57.0,8,0.043,0.254,0.77,3
32,レース0032,2025-09-03,中山,1400,DIRT,G2,2,1,H0000380,ウマ0380,セ,2022,加藤 楓,55.0,11,0.093,0.172,0.603,9
32,レース0032,2025-09-03,中山,1400,DIRT,G2,3,2,H0000381,ウマ0381,牡,2020,渡辺 美咲,58.0,3,0.14,0.094,0.698,5
32,レース0032,2025-09-03,中山,1400,DIRT,G2,4,2,H0000382,ウマ0382,牡,2020,高橋 大輔,58.0,8,0.231,0.092,0.616,7
32,レース0032,2025-09-03,中山,1400,DIRT,G2,5,3,H0000383,ウマ0383,セ,2021,鈴木 花子,57.0,23,0.02,0.03,0.462,13
32,レース0032,2025-09-03,中山,1400,DIRT,G2,6,3,H0000384,ウマ0384,牝,2020,伊藤 翼,57.0,17,0.187,0.099,0.518,10
32,レース0032,2025-09-03,中山,1400,DIRT,G2,7,4,H0000385,ウマ0385,牝,2022,中村 駿,54.0,27,0.117,0.138,0.543,12
32,レース0032,2025-09-03,中山,1400,DIRT,G2,8,4,H0000386,ウマ0386,牝,2022,小林 蓮,57.0,21,0.212,0.076,0.428,8
32,レース0032,2025-09-03,中山,1400,DIRT,G2,9,5,H0000387,ウマ0387,セ,2022,山本 陽,54.0,7,0.255,0.092,0.892,2
32,レース0032,2025-09-03,中山,1400,DIRT,G2,10,5,H0000388,ウマ0388,牡,2020,高橋 大輔,55.0,7,0.272,0.191,0.758,1
32,レース0032,2025-09-03,中山,1400,DIRT,G2,11,6,H0000389,ウマ0389,牝,2021,鈴木 花子,55.0,5,0.215,0.135,0.501,4
32,レース0032,2025-09-03,中山,1400,DIRT,G2,12,6,H0000390,ウマ0390,セ,2021,田中 一郎,56.0,28,0.125,0.092,0.667,6
32,レース0032,2025-09-03,中山,1400,DIRT,G2,13,7,H0000391,ウマ0391,セ,2022,鈴木 花子,55.0,6,0.143,0.067,0.567,11
33,レース0033,2025-07-21,京都,1800,DIRT,3勝,1,1,H0000392,ウマ0392,牝,2020,山本 陽,54.0,22,0.137,0.062,0.572,7
33,レース0033,2025-07-21,京都,1800,DIRT,3勝,2,1,H0000393,ウマ0393,牝,2021,渡辺 美咲,55.0,3,0.142,0.084,0.257,9
33,レース0033,2025-07-21,京都,1800,DIRT,3勝,3,2,H0000394,ウマ0394,牝,2022,鈴木 花子,56.0,30,0.293,0.083,0.822,1
33,レース0033,2025-07-21,京都,1800,DIRT,3勝,4,2,H0000395,ウマ0395,牝,2022,鈴木 花子,56.0,9,0.191,0.172,0.538,4
33,レース0033,2025-07-21,京都,1800,DIRT,3勝,5,3,H0000396,ウマ0396,セ,2021,田中 一郎,57.0,19,0.025,0.03,0.693,6
33,レース0033,2025-07-21,京都,1800,DIRT,3勝,6,3,H0000397,ウマ0397,牡,2020,高橋 大輔,58.0,29,0.189,0.112,0.504,3
33,レース0033,2025-07-21,京都,1800,DIRT,3勝,7,4,H0000398,ウマ0398,牝,2022,高橋 大輔,54.0,11,0.091,0.135,0.609,5
33,レース0033,2025-07-21,京都,1800,DIRT,3勝,8,4,H0000399,ウマ0399,牝,2022,小林 蓮,54.0,8,0.112,0.171,0.225,8
33,レース0033,2025-07-21,京都,1800,DIRT,3勝,9,5,H0000400,ウマ0400,牡,2021,鈴木 花子,58.0,12,0.303,0.185,0.5,2
34,レース0034,2025-04-21,阪神,1400,TURF,OP,1,1,H0000401,ウマ0401,牡,2022,佐藤 健,54.0,22,0.19,0.164,0.425,6
34,レース0034,2025-04-21,阪神,1400,TURF,OP,2,1,H0000402,ウマ0402,牝,2022,伊藤 翼,58.0,16,0.092,0.141,0.428,7
34,レース0034,2025-04-21,阪神,1400,TURF,OP,3,2,H0000403,ウマ0403,セ,2021,山本 陽,56.0,6,0.319,0.07,0.428,4
34,レース0034,2025-04-21,阪神,1400,TURF,OP,4,2,H0000404,ウマ0404,セ,2022,伊藤 翼,56.0,12,0.196,0.3,0.582,2
34,レース0034,2025-04-21,阪神,1400,TURF,OP,5,3,H0000405,ウマ0405,牝,2022,伊藤 翼,56.0,9,0.139,0.077,0.475,5
34,レース0034,2025-04-21,阪神,1400,TURF,OP,6,3,H0000406,ウマ0406,セ,2021,渡辺 美咲,54.0,24,0.242,0.18,0.798,1
34,レース0034,2025-04-21,阪神,1400,TURF,OP,7,4,H0000407,ウマ0407,セ,2020,山本 陽,57.0,25,0.193,0.139,0.399,8
34,レース0034,2025-04-21,阪神,1400,TURF,OP,8,4,H0000408,ウマ0408,牡,2022,加藤 楓,56.0,23,0.181,0.222,0.539,3
35,レース0035,2025-05-04,京都,1400,DIRT,G3,1,1,H0000409,ウマ0409,牝,2022,鈴木 花子,55.0,10,0.035,0.145,0.514,6
35,レース0035,2025-05-04,京都,1400,DIRT,G3,2,1,H0000410,ウマ0410,牝,2021,伊藤 翼,56.0,21,0.066,0.079,0.785,9
35,レース0035,2025-05-04,京都,1400,DIRT,G3,3,2,H0000411,ウマ0411,セ,2020,小林 蓮,58.0,9,0.132,0.224,0.195,14
35,レース0035,2025-05-04,京都,1400,DIRT,G3,4,2,H0000412,ウマ0412,牝,2020,佐藤 健,57.0,7,0.213,0.03,0.549,10
35,レース0035,2025-05-04,京都,1400,DIRT,G3,5,3,H0000413,ウマ0413,セ,2020,鈴木 花子,57.0,18,0.262,0.128,0.929,3
35,レース0035,2025-05-04,京都,1400,DIRT,G3,6,3,H0000414,ウマ0414,牡,2021,伊藤 翼,56.0,9,0.165,0.057,1.0,2
35,レース0035,2025-05-04,京都,1400,DIRT,G3,7,4,H0000415,ウマ0415,牝,2022,中村 駿,54.0,15,0.184,0.1,0.569,11
35,レース0035,2025-05-04,京都,1400,DIRT,G3,8,4,H0000416,ウマ0416,牡,2022,渡辺 美咲,54.0,3,0.076,0.079,0.638,13
35,レース0035,2025-05-04,京都,1400,DIRT,G3,9,5,H0000417,ウマ0417,牡,2020,渡辺 美咲,54.0,12,0.298,0.077,0.516,4
35,レース0035,2025-05-04,京都,1400,DIRT,G3,10,5,H0000418,ウマ0418,牡,2020,伊藤 翼,58.0,12,0.177,0.164,0.678,5
35,レース0035,2025-05-04,京都,1400,DIRT,G3,11,6,H0000419,ウマ0419,牝,2021,高橋 大輔,55.0,8,0.075,0.147,0.36,15
35,レース0035,2025-05-04,京都,1400,DIRT,G3,12,6,H0000420,ウマ0420,牡,2022,佐藤 健,57.0,9,0.166,0.236,0.421,12
35,レース0035,2025-05-04,京都,1400,DIRT,G3,13,7,H0000421,ウマ0421,セ,2021,加藤 楓,54.0,22,0.168,0.064,0.634,8
35,レース0035,2025-05-04,京都,1400,DIRT,G3,14,7,H0000422,ウマ0422,牡,2020,鈴木 花子,54.0,16,0.255,0.284,0.725,1
35,レース0035,2025-05-04,京都,1400,DIRT,G3,15,8,H0000423,ウマ0423,セ,2020,伊藤 翼,55.0,16,0.137,0.139,0.545,7
36,レース0036,2025-07-27,中京,2000,DIRT,G3,1,1,H0000424,ウマ0424,牡,2020,小林 蓮,58.0,9,0.32,0.178,0.422,6
36,レース0036,2025-07-27,中京,2000,DIRT,G3,2,1,H0000425,ウマ0425,牝,2020,田中 一郎,56.0,20,0.059,0.075,0.787,4
36,レース0036,2025-07-27,中京,2000,DIRT,G3,3,2,H0000426,ウマ0426,牡,2020,鈴木 花子,57.0,6,0.0,0.096,0.553,9
36,レース0036,2025-07-27,中京,2000,DIRT,G3,4,2,H0000427,ウマ0427,セ,2020,伊藤 翼,58.0,23,0.248,0.066,0.596,7
36,レース0036,2025-07-27,中京,2000,DIRT,G3,5,3,H0000428,ウマ0428,牡,2020,佐藤 健,56.0,30,0.212,0.148,1.0,1
36,レース0036,2025-07-27,中京,2000,DIRT,G3,6,3,H0000429,ウマ0429,牡,2020,佐藤 健,54.0,24,0.252,0.14,0.6,3
36,レース0036,2025-07-27,中京,2000,DIRT,G3,7,4,H0000430,ウマ0430,牝,2022,鈴木 花子,57.0,14,0.106,0.103,0.422,5
36,レース0036,2025-07-27,中京,2000,DIRT,G3,8,4,H0000431,ウマ0431,セ,2021,中村 駿,56.0,23,0.203,0.101,0.176,8
36,レース0036,2025-07-27,中京,2000,DIRT,G3,9,5,H0000432,ウマ0432,牡,2020,鈴木 花子,55.0,16,0.315,0.153,0.479,2
37,レース0037,2025-06-20,中京,1400,DIRT,1勝,1,1,H0000433,ウマ0433,牝,2020,中村 駿,55.0,17,0.314,0.144,0.806,1
37,レース0037,2025-06-20,中京,1400,DIRT,1勝,2,1,H0000434,ウマ0434,セ,2022,山本 陽,56.0,26,0.0,0.167,0.59,13
37,レース0037,2025-06-20,中京,1400,DIRT,1勝,3,2,H0000435,ウマ0435,セ,2020,中村 駿,58.0,24,0.0,0.075,0.471,12
37,レース0037,2025-06-20,中京,1400,DIRT,1勝,4,2,H0000436,ウマ0436,セ,2022,田中 一郎,57.0,3,0.108,0.122,0.346,14
37,レース0037,2025-06-20,中京,1400,DIRT,1勝,5,3,H0000437,ウマ0437,牝,2021,高橋 大輔,55.0,13,0.147,0.107,0.755,6
37,レース0037,2025-06-20,中京,1400,DIRT,1勝,6,3,H0000438,ウマ0438,牝,2021,高橋 大輔,55.0,5,0.037,0.146,0.539,8
37,レース0037,2025-06-20,中京,1400,DIRT,1勝,7,4,H0000439,ウマ0439,牝,2022,田中 一郎,57.0,6,0.024,0.153,0.214,15
37,レース0037,2025-06-20,中京,1400,DIRT,1勝,8,4,H0000440,ウマ0440,牡,2022,山本 陽,58.0,23,0.237,0.119,0.578,9
37,レース0037,2025-06-20,中京,1400,DIRT,1勝,9,5,H0000441,ウマ0441,牡,2020,小林 蓮,56.0,13,0.144,0.186,0.622,5
37,レース0037,2025-06-20,中京,1400,DIRT,1勝,10,5,H0000442,ウマ0442,牝,2022,小林 蓮,57.0,6,0.309,0.065,0.458,4
37,レース0037,2025-06-20,中京,1400,DIRT,1勝,11,6,H0000443,ウマ0443,牝,2022,鈴木 花子,56.0,4,0.288,0.172,0.719,2
37,レース0037,2025-06-20,中京,1400,DIRT,1勝,12,6,H0000444,ウマ0444,セ,2020,高橋 大輔,57.0,6,0.181,0.176,0.423,10
37,レース0037,2025-06-20,中京,1400,DIRT,1勝,13,7,H0000445,ウマ0445,牝,2020,山本 陽,56.0,6,0.261,0.109,0.247,11
37,レース0037,2025-06-20,中京,1400,DIRT,1勝,14,7,H0000446,ウマ0446,牡,2021,田中 一郎,58.0,19,0.222,0.138,0.355,3
37,レース0037,2025-06-20,中京,1400,DIRT,1勝,15,8,H0000447,ウマ0447,牡,2022,山本 陽,58.0,8,0.17,0.067,0.332,7
38,レース0038,2025-09-13,東京,2400,DIRT,2勝,1,1,H0000448,ウマ0448,牝,2021,小林 蓮,55.0,28,0.229,0.07,0.671,4
38,レース0038,2025-09-13,東京,2400,DIRT,2勝,2,1,H0000449,ウマ0449,セ,2021,加藤 楓,56.0,23,0.242,0.168,0.458,3
38,レース0038,2025-09-13,東京,2400,DIRT,2勝,3,2,H0000450,ウマ0450,セ,2020,佐藤 健,56.0,19,0.038,0.137,0.671,6
38,レース0038,2025-09-13,東京,2400,DIRT,2勝,4,2,H0000451,ウマ0451,セ,2022,中村 駿,58.0,24,0.056,0.111,0.475,7
38,レース0038,2025-09-13,東京,2400,DIRT,2勝,5,3,H0000452,ウマ0452,牝,2020,加藤 楓,56.0,6,0.032,0.129,0.205,8
38,レース0038,2025-09-13,東京,2400,DIRT,2勝,6,3,H0000453,ウマ0453,セ,2021,佐藤 健,55.0,29,0.23,0.134,0.492,1
38,レース0038,2025-09-13,東京,2400,DIRT,2勝,7,4,H0000454,ウマ0454,牡,2021,小林 蓮,55.0,6,0.127,0.211,0.67,2
38,レース0038,2025-09-13,東京,2400,DIRT,2勝,8,4,H0000455,ウマ0455,セ,2022,伊藤 翼,58.0,25,0.079,0.08,0.431,9
38,レース0038,2025-09-13,東京,2400,DIRT,2勝,9,5,H0000456,ウマ0456,セ,2021,加藤 楓,57.0,4,0.156,0.072,0.197,10
38,レース0038,2025-09-13,東京,2400,DIRT,2勝,10,5,H0000457,ウマ0457,セ,2022,渡辺 美咲,57.0,27,0.248,0.133,0.322,5
39,レース0039,2025-05-15,中京,2400,TURF,OP,1,1,H0000458,ウマ0458,セ,2022,鈴木 花子,55.0,15,0.072,0.163,0.795,1
39,レース0039,2025-05-15,中京,2400,TURF,OP,2,1,H0000459,ウマ0459,牝,2022,佐藤 健,56.0,4,0.25,0.14,0.54,12
39,レース0039,2025-05-15,中京,2400,TURF,OP,3,2,H0000460,ウマ0460,セ,2022,伊藤 翼,54.0,18,0.233,0.155,0.681,2
39,レース0039,2025-05-15,中京,2400,TURF,OP,4,2,H0000461,ウマ0461,牡,2022,鈴木 花子,58.0,28,0.208,0.069,0.803,7
39,レース0039,2025-05-15,中京,2400,TURF,OP,5,3,H0000462,ウマ0462,牝,2020,高橋 大輔,58.0,24,0.242,0.078,0.544,9
39,レース0039,2025-05-15,中京,2400,TURF,OP,6,3,H0000463,ウマ0463,セ,2022,田中 一郎,58.0,6,0.138,0.171,0.609,8
39,レース0039,2025-05-15,中京,2400,TURF,OP,7,4,H0000464,ウマ0464,牡,2020,渡辺 美咲,58.0,15,0.327,0.104,0.379,5
39,レース0039,2025-05-15,中京,2400,TURF,OP,8,4,H0000465,ウマ0465,セ,2021,加藤 楓,56.0,28,0.367,0.069,0.381,11
39,レース0039,2025-05-15,中京,2400,TURF,OP,9,5,H0000466,ウマ0466,牡,2021,加藤 楓,56.0,5,0.254,0.072,0.539,6
39,レース0039,2025-05-15,中京,2400,TURF,OP,10,5,H0000467,ウマ0467,牡,2022,高橋 大輔,54.0,30,0.232,0.12,0.765,3
39,レース0039,2025-05-15,中京,2400,TURF,OP,11,6,H0000468,ウマ0468,セ,2022,中村 駿,55.0,23,0.15,0.092,0.236,16
39,レース0039,2025-05-15,中京,2400,TURF,OP,12,6,H0000469,ウマ0469,牡,2020,佐藤 健,56.0,28,0.194,0.112,0.535,15
39,レース0039,2025-05-15,中京,2400,TURF,OP,13,7,H0000470,ウマ0470,牝,2021,小林 蓮,55.0,23,0.162,0.13,0.619,4
39,レース0039,2025-05-15,中京,2400,TURF,OP,14,7,H0000471,ウマ0471,セ,2020,山本 陽,54.0,4,0.115,0.155,0.481,10
39,レース0039,2025-05-15,中京,2400,TURF,OP,15,8,H0000472,ウマ0472,セ,2021,山本 陽,58.0,5,0.209,0.124,0.483,14
39,レース0039,2025-05-15,中京,2400,TURF,OP,16,8,H0000473,ウマ0473,セ,2020,佐藤 健,54.0,26,0.14,0.242,0.304,13
40,レース0040,2025-05-22,中京,2400,DIRT,G3,1,1,H0000474,ウマ0474,牡,2022,加藤 楓,56.0,7,0.293,0.228,0.246,2
40,レース0040,2025-05-22,中京,2400,DIRT,G3,2,1,H0000475,ウマ0475,セ,2022,渡辺 美咲,54.0,9,0.186,0.134,0.367,13
40,レース0040,2025-05-22,中京,2400,DIRT,G3,3,2,H0000476,ウマ0476,牡,2020,山本 陽,58.0,29,0.116,0.069,0.685,12
40,レース0040,2025-05-22,中京,2400,DIRT,G3,4,2,H0000477,ウマ0477,セ,2021,加藤 楓,54.0,5,0.179,0.155,0.439,6
40,レース0040,2025-05-22,中京,2400,DIRT,G3,5,3,H0000478,ウマ0478,セ,2021,渡辺 美咲,54.0,14,0.078,0.125,0.615,11
40,レース0040,2025-05-22,中京,2400,DIRT,G3,6,3,H0000479,ウマ0479,牝,2021,山本 陽,55.0,24,0.271,0.183,0.752,1
40,レース0040,2025-05-22,中京,2400,DIRT,G3,7,4,H0000480,ウマ0480,牝,2021,佐藤 健,58.0,3,0.254,0.107,0.774,3
40,レース0040,2025-05-22,中京,2400,DIRT,G3,8,4,H0000481,ウマ0481,牡,2022,渡辺 美咲,56.0,18,0.119,0.211,0.489,7
40,レース0040,2025-05-22,中京,2400,DIRT,G3,9,5,H0000482,ウマ0482,牡,2020,山本 陽,56.0,5,0.055,0.084,0.589,14
40,レース0040,2025-05-22,中京,2400,DIRT,G3,10,5,H0000483,ウマ0483,セ,2020,鈴木 花子,56.0,3,0.277,0.047,0.693,4
40,レース0040,2025-05-22,中京,2400,DIRT,G3,11,6,H0000484,ウマ0484,セ,2020,田中 一郎,58.0,20,0.266,0.171,0.344,8
40,レース0040,2025-05-22,中京,2400,DIRT,G3,12,6,H0000485,ウマ0485,牡,2022,伊藤 翼,55.0,7,0.167,0.236,0.296,10
40,レース0040,2025-05-22,中京,2400,DIRT,G3,13,7,H0000486,ウマ0486,牡,2022,高橋 大輔,57.0,30,0.148,0.072,0.597,9
40,レース0040,2025-05-22,中京,2400,DIRT,G3,14,7,H0000487,ウマ0487,牡,2022,山本 陽,55.0,24,0.428,0.098,0.428,5
41,レース0041,2025-08-08,阪神,1200,DIRT,OP,1,1,H0000488,ウマ0488,セ,2021,中村 駿,54.0,18,0.041,0.174,0.617,6
41,レース0041,2025-08-08,阪神,1200,DIRT,OP,2,1,H0000489,ウマ0489,セ,2022,伊藤 翼,54.0,29,0.342,0.079,0.802,1
41,レース0041,2025-08-08,阪神,1200,DIRT,OP,3,2,H0000490,ウマ0490,セ,2021,渡辺 美咲,58.0,21,0.212,0.127,0.314,9
41,レース0041,2025-08-08,阪神,1200,DIRT,OP,4,2,H0000491,ウマ0491,牝,2021,小林 蓮,55.0,28,0.082,0.052,0.376,10
41,レース0041,2025-08-08,阪神,1200,DIRT,OP,5,3,H0000492,ウマ0492,牝,2020,高橋 大輔,58.0,5,0.171,0.062,0.577,3
41,レース0041,2025-08-08,阪神,1200,DIRT,OP,6,3,H0000493,ウマ0493,牡,2022,高橋 大輔,58.0,16,0.107,0.126,0.612,5
41,レース0041,2025-08-08,阪神,1200,DIRT,OP,7,4,H0000494,ウマ0494,牝,2020,山本 陽,57.0,8,0.223,0.16,0.284,7
41,レース0041,2025-08-08,阪神,1200,DIRT,OP,8,4,H0000495,ウマ0495,セ,2022,田中 一郎,58.0,21,0.124,0.089,0.554,8
41,レース0041,2025-08-08,阪神,1200,DIRT,OP,9,5,H0000496,ウマ0496,牝,2022,山本 陽,55.0,23,0.227,0.148,0.637,2
41,レース0041,2025-08-08,阪神,1200,DIRT,OP,10,5,H0000497,ウマ0497,セ,2021,小林 蓮,54.0,8,0.323,0.139,0.473,4
42,レース0042,2025-10-22,阪神,2000,TURF,G3,1,1,H0000498,ウマ0498,セ,2022,鈴木 花子,56.0,10,0.118,0.1,0.543,3
42,レース0042,2025-10-22,阪神,2000,TURF,G3,2,1,H0000499,ウマ0499,牡,2022,鈴木 花子,58.0,8,0.145,0.148,0.768,1
42,レース0042,2025-10-22,阪神,2000,TURF,G3,3,2,H0000500,ウマ0500,セ,2022,鈴木 花子,54.0,5,0.191,0.062,0.588,2
42,レース0042,2025-10-22,阪神,2000,TURF,G3,4,2,H0000501,ウマ0501,牝,2020,加藤 楓,57.0,16,0.133,0.133,0.281,11
42,レース0042,2025-10-22,阪神,2000,TURF,G3,5,3,H0000502,ウマ0502,セ,2022,山本 陽,57.0,6,0.078,0.142,0.871,4
42,レース0042,2025-10-22,阪神,2000,TURF,G3,6,3,H0000503,ウマ0503,セ,2021,伊藤 翼,54.0,9,0.118,0.147,0.589,7
42,レース0042,2025-10-22,阪神,2000,TURF,G3,7,4,H0000504,ウマ0504,牡,2022,田中 一郎,54.0,15,0.0,0.212,0.56,8
42,レース0042,2025-10-22,阪神,2000,TURF,G3,8,4,H0000505,ウマ0505,セ,2021,伊藤 翼,55.0,30,0.102,0.067,0.481,10
42,レース0042,2025-10-22,阪神,2000,TURF,G3,9,5,H0000506,ウマ0506,セ,2021,高橋 大輔,58.0,16,0.258,0.067,0.498,6
42,レース0042,2025-10-22,阪神,2000,TURF,G3,10,5,H0000507,ウマ0507,牝,2022,渡辺 美咲,57.0,27,0.071,0.109,0.65,9
42,レース0042,2025-10-22,阪神,2000,TURF,G3,11,6,H0000508,ウマ0508,牝,2022,佐藤 健,54.0,6,0.284,0.107,0.268,5
43,レース0043,2025-03-13,中京,1600,DIRT,G1,1,1,H0000509,ウマ0509,牡,2021,高橋 大輔,58.0,14,0.189,0.129,0.635,9
43,レース0043,2025-03-13,中京,1600,DIRT,G1,2,1,H0000510,ウマ0510,牝,2022,加藤 楓,57.0,12,0.207,0.142,0.574,2
43,レース0043,2025-03-13,中京,1600,DIRT,G1,3,2,H0000511,ウマ0511,牡,2022,加藤 楓,57.0,12,0.151,0.064,0.864,7
43,レース0043,2025-03-13,中京,1600,DIRT,G1,4,2,H0000512,ウマ0512,牡,2022,佐藤 健,58.0,24,0.124,0.16,0.846,5
43,レース0043,2025-03-13,中京,1600,DIRT,G1,5,3,H0000513,ウマ0513,牝,2022,中村 駿,56.0,15,0.245,0.138,0.655,1
43,レース0043,2025-03-13,中京,1600,DIRT,G1,6,3,H0000514,ウマ0514,セ,2021,加藤 楓,54.0,21,0.18,0.078,0.438,8
43,レース0043,2025-03-13,中京,1600,DIRT,G1,7,4,H0000515,ウマ0515,牝,2022,田中 一郎,55.0,11,0.046,0.235,0.509,10
43,レース0043,2025-03-13,中京,1600,DIRT,G1,8,4,H0000516,ウマ0516,牝,2021,鈴木 花子,58.0,28,0.301,0.157,0.741,3
43,レース0043,2025-03-13,中京,1600,DIRT,G1,9,5,H0000517,ウマ0517,牝,2022,小林 蓮,56.0,27,0.111,0.127,0.239,11
43,レース0043,2025-03-13,中京,1600,DIRT,G1,10,5,H0000518,ウマ0518,セ,2020,小林 蓮,57.0,6,0.142,0.132,0.714,6
43,レース0043,2025-03-13,中京,1600,DIRT,G1,11,6,H0000519,ウマ0519,牝,2021,加藤 楓,55.0,20,0.176,0.179,0.581,4
44,レース0044,2025-07-22,京都,1600,TURF,G2,1,1,H0000520,ウマ0520,牝,2021,渡辺 美咲,58.0,9,0.118,0.13,0.385,5
44,レース0044,2025-07-22,京都,1600,TURF,G2,2,1,H0000521,ウマ0521,牡,2020,高橋 大輔,55.0,30,0.236,0.106,0.808,2
44,レース0044,2025-07-22,京都,1600,TURF,G2,3,2,H0000522,ウマ0522,牝,2020,鈴木 花子,55.0,6,0.135,0.127,0.679,4
44,レース0044,2025-07-22,京都,1600,TURF,G2,4,2,H0000523,ウマ0523,牝,2021,山本 陽,58.0,13,0.298,0.094,0.421,1
44,レース0044,2025-07-22,京都,1600,TURF,G2,5,3,H0000524,ウマ0524,牝,2020,加藤 楓,58.0,11,0.074,0.03,0.575,7
44,レース0044,2025-07-22,京都,1600,TURF,G2,6,3,H0000525,ウマ0525,セ,2020,加藤 楓,57.0,14,0.06,0.18,0.702,6
44,レース0044,2025-07-22,京都,1600,TURF,G2,7,4,H0000526,ウマ0526,牡,2022,加藤 楓,55.0,17,0.259,0.07,0.72,3
44,レース0044,2025-07-22,京都,1600,TURF,G2,8,4,H0000527,ウマ0527,セ,2021,佐藤 健,54.0,20,0.175,0.136,0.469,8
45,レース0045,2025-06-06,中山,1800,DIRT,2勝,1,1,H0000528,ウマ0528,牝,2021,小林 蓮,56.0,8,0.102,0.096,0.551,9
45,レース0045,2025-06-06,中山,1800,DIRT,2勝,2,1,H0000529,ウマ0529,セ,2021,中村 駿,56.0,9,0.0,0.07,0.421,11
45,レース0045,2025-06-06,中山,1800,DIRT,2勝,3,2,H0000530,ウマ0530,牡,2020,中村 駿,55.0,18,0.028,0.207,0.911,3
45,レース0045,2025-06-06,中山,1800,DIRT,2勝,4,2,H0000531,ウマ0531,牝,2021,加藤 楓,56.0,30,0.306,0.209,0.398,1
45,レース0045,2025-06-06,中山,1800,DIRT,2勝,5,3,H0000532,ウマ0532,牝,2021,鈴木 花子,55.0,17,0.099,0.084,0.475,12
45,レース0045,2025-06-06,中山,1800,DIRT,2勝,6,3,H0000533,ウマ0533,牝,2020,渡辺 美咲,56.0,30,0.178,0.091,0.403,10
45,レース0045,2025-06-06,中山,1800,DIRT,2勝,7,4,H0000534,ウマ0534,セ,2022,佐藤 健,58.0,27,0.268,0.101,0.328,7
45,レース0045,2025-06-06,中山,1800,DIRT,2勝,8,4,H0000535,ウマ0535,牝,2022,伊藤 翼,57.0,17,0.163,0.173,0.24,6
45,レース0045,2025-06-06,中山,1800,DIRT,2勝,9,5,H0000536,ウマ0536,牝,2021,山本 陽,55.0,21,0.17,0.111,0.476,5
45,レース0045,2025-06-06,中山,1800,DIRT,2勝,10,5,H0000537,ウマ0537,牝,2022,伊藤 翼,56.0,22,0.018,0.191,0.695,8
45,レース0045,2025-06-06,中山,1800,DIRT,2勝,11,6,H0000538,ウマ0538,牝,2022,山本 陽,57.0,19,0.219,0.106,0.437,4
45,レース0045,2025-06-06,中山,1800,DIRT,2勝,12,6,H0000539,ウマ0539,セ,2022,鈴木 花子,55.0,9,0.271,0.119,0.566,2
46,レース0046,2025-08-18,阪神,1200,TURF,G2,1,1,H0000540,ウマ0540,牡,2020,伊藤 翼,58.0,22,0.198,0.211,0.653,3
46,レース0046,2025-08-18,阪神,1200,TURF,G2,2,1,H0000541,ウマ0541,牝,2022,佐藤 健,55.0,7,0.254,0.19,0.666,2
46,レース0046,2025-08-18,阪神,1200,TURF,G2,3,2,H0000542,ウマ0542,牝,2021,小林 蓮,54.0,30,0.129,0.1,0.532,6
46,レース0046,2025-08-18,阪神,1200,TURF,G2,4,2,H0000543,ウマ0543,セ,2021,山本 陽,58.0,16,0.111,0.12,0.103,10
46,レース0046,2025-08-18,阪神,1200,TURF,G2,5,3,H0000544,ウマ0544,牝,2022,高橋 大輔,56.0,28,0.261,0.059,0.512,4
46,レース0046,2025-08-18,阪神,1200,TURF,G2,6,3,H0000545,ウマ0545,牡,2021,伊藤 翼,54.0,18,0.245,0.153,0.461,9
46,レース0046,2025-08-18,阪神,1200,TURF,G2,7,4,H0000546,ウマ0546,牝,2021,田中 一郎,57.0,27,0.207,0.056,0.49,5
46,レース0046,2025-08-18,阪神,1200,TURF,G2,8,4,H0000547,ウマ0547,セ,2021,中村 駿,56.0,10,0.112,0.148,0.553,8
46,レース0046,2025-08-18,阪神,1200,TURF,G2,9,5,H0000548,ウマ0548,牡,2021,鈴木 花子,57.0,16,0.191,0.172,0.802,1
46,レース0046,2025-08-18,阪神,1200,TURF,G2,10,5,H0000549,ウマ0549,セ,2022,伊藤 翼,56.0,16,0.103,0.087,0.627,7
47,レース0047,2025-02-21,東京,1400,TURF,3勝,1,1,H0000550,ウマ0550,牝,2020,佐藤 健,58.0,4,0.062,0.077,0.605,9
47,レース0047,2025-02-21,東京,1400,TURF,3勝,2,1,H0000551,ウマ0551,セ,2020,高橋 大輔,55.0,5,0.199,0.128,0.694,2
47,レース0047,2025-02-21,東京,1400,TURF,3勝,3,2,H0000552,ウマ0552,牝,2021,小林 蓮,56.0,25,0.167,0.164,0.72,6
47,レース0047,2025-02-21,東京,1400,TURF,3勝,4,2,H0000553,ウマ0553,牝,2020,加藤 楓,54.0,18,0.201,0.087,0.796,4
47,レース0047,2025-02-21,東京,1400,TURF,3勝,5,3,H0000554,ウマ0554,牡,2020,高橋 大輔,56.0,15,0.0,0.174,0.898,3
47,レース0047,2025-02-21,東京,1400,TURF,3勝,6,3,H0000555,ウマ0555,牡,2022,高橋 大輔,57.0,18,0.193,0.076,0.546,7
47,レース0047,2025-02-21,東京,1400,TURF,3勝,7,4,H0000556,ウマ0556,セ,2020,加藤 楓,56.0,19,0.157,0.032,0.844,8
47,レース0047,2025-02-21,東京,1400,TURF,3勝,8,4,H0000557,ウマ0557,牡,2020,高橋 大輔,54.0,23,0.254,0.17,0.499,1
47,レース0047,2025-02-21,東京,1400,TURF,3勝,9,5,H0000558,ウマ0558,牝,2020,田中 一郎,56.0,4,0.261,0.122,0.563,5
47,レース0047,2025-02-21,東京,1400,TURF,3勝,10,5,H0000559,ウマ0559,牝,2020,山本 陽,54.0,13,0.06,0.093,0.511,11
47,レース0047,2025-02-21,東京,1400,TURF,3勝,11,6,H0000560,ウマ0560,セ,2020,加藤 楓,54.0,28,0.132,0.284,0.292,10
48,レース0048,2025-09-26,中山,1400,DIRT,2勝,1,1,H0000561,ウマ0561,牝,2022,佐藤 健,54.0,11,0.129,0.094,0.778,4
48,レース0048,2025-09-26,中山,1400,DIRT,2勝,2,1,H0000562,ウマ0562,セ,2022,小林 蓮,57.0,9,0.088,0.176,0.427,7
48,レース0048,2025-09-26,中山,1400,DIRT,2勝,3,2,H0000563,ウマ0563,セ,2020,鈴木 花子,58.0,19,0.077,0.105,0.46,6
48,レース0048,2025-09-26,中山,1400,DIRT,2勝,4,2,H0000564,ウマ0564,牝,2020,加藤 楓,56.0,15,0.271,0.154,0.675,1
48,レース0048,2025-09-26,中山,1400,DIRT,2勝,5,3,H0000565,ウマ0565,セ,2020,加藤 楓,58.0,29,0.161,0.03,0.425,9
48,レース0048,2025-09-26,中山,1400,DIRT,2勝,6,3,H0000566,ウマ0566,牡,2022,伊藤 翼,57.0,13,0.121,0.084,0.692,5
48,レース0048,2025-09-26,中山,1400,DIRT,2勝,7,4,H0000567,ウマ0567,牡,2020,田中 一郎,54.0,9,0.113,0.154,0.767,2
48,レース0048,2025-09-26,中山,1400,DIRT,2勝,8,4,H0000568,ウマ0568,牝,2022,小林 蓮,54.0,19,0.255,0.156,0.623,3
48,レース0048,2025-09-26,中山,1400,DIRT,2勝,9,5,H0000569,ウマ0569,牡,2022,小林 蓮,54.0,29,0.094,0.083,0.671,8
49,レース0049,2025-06-26,阪神,1600,TURF,1勝,1,1,H0000570,ウマ0570,セ,2020,伊藤 翼,56.0,5,0.199,0.106,0.226,7
49,レース0049,2025-06-26,阪神,1600,TURF,1勝,2,1,H0000571,ウマ0571,牡,2022,高橋 大輔,58.0,21,0.395,0.087,0.787,1
49,レース0049,2025-06-26,阪神,1600,TURF,1勝,3,2,H0000572,ウマ0572,牡,2022,山本 陽,58.0,14,0.263,0.108,0.47,3
49,レース0049,2025-06-26,阪神,1600,TURF,1勝,4,2,H0000573,ウマ0573,セ,2021,佐藤 健,55.0,20,0.116,0.061,0.474,6
49,レース0049,2025-06-26,阪神,1600,TURF,1勝,5,3,H0000574,ウマ0574,セ,2021,渡辺 美咲,56.0,16,0.199,0.184,0.548,2
49,レース0049,2025-06-26,阪神,1600,TURF,1勝,6,3,H0000575,ウマ0575,牝,2022,伊藤 翼,58.0,14,0.189,0.077,0.513,4
49,レース0049,2025-06-26,阪神,1600,TURF,1勝,7,4,H0000576,ウマ0576,牡,2021,山本 陽,57.0,3,0.058,0.183,0.503,9
49,レース0049,2025-06-26,阪神,1600,TURF,1勝,8,4,H0000577,ウマ0577,牝,2020,伊藤 翼,55.0,20,0.0,0.113,0.501,8
49,レース0049,2025-06-26,阪神,1600,TURF,1勝,9,5,H0000578,ウマ0578,牡,2021,渡辺 美咲,58.0,7,0.252,0.065,0.533,5
50,レース0050,2025-04-09,京都,2000,DIRT,OP,1,1,H0000579,ウマ0579,牝,2020,小林 蓮,54.0,29,0.195,0.11,0.225,8
50,レース0050,2025-04-09,京都,2000,DIRT,OP,2,1,H0000580,ウマ0580,牝,2020,山本 陽,54.0,15,0.298,0.193,0.384,4
50,レース0050,2025-04-09,京都,2000,DIRT,OP,3,2,H0000581,ウマ0581,牡,2020,山本 陽,57.0,3,0.207,0.138,0.572,6
50,レース0050,2025-04-09,京都,2000,DIRT,OP,4,2,H0000582,ウマ0582,牡,2021,加藤 楓,54.0,21,0.097,0.083,0.36,10
50,レース0050,2025-04-09,京都,2000,DIRT,OP,5,3,H0000583,ウマ0583,セ,2022,加藤 楓,57.0,5,0.243,0.178,0.561,1
50,レース0050,2025-04-09,京都,2000,DIRT,OP,6,3,H0000584,ウマ0584,牝,2020,小林 蓮,57.0,21,0.208,0.137,0.697,5
50,レース0050,2025-04-09,京都,2000,DIRT,OP,7,4,H0000585,ウマ0585,牡,2020,小林 蓮,57.0,20,0.177,0.067,0.536,7
50,レース0050,2025-04-09,京都,2000,DIRT,OP,8,4,H0000586,ウマ0586,セ,2022,加藤 楓,58.0,10,0.27,0.146,0.721,3
50,レース0050,2025-04-09,京都,2000,DIRT,OP,9,5,H0000587,ウマ0587,セ,2021,中村 駿,58.0,14,0.183,0.169,0.302,9
50,レース0050,2025-04-09,京都,2000,DIRT,OP,10,5,H0000588,ウマ0588,牝,2020,渡辺 美咲,58.0,22,0.238,0.105,0.679,2
51,レース0051,2025-04-07,中京,1800,TURF,G1,1,1,H0000589,ウマ0589,セ,2020,伊藤 翼,54.0,3,0.159,0.103,0.54,11
51,レース0051,2025-04-07,中京,1800,TURF,G1,2,1,H0000590,ウマ0590,牡,2021,高橋 大輔,56.0,26,0.142,0.08,0.821,5
51,レース0051,2025-04-07,中京,1800,TURF,G1,3,2,H0000591,ウマ0591,牡,2022,田中 一郎,57.0,15,0.121,0.122,0.412,12
51,レース0051,2025-04-07,中京,1800,TURF,G1,4,2,H0000592,ウマ0592,牡,2021,高橋 大輔,54.0,28,0.17,0.066,0.418,13
51,レース0051,2025-04-07,中京,1800,TURF,G1,5,3,H0000593,ウマ0593,牝,2022,渡辺 美咲,54.0,30,0.156,0.092,0.127,15
51,レース0051,2025-04-07,中京,1800,TURF,G1,6,3,H0000594,ウマ0594,牝,2022,鈴木 花子,57.0,13,0.227,0.162,0.644,6
51,レース0051,2025-04-07,中京,1800,TURF,G1,7,4,H0000595,ウマ0595,セ,2020,田中 一郎,57.0,10,0.059,0.136,0.652,8
51,レース0051,2025-04-07,中京,1800,TURF,G1,8,4,H0000596,ウマ0596,牡,2020,渡辺 美咲,57.0,24,0.211,0.168,0.478,7
51,レース0051,2025-04-07,中京,1800,TURF,G1,9,5,H0000597,ウマ0597,牡,2022,伊藤 翼,58.0,15,0.105,0.186,0.593,9
51,レース0051,2025-04-07,中京,1800,TURF,G1,10,5,H0000598,ウマ0598,牝,2020,佐藤 健,54.0,13,0.428,0.201,0.34,1
51,レース0051,2025-04-07,中京,1800,TURF,G1,11,6,H0000599,ウマ0599,セ,2020,中村 駿,58.0,10,0.285,0.086,0.7,2
51,レース0051,2025-04-07,中京,1800,TURF,G1,12,6,H0000600,ウマ0600,牝,2021,加藤 楓,56.0,7,0.226,0.083,0.466,3
51,レース0051,2025-04-07,中京,1800,TURF,G1,13,7,H0000601,ウマ0601,セ,2022,佐藤 健,55.0,16,0.193,0.156,0.238,14
51,レース0051,2025-04-07,中京,1800,TURF,G1,14,7,H0000602,ウマ0602,セ,2020,渡辺 美咲,55.0,5,0.139,0.266,0.537,4
51,レース0051,2025-04-07,中京,1800,TURF,G1,15,8,H0000603,ウマ0603,牝,2021,中村 駿,55.0,12,0.0,0.087,0.666,10
52,レース0052,2025-03-06,京都,1400,TURF,G2,1,1,H0000604,ウマ0604,セ,2022,高橋 大輔,58.0,22,0.233,0.274,0.636,4
52,レース0052,2025-03-06,京都,1400,TURF,G2,2,1,H0000605,ウマ0605,セ,2021,渡辺 美咲,57.0,8,0.195,0.206,0.376,13
52,レース0052,2025-03-06,京都,1400,TURF,G2,3,2,H0000606,ウマ0606,牡,2020,中村 駿,55.0,27,0.286,0.165,0.382,8
52,レース0052,2025-03-06,京都,1400,TURF,G2,4,2,H0000607,ウマ0607,牡,2020,小林 蓮,55.0,30,0.381,0.108,0.672,2
52,レース0052,2025-03-06,京都,1400,TURF,G2,5,3,H0000608,ウマ0608,牝,2021,田中 一郎,57.0,22,0.16,0.073,0.366,10
52,レース0052,2025-03-06,京都,1400,TURF,G2,6,3,H0000609,ウマ0609,セ,2022,田中 一郎,58.0,19,0.172,0.081,0.455,11
52,レース0052,2025-03-06,京都,1400,TURF,G2,7,4,H0000610,ウマ0610,牡,2022,加藤 楓,54.0,15,0.294,0.173,0.676,1
52,レース0052,2025-03-06,京都,1400,TURF,G2,8,4,H0000611,ウマ0611,牝,2021,伊藤 翼,54.0,27,0.205,0.129,0.317,15
52,レース0052,2025-03-06,京都,1400,TURF,G2,9,5,H0000612,ウマ0612,牡,2022,加藤 楓,57.0,7,0.28,0.156,0.373,9
52,レース0052,2025-03-06,京都,1400,TURF,G2,10,5,H0000613,ウマ0613,セ,2022,佐藤 健,55.0,15,0.054,0.146,0.729,7
52,レース0052,2025-03-06,京都,1400,TURF,G2,11,6,H0000614,ウマ0614,セ,2020,小林 蓮,55.0,5,0.237,0.083,0.652,6
52,レース0052,2025-03-06,京都,1400,TURF,G2,12,6,H0000615,ウマ0615,セ,2021,渡辺 美咲,54.0,5,0.18,0.207,0.818,5
52,レース0052,2025-03-06,京都,1400,TURF,G2,13,7,H0000616,ウマ0616,牡,2021,加藤 楓,58.0,15,0.092,0.081,0.524,14
52,レース0052,2025-03-06,京都,1400,TURF,G2,14,7,H0000617,ウマ0617,牡,2020,田中 一郎,55.0,16,0.233,0.138,0.364,12
52,レース0052,2025-03-06,京都,1400,TURF,G2,15,8,H0000618,ウマ0618,牡,2020,佐藤 健,57.0,9,0.337,0.101,0.822,3
53,レース0053,2025-08-28,中京,1200,DIRT,未勝利,1,1,H0000619,ウマ0619,牝,2021,中村 駿,55.0,17,0.017,0.131,0.387,8
53,レース0053,2025-08-28,中京,1200,DIRT,未勝利,2,1,H0000620,ウマ0620,牝,2022,加藤 楓,55.0,29,0.114,0.189,0.667,2
53,レース0053,2025-08-28,中京,1200,DIRT,未勝利,3,2,H0000621,ウマ0621,牡,2022,山本 陽,54.0,29,0.193,0.116,0.706,3
53,レース0053,2025-08-28,中京,1200,DIRT,未勝利,4,2,H0000622,ウマ0622,牝,2020,佐藤 健,54.0,24,0.285,0.094,0.452,5
53,レース0053,2025-08-28,中京,1200,DIRT,未勝利,5,3,H0000623,ウマ0623,牝,2022,山本 陽,58.0,14,0.152,0.202,0.477,6
53,レース0053,2025-08-28,中京,1200,DIRT,未勝利,6,3,H0000624,ウマ0624,牝,2020,中村 駿,56.0,29,0.068,0.15,0.517,7
53,レース0053,2025-08-28,中京,1200,DIRT,未勝利,7,4,H0000625,ウマ0625,牝,2022,高橋 大輔,56.0,25,0.109,0.117,0.734,4
53,レース0053,2025-08-28,中京,1200,DIRT,未勝利,8,4,H0000626,ウマ0626,セ,2022,鈴木 花子,58.0,18,0.284,0.134,0.61,1
54,レース0054,2025-03-20,阪神,1600,DIRT,2勝,1,1,H0000627,ウマ0627,牡,2022,伊藤 翼,55.0,9,0.079,0.107,0.408,11
54,レース0054,2025-03-20,阪神,1600,DIRT,2勝,2,1,H0000628,ウマ0628,牡,2022,中村 駿,54.0,16,0.103,0.141,0.55,8
54,レース0054,2025-03-20,阪神,1600,DIRT,2勝,3,2,H0000629,ウマ0629,牝,2020,伊藤 翼,55.0,12,0.26,0.143,0.593,2
54,レース0054,2025-03-20,阪神,1600,DIRT,2勝,4,2,H0000630,ウマ0630,牝,2021,中村 駿,54.0,26,0.122,0.086,0.543,12
54,レース0054,2025-03-20,阪神,1600,DIRT,2勝,5,3,H0000631,ウマ0631,牝,2021,田中 一郎,56.0,23,0.0,0.077,0.608,9
54,レース0054,2025-03-20,阪神,1600,DIRT,2勝,6,3,H0000632,ウマ0632,セ,2021,小林 蓮,57.0,28,0.129,0.149,0.629,3
54,レース0054,2025-03-20,阪神,1600,DIRT,2勝,7,4,H0000633,ウマ0633,牝,2022,加藤 楓,58.0,3,0.261,0.03,0.755,1
54,レース0054,2025-03-20,阪神,1600,DIRT,2勝,8,4,H0000634,ウマ0634,牡,2021,田中 一郎,56.0,13,0.218,0.15,0.814,5
54,レース0054,2025-03-20,阪神,1600,DIRT,2勝,9,5,H0000635,ウマ0635,牡,2021,渡辺 美咲,57.0,25,0.306,0.123,0.678,4
54,レース0054,2025-03-20,阪神,1600,DIRT,2勝,10,5,H0000636,ウマ0636,牝,2021,伊藤 翼,57.0,9,0.082,0.181,0.587,7
54,レース0054,2025-03-20,阪神,1600,DIRT,2勝,11,6,H0000637,ウマ0637,牝,2022,田中 一郎,55.0,28,0.125,0.125,0.515,6
54,レース0054,2025-03-20,阪神,1600,DIRT,2勝,12,6,H0000638,ウマ0638,牝,2022,加藤 楓,55.0,12,0.198,0.071,0.573,10
55,レース0055,2025-04-24,中山,2000,TURF,G3,1,1,H0000639,ウマ0639,セ,2022,鈴木 花子,56.0,13,0.267,0.141,0.609,2
55,レース0055,2025-04-24,中山,2000,TURF,G3,2,1,H0000640,ウマ0640,セ,2021,田中 一郎,58.0,21,0.146,0.115,0.561,7
55,レース0055,2025-04-24,中山,2000,TURF,G3,3,2,H0000641,ウマ0641,牝,2021,鈴木 花子,56.0,11,0.187,0.059,0.58,11
55,レース0055,2025-04-24,中山,2000,TURF,G3,4,2,H0000642,ウマ0642,セ,2022,鈴木 花子,54.0,9,0.238,0.154,0.666,1
55,レース0055,2025-04-24,中山,2000,TURF,G3,5,3,H0000643,ウマ0643,牡,2020,伊藤 翼,56.0,22,0.07,0.113,0.493,13
55,レース0055,2025-04-24,中山,2000,TURF,G3,6,3,H0000644,ウマ0644,牝,2022,田中 一郎,54.0,6,0.394,0.179,0.409,4
55,レース0055,2025-04-24,中山,2000,TURF,G3,7,4,H0000645,ウマ0645,セ,2022,小林 蓮,58.0,22,0.152,0.144,0.331,12
55,レース0055,2025-04-24,中山,2000,TURF,G3,8,4,H0000646,ウマ0646,セ,2022,鈴木 花子,55.0,27,0.268,0.102,0.677,3
55,レース0055,2025-04-24,中山,2000,TURF,G3,9,5,H0000647,ウマ0647,牝,2022,小林 蓮,57.0,18,0.191,0.066,0.82,6
55,レース0055,2025-04-24,中山,2000,TURF,G3,10,5,H0000648,ウマ0648,牝,2021,佐藤 健,58.0,25,0.269,0.134,0.677,5
55,レース0055,2025-04-24,中山,2000,TURF,G3,11,6,H0000649,ウマ0649,牝,2020,渡辺 美咲,57.0,18,0.25,0.108,0.652,8
55,レース0055,2025-04-24,中山,2000,TURF,G3,12,6,H0000650,ウマ0650,牡,2022,鈴木 花子,56.0,15,0.119,0.1,0.577,9
55,レース0055,2025-04-24,中山,2000,TURF,G3,13,7,H0000651,ウマ0651,牝,2022,中村 駿,56.0,10,0.246,0.049,0.43,10
56,レース0056,2025-02-11,中京,1800,TURF,1勝,1,1,H0000652,ウマ0652,牝,2022,渡辺 美咲,57.0,20,0.296,0.15,0.818,1
56,レース0056,2025-02-11,中京,1800,TURF,1勝,2,1,H0000653,ウマ0653,牡,2022,山本 陽,58.0,17,0.161,0.101,0.407,7
56,レース0056,2025-02-11,中京,1800,TURF,1勝,3,2,H0000654,ウマ0654,牝,2020,山本 陽,57.0,6,0.051,0.12,0.623,11
56,レース0056,2025-02-11,中京,1800,TURF,1勝,4,2,H0000655,ウマ0655,牡,2022,田中 一郎,54.0,27,0.132,0.068,0.618,10
56,レース0056,2025-02-11,中京,1800,TURF,1勝,5,3,H0000656,ウマ0656,セ,2022,小林 蓮,58.0,9,0.107,0.147,0.632,9
56,レース0056,2025-02-11,中京,1800,TURF,1勝,6,3,H0000657,ウマ0657,牝,2022,渡辺 美咲,56.0,5,0.231,0.228,0.452,3
56,レース0056,2025-02-11,中京,1800,TURF,1勝,7,4,H0000658,ウマ0658,牡,2021,田中 一郎,58.0,14,0.332,0.07,0.427,6
56,レース0056,2025-02-11,中京,1800,TURF,1勝,8,4,H0000659,ウマ0659,牝,2020,高橋 大輔,56.0,16,0.372,0.054,0.781,5
56,レース0056,2025-02-11,中京,1800,TURF,1勝,9,5,H0000660,ウマ0660,牝,2021,中村 駿,56.0,20,0.181,0.115,0.378,8
56,レース0056,2025-02-11,中京,1800,TURF,1勝,10,5,H0000661,ウマ0661,牡,2021,佐藤 健,56.0,7,0.193,0.16,0.697,2
56,レース0056,2025-02-11,中京,1800,TURF,1勝,11,6,H0000662,ウマ0662,牝,2022,中村 駿,55.0,7,0.268,0.202,0.569,4
57,レース0057,2025-10-06,中山,1800,DIRT,1勝,1,1,H0000663,ウマ0663,セ,2020,山本 陽,55.0,18,0.089,0.145,0.626,6
57,レース0057,2025-10-06,中山,1800,DIRT,1勝,2,1,H0000664,ウマ0664,セ,2022,渡辺 美咲,58.0,4,0.1,0.151,0.441,7
57,レース0057,2025-10-06,中山,1800,DIRT,1勝,3,2,H0000665,ウマ0665,牡,2020,加藤 楓,57.0,30,0.296,0.121,0.525,1
57,レース0057,2025-10-06,中山,1800,DIRT,1勝,4,2,H0000666,ウマ0666,セ,2022,鈴木 花子,57.0,10,0.138,0.216,0.518,2
57,レース0057,2025-10-06,中山,1800,DIRT,1勝,5,3,H0000667,ウマ0667,牝,2022,田中 一郎,58.0,13,0.034,0.144,0.62,4
57,レース0057,2025-10-06,中山,1800,DIRT,1勝,6,3,H0000668,ウマ0668,牝,2022,渡辺 美咲,57.0,16,0.171,0.123,0.544,3
57,レース0057,2025-10-06,中山,1800,DIRT,1勝,7,4,H0000669,ウマ0669,セ,2022,伊藤 翼,58.0,4,0.03,0.24,0.52,5
57,レース0057,2025-10-06,中山,1800,DIRT,1勝,8,4,H0000670,ウマ0670,牝,2022,山本 陽,58.0,3,0.232,0.085,0.378,8
57,レース0057,2025-10-06,中山,1800,DIRT,1勝,9,5,H0000671,ウマ0671,セ,2021,伊藤 翼,56.0,30,0.171,0.15,0.199,9
58,レース0058,2025-10-24,東京,2000,TURF,G3,1,1,H0000672,ウマ0672,セ,2020,小林 蓮,55.0,8,0.174,0.162,0.709,2
58,レース0058,2025-10-24,東京,2000,TURF,G3,2,1,H0000673,ウマ0673,牡,2021,中村 駿,55.0,27,0.235,0.035,0.508,5
58,レース0058,2025-10-24,東京,2000,TURF,G3,3,2,H0000674,ウマ0674,セ,2021,田中 一郎,55.0,23,0.212,0.075,0.727,4
58,レース0058,2025-10-24,東京,2000,TURF,G3,4,2,H0000675,ウマ0675,セ,2022,高橋 大輔,57.0,15,0.165,0.222,0.74,1
58,レース0058,2025-10-24,東京,2000,TURF,G3,5,3,H0000676,ウマ0676,牝,2020,伊藤 翼,56.0,28,0.213,0.11,0.386,10
58,レース0058,2025-10-24,東京,2000,TURF,G3,6,3,H0000677,ウマ0677,セ,2022,渡辺 美咲,54.0,30,0.051,0.154,0.815,7
58,レース0058,2025-10-24,東京,2000,TURF,G3,7,4,H0000678,ウマ0678,牝,2020,伊藤 翼,56.0,23,0.148,0.03,0.717,8
58,レース0058,2025-10-24,東京,2000,TURF,G3,8,4,H0000679,ウマ0679,セ,2021,佐藤 健,58.0,13,0.094,0.102,0.489,9
58,レース0058,2025-10-24,東京,2000,TURF,G3,9,5,H0000680,ウマ0680,牡,2022,鈴木 花子,54.0,24,0.12,0.059,0.471,12
58,レース0058,2025-10-24,東京,2000,TURF,G3,10,5,H0000681,ウマ0681,牡,2022,高橋 大輔,54.0,22,0.12,0.142,0.526,6
58,レース0058,2025-10-24,東京,2000,TURF,G3,11,6,H0000682,ウマ0682,セ,2020,中村 駿,54.0,24,0.238,0.079,0.335,11
58,レース0058,2025-10-24,東京,2000,TURF,G3,12,6,H0000683,ウマ0683,牝,2021,小林 蓮,54.0,24,0.191,0.058,0.588,3
59,レース0059,2025-05-06,阪神,1800,DIRT,2勝,1,1,H0000684,ウマ0684,牝,2020,伊藤 翼,54.0,29,0.126,0.138,0.408,8
59,レース0059,2025-05-06,阪神,1800,DIRT,2勝,2,1,H0000685,ウマ0685,セ,2021,鈴木 花子,58.0,7,0.171,0.184,0.137,9
59,レース0059,2025-05-06,阪神,1800,DIRT,2勝,3,2,H0000686,ウマ0686,牝,2022,伊藤 翼,58.0,6,0.191,0.079,0.502,2
59,レース0059,2025-05-06,阪神,1800,DIRT,2勝,4,2,H0000687,ウマ0687,牡,2022,田中 一郎,54.0,4,0.214,0.134,0.506,1
59,レース0059,2025-05-06,阪神,1800,DIRT,2勝,5,3,H0000688,ウマ0688,セ,2020,加藤 楓,56.0,25,0.026,0.11,0.428,6
59,レース0059,2025-05-06,阪神,1800,DIRT,2勝,6,3,H0000689,ウマ0689,牡,2021,小林 蓮,54.0,6,0.277,0.109,0.231,4
59,レース0059,2025-05-06,阪神,1800,DIRT,2勝,7,4,H0000690,ウマ0690,牝,2021,田中 一郎,56.0,23,0.248,0.03,0.377,7
59,レース0059,2025-05-06,阪神,1800,DIRT,2勝,8,4,H0000691,ウマ0691,牝,2021,高橋 大輔,56.0,8,0.31,0.129,0.316,5
59,レース0059,2025-05-06,阪神,1800,DIRT,2勝,9,5,H0000692,ウマ0692,牝,2020,渡辺 美咲,55.0,18,0.312,0.03,0.392,3
60,レース0060,2025-04-01,阪神,1400,TURF,G1,1,1,H0000693,ウマ0693,牝,2022,小林 蓮,58.0,3,0.157,0.064,0.485,8
60,レース0060,2025-04-01,阪神,1400,TURF,G1,2,1,H0000694,ウマ0694,牡,2022,加藤 楓,54.0,17,0.182,0.147,0.564,2
60,レース0060,2025-04-01,阪神,1400,TURF,G1,3,2,H0000695,ウマ0695,牡,2022,佐藤 健,55.0,18,0.349,0.093,0.262,1
60,レース0060,2025-04-01,阪神,1400,TURF,G1,4,2,H0000696,ウマ0696,セ,2022,佐藤 健,58.0,3,0.146,0.098,0.383,9
60,レース0060,2025-04-01,阪神,1400,TURF,G1,5,3,H0000697,ウマ0697,セ,2020,鈴木 花子,57.0,6,0.194,0.144,0.437,6
60,レース0060,2025-04-01,阪神,1400,TURF,G1,6,3,H0000698,ウマ0698,牡,2021,渡辺 美咲,55.0,28,0.33,0.04,0.556,3
60,レース0060,2025-04-01,阪神,1400,TURF,G1,7,4,H0000699,ウマ0699,牝,2020,田中 一郎,58.0,21,0.256,0.06,0.475,5
60,レース0060,2025-04-01,阪神,1400,TURF,G1,8,4,H0000700,ウマ0700,牝,2020,渡辺 美咲,56.0,20,0.206,0.138,0.608,4
60,レース0060,2025-04-01,阪神,1400,TURF,G1,9,5,H0000701,ウマ0701,牡,2020,小林 蓮,58.0,5,0.214,0.162,0.466,7
61,レース0061,2025-07-23,東京,1200,TURF,3勝,1,1,H0000702,ウマ0702,セ,2021,加藤 楓,55.0,17,0.156,0.16,0.26,7
61,レース0061,2025-07-23,東京,1200,TURF,3勝,2,1,H0000703,ウマ0703,セ,2020,伊藤 翼,55.0,14,0.0,0.192,0.512,5
61,レース0061,2025-07-23,東京,1200,TURF,3勝,3,2,H0000704,ウマ0704,セ,2020,山本 陽,55.0,14,0.164,0.074,0.662,4
61,レース0061,2025-07-23,東京,1200,TURF,3勝,4,2,H0000705,ウマ0705,牡,2020,佐藤 健,55.0,24,0.352,0.03,0.349,3
61,レース0061,2025-07-23,東京,1200,TURF,3勝,5,3,H0000706,ウマ0706,セ,2020,田中 一郎,57.0,23,0.175,0.191,0.22,8
61,レース0061,2025-07-23,東京,1200,TURF,3勝,6,3,H0000707,ウマ0707,セ,2020,加藤 楓,57.0,8,0.139,0.156,0.548,6
61,レース0061,2025-07-23,東京,1200,TURF,3勝,7,4,H0000708,ウマ0708,牡,2022,小林 蓮,58.0,21,0.305,0.137,0.587,1
61,レース0061,2025-07-23,東京,1200,TURF,3勝,8,4,H0000709,ウマ0709,牝,2020,鈴木 花子,55.0,10,0.098,0.105,0.543,2
62,レース0062,2025-08-19,中山,1400,DIRT,G2,1,1,H0000710,ウマ0710,セ,2021,佐藤 健,55.0,15,0.0,0.03,0.587,13
62,レース0062,2025-08-19,中山,1400,DIRT,G2,2,1,H0000711,ウマ0711,牡,2020,山本 陽,56.0,4,0.11,0.169,0.608,9
62,レース0062,2025-08-19,中山,1400,DIRT,G2,3,2,H0000712,ウマ0712,牡,2021,高橋 大輔,57.0,12,0.26,0.125,0.636,3
62,レース0062,2025-08-19,中山,1400,DIRT,G2,4,2,H0000713,ウマ0713,セ,2020,鈴木 花子,55.0,16,0.054,0.076,0.39,12
62,レース0062,2025-08-19,中山,1400,DIRT,G2,5,3,H0000714,ウマ0714,牝,2021,田中 一郎,55.0,26,0.086,0.166,0.387,10
62,レース0062,2025-08-19,中山,1400,DIRT,G2,6,3,H0000715,ウマ0715,セ,2020,山本 陽,55.0,3,0.016,0.174,0.553,6
62,レース0062,2025-08-19,中山,1400,DIRT,G2,7,4,H0000716,ウマ0716,セ,2020,中村 駿,57.0,19,0.276,0.117,0.577,2
62,レース0062,2025-08-19,中山,1400,DIRT,G2,8,4,H0000717,ウマ0717,セ,2020,中村 駿,57.0,9,0.051,0.186,0.523,11
62,レース0062,2025-08-19,中山,1400,DIRT,G2,9,5,H0000718,ウマ0718,セ,2021,佐藤 健,54.0,25,0.141,0.158,0.662,7
62,レース0062,2025-08-19,中山,1400,DIRT,G2,10,5,H0000719,ウマ0719,セ,2021,佐藤 健,57.0,28,0.067,0.146,0.124,14
62,レース0062,2025-08-19,中山,1400,DIRT,G2,11,6,H0000720,ウマ0720,牡,2021,渡辺 美咲,54.0,19,0.056,0.179,0.367,8
62,レース0062,2025-08-19,中山,1400,DIRT,G2,12,6,H0000721,ウマ0721,牡,2022,鈴木 花子,58.0,22,0.273,0.141,0.496,5
62,レース0062,2025-08-19,中山,1400,DIRT,G2,13,7,H0000722,ウマ0722,セ,2021,田中 一郎,54.0,6,0.396,0.19,0.35,1
62,レース0062,2025-08-19,中山,1400,DIRT,G2,14,7,H0000723,ウマ0723,セ,2022,高橋 大輔,58.0,7,0.105,0.168,0.716,4
63,レース0063,2025-12-25,中山,2400,TURF,未勝利,1,1,H0000724,ウマ0724,牡,2021,渡辺 美咲,55.0,11,0.202,0.03,0.33,13
63,レース0063,2025-12-25,中山,2400,TURF,未勝利,2,1,H0000725,ウマ0725,セ,2020,小林 蓮,57.0,25,0.086,0.129,0.714,9
63,レース0063,2025-12-25,中山,2400,TURF,未勝利,3,2,H0000726,ウマ0726,牝,2022,鈴木 花子,56.0,9,0.209,0.038,0.483,12
63,レース0063,2025-12-25,中山,2400,TURF,未勝利,4,2,H0000727,ウマ0727,牡,2020,佐藤 健,56.0,11,0.257,0.095,0.887,1
63,レース0063,2025-12-25,中山,2400,TURF,未勝利,5,3,H0000728,ウマ0728,セ,2022,田中 一郎,55.0,12,0.273,0.152,0.616,2
63,レース0063,2025-12-25,中山,2400,TURF,未勝利,6,3,H0000729,ウマ0729,セ,2020,伊藤 翼,57.0,9,0.062,0.168,0.736,7
63,レース0063,2025-12-25,中山,2400,TURF,未勝利,7,4,H0000730,ウマ0730,セ,2022,渡辺 美咲,55.0,16,0.138,0.224,0.691,3
63,レース0063,2025-12-25,中山,2400,TURF,未勝利,8,4,H0000731,ウマ0731,牝,2021,伊藤 翼,58.0,21,0.064,0.095,0.598,10
63,レース0063,2025-12-25,中山,2400,TURF,未勝利,9,5,H0000732,ウマ0732,牡,2021,渡辺 美咲,55.0,12,0.079,0.19,0.784,5
63,レース0063,2025-12-25,中山,2400,TURF,未勝利,10,5,H0000733,ウマ0733,牡,2022,加藤 楓,55.0,12,0.183,0.115,0.43,11
63,レース0063,2025-12-25,中山,2400,TURF,未勝利,11,6,H0000734,ウマ0734,牡,2020,渡辺 美咲,55.0,21,0.259,0.143,0.652,6
63,レース0063,2025-12-25,中山,2400,TURF,未勝利,12,6,H0000735,ウマ0735,牝,2020,渡辺 美咲,54.0,17,0.229,0.158,0.643,4
63,レース0063,2025-12-25,中山,2400,TURF,未勝利,13,7,H0000736,ウマ0736,牡,2021,小林 蓮,56.0,27,0.286,0.101,0.523,8
64,レース0064,2025-12-18,阪神,1400,DIRT,G1,1,1,H0000737,ウマ0737,セ,2022,佐藤 健,56.0,28,0.26,0.123,0.494,1
64,レース0064,2025-12-18,阪神,1400,DIRT,G1,2,1,H0000738,ウマ0738,牡,2022,小林 蓮,57.0,4,0.082,0.03,0.394,9
64,レース0064,2025-12-18,阪神,1400,DIRT,G1,3,2,H0000739,ウマ0739,牡,2021,田中 一郎,55.0,22,0.253,0.179,0.485,3
64,レース0064,2025-12-18,阪神,1400,DIRT,G1,4,2,H0000740,ウマ0740,牝,2020,田中 一郎,55.0,5,0.265,0.088,0.365,4
64,レース0064,2025-12-18,阪神,1400,DIRT,G1,5,3,H0000741,ウマ0741,牝,2021,山本 陽,58.0,22,0.085,0.117,0.514,7
64,レース0064,2025-12-18,阪神,1400,DIRT,G1,6,3,H0000742,ウマ0742,セ,2021,渡辺 美咲,56.0,15,0.146,0.113,0.546,6
64,レース0064,2025-12-18,阪神,1400,DIRT,G1,7,4,H0000743,ウマ0743,セ,2021,中村 駿,58.0,28,0.129,0.159,0.255,10
64,レース0064,2025-12-18,阪神,1400,DIRT,G1,8,4,H0000744,ウマ0744,牝,2020,山本 陽,57.0,22,0.379,0.102,0.588,2
64,レース0064,2025-12-18,阪神,1400,DIRT,G1,9,5,H0000745,ウマ0745,セ,2021,鈴木 花子,56.0,3,0.233,0.148,0.193,8
64,レース0064,2025-12-18,阪神,1400,DIRT,G1,10,5,H0000746,ウマ0746,牝,2022,山本 陽,57.0,27,0.209,0.037,0.765,5
65,レース0065,2025-09-16,中山,1800,TURF,3勝,1,1,H0000747,ウマ0747,牡,2020,田中 一郎,58.0,7,0.342,0.155,0.628,1
65,レース0065,2025-09-16,中山,1800,TURF,3勝,2,1,H0000748,ウマ0748,セ,2021,中村 駿,57.0,8,0.114,0.12,0.999,3
65,レース0065,2025-09-16,中山,1800,TURF,3勝,3,2,H0000749,ウマ0749,牡,2022,渡辺 美咲,56.0,21,0.043,0.134,0.553,7
65,レース0065,2025-09-16,中山,1800,TURF,3勝,4,2,H0000750,ウマ0750,牝,2022,鈴木 花子,56.0,14,0.225,0.077,0.574,5
65,レース0065,2025-09-16,中山,1800,TURF,3勝,5,3,H0000751,ウマ0751,牝,2022,佐藤 健,54.0,14,0.063,0.125,0.61,8
65,レース0065,2025-09-16,中山,1800,TURF,3勝,6,3,H0000752,ウマ0752,牝,2020,伊藤 翼,57.0,12,0.136,0.151,0.673,4
65,レース0065,2025-09-16,中山,1800,TURF,3勝,7,4,H0000753,ウマ0753,セ,2020,加藤 楓,55.0,13,0.0,0.108,0.244,10
65,レース0065,2025-09-16,中山,1800,TURF,3勝,8,4,H0000754,ウマ0754,セ,2022,渡辺 美咲,56.0,6,0.167,0.195,0.308,9
65,レース0065,2025-09-16,中山,1800,TURF,3勝,9,5,H0000755,ウマ0755,牝,2021,渡辺 美咲,56.0,8,0.098,0.12,0.61,6
65,レース0065,2025-09-16,中山,1800,TURF,3勝,10,5,H0000756,ウマ0756,セ,2022,加藤 楓,55.0,30,0.218,0.153,0.613,2
66,レース0066,2025-02-04,中京,1800,TURF,未勝利,1,1,H0000757,ウマ0757,牝,2022,加藤 楓,56.0,27,0.266,0.03,0.396,14
66,レース0066,2025-02-04,中京,1800,TURF,未勝利,2,1,H0000758,ウマ0758,牡,2020,佐藤 健,56.0,30,0.19,0.16,0.529,11
66,レース0066,2025-02-04,中京,1800,TURF,未勝利,3,2,H0000759,ウマ0759,牡,2020,田中 一郎,54.0,27,0.133,0.058,0.506,12
66,レース0066,2025-02-04,中京,1800,TURF,未勝利,4,2,H0000760,ウマ0760,セ,2022,山本 陽,55.0,4,0.238,0.077,0.569,8
66,レース0066,2025-02-04,中京,1800,TURF,未勝利,5,3,H0000761,ウマ0761,牡,2022,高橋 大輔,54.0,21,0.0,0.151,0.697,7
66,レース0066,2025-02-04,中京,1800,TURF,未勝利,6,3,H0000762,ウマ0762,牡,2022,伊藤 翼,56.0,21,0.2,0.156,0.483,13
66,レース0066,2025-02-04,中京,1800,TURF,未勝利,7,4,H0000763,ウマ0763,牡,2020,山本 陽,55.0,27,0.149,0.154,0.259,15
66,レース0066,2025-02-04,中京,1800,TURF,未勝利,8,4,H0000764,ウマ0764,牡,2022,田中 一郎,55.0,26,0.179,0.165,0.561,1
66,レース0066,2025-02-04,中京,1800,TURF,未勝利,9,5,H0000765,ウマ0765,牡,2021,鈴木 花子,56.0,8,0.231,0.15,0.268,10
66,レース0066,2025-02-04,中京,1800,TURF,未勝利,10,5,H0000766,ウマ0766,牡,2021,鈴木 花子,57.0,27,0.176,0.202,0.112,16
66,レース0066,2025-02-04,中京,1800,TURF,未勝利,11,6,H0000767,ウマ0767,セ,2022,田中 一郎,56.0,5,0.226,0.128,0.625,2
66,レース0066,2025-02-04,中京,1800,TURF,未勝利,12,6,H0000768,ウマ0768,セ,2021,小林 蓮,56.0,10,0.211,0.118,0.629,4
66,レース0066,2025-02-04,中京,1800,TURF,未勝利,13,7,H0000769,ウマ0769,牝,2022,渡辺 美咲,54.0,8,0.11,0.116,0.622,3
66,レース0066,2025-02-04,中京,1800,TURF,未勝利,14,7,H0000770,ウマ0770,セ,2022,鈴木 花子,54.0,6,0.134,0.205,0.572,6
66,レース0066,2025-02-04,中京,1800,TURF,未勝利,15,8,H0000771,ウマ0771,牡,2021,高橋 大輔,55.0,22,0.237,0.17,0.48,9
66,レース0066,2025-02-04,中京,1800,TURF,未勝利,16,8,H0000772,ウマ0772,セ,2021,伊藤 翼,55.0,27,0.158,0.158,0.398,5
67,レース0067,2025-08-17,阪神,1800,DIRT,1勝,1,1,H0000773,ウマ0773,牡,2020,鈴木 花子,57.0,26,0.152,0.214,0.656,8
67,レース0067,2025-08-17,阪神,1800,DIRT,1勝,2,1,H0000774,ウマ0774,牝,2022,渡辺 美咲,54.0,7,0.223,0.148,0.572,1
67,レース0067,2025-08-17,阪神,1800,DIRT,1勝,3,2,H0000775,ウマ0775,牝,2020,伊藤 翼,58.0,24,0.139,0.196,0.567,4
67,レース0067,2025-08-17,阪神,1800,DIRT,1勝,4,2,H0000776,ウマ0776,セ,2022,田中 一郎,58.0,27,0.048,0.071,0.553,11
67,レース0067,2025-08-17,阪神,1800,DIRT,1勝,5,3,H0000777,ウマ0777,牝,2021,田中 一郎,56.0,4,0.274,0.14,0.702,2
67,レース0067,2025-08-17,阪神,1800,DIRT,1勝,6,3,H0000778,ウマ0778,牡,2021,中村 駿,56.0,7,0.135,0.163,0.787,3
67,レース0067,2025-08-17,阪神,1800,DIRT,1勝,7,4,H0000779,ウマ0779,セ,2022,山本 陽,57.0,18,0.146,0.176,0.571,6
67,レース0067,2025-08-17,阪神,1800,DIRT,1勝,8,4,H0000780,ウマ0780,牝,2021,山本 陽,58.0,15,0.064,0.033,0.603,12
67,レース0067,2025-08-17,阪神,1800,DIRT,1勝,9,5,H0000781,ウマ0781,牡,2021,渡辺 美咲,54.0,28,0.118,0.099,0.707,5
67,レース0067,2025-08-17,阪神,1800,DIRT,1勝,10,5,H0000782,ウマ0782,牝,2021,渡辺 美咲,56.0,16,0.169,0.129,0.508,9
67,レース0067,2025-08-17,阪神,1800,DIRT,1勝,11,6,H0000783,ウマ0783,セ,2020,伊藤 翼,58.0,6,0.101,0.189,0.554,10
67,レース0067,2025-08-17,阪神,1800,DIRT,1勝,12,6,H0000784,ウマ0784,セ,2021,山本 陽,56.0,19,0.31,0.125,0.581,7
68,レース0068,2025-10-01,京都,2400,TURF,未勝利,1,1,H0000785,ウマ0785,セ,2020,渡辺 美咲,57.0,18,0.267,0.126,0.369,10
68,レース0068,2025-10-01,京都,2400,TURF,未勝利,2,1,H0000786,ウマ0786,牝,2021,中村 駿,56.0,9,0.255,0.045,0.545,8
68,レース0068,2025-10-01,京都,2400,TURF,未勝利,3,2,H0000787,ウマ0787,牝,2020,伊藤 翼,58.0,21,0.006,0.132,0.63,11
68,レース0068,2025-10-01,京都,2400,TURF,未勝利,4,2,H0000788,ウマ0788,セ,2020,山本 陽,54.0,13,0.012,0.101,0.624,9
68,レース0068,2025-10-01,京都,2400,TURF,未勝利,5,3,H0000789,ウマ0789,セ,2021,加藤 楓,56.0,28,0.163,0.194,0.364,5
68,レース0068,2025-10-01,京都,2400,TURF,未勝利,6,3,H0000790,ウマ0790,牝,2021,山本 陽,56.0,19,0.162,0.107,0.803,2
68,レース0068,2025-10-01,京都,2400,TURF,未勝利,7,4,H0000791,ウマ0791,セ,2021,高橋 大輔,58.0,24,0.034,0.155,0.565,7
68,レース0068,2025-10-01,京都,2400,TURF,未勝利,8,4,H0000792,ウマ0792,セ,2022,山本 陽,57.0,30,0.196,0.21,0.48,6
68,レース0068,2025-10-01,京都,2400,TURF,未勝利,9,5,H0000793,ウマ0793,牝,2020,高橋 大輔,58.0,7,0.192,0.077,0.319,13
68,レース0068,2025-10-01,京都,2400,TURF,未勝利,10,5,H0000794,ウマ0794,牡,2022,高橋 大輔,57.0,30,0.129,0.128,0.244,14
68,レース0068,2025-10-01,京都,2400,TURF,未勝利,11,6,H0000795,ウマ0795,牡,2020,佐藤 健,58.0,9,0.037,0.179,0.466,12
68,レース0068,2025-10-01,京都,2400,TURF,未勝利,12,6,H0000796,ウマ0796,セ,2021,中村 駿,56.0,23,0.125,0.218,0.606,3
68,レース0068,2025-10-01,京都,2400,TURF,未勝利,13,7,H0000797,ウマ0797,牡,2022,田中 一郎,56.0,26,0.23,0.111,0.544,1
68,レース0068,2025-10-01,京都,2400,TURF,未勝利,14,7,H0000798,ウマ0798,牝,2020,中村 駿,54.0,14,0.202,0.12,0.553,4
69,レース0069,2025-10-24,阪神,1400,TURF,G2,1,1,H0000799,ウマ0799,牡,2020,山本 陽,58.0,6,0.134,0.13,0.428,9
69,レース0069,2025-10-24,阪神,1400,TURF,G2,2,1,H0000800,ウマ0800,セ,2022,高橋 大輔,58.0,16,0.078,0.136,0.396,8
69,レース0069,2025-10-24,阪神,1400,TURF,G2,3,2,H0000801,ウマ0801,セ,2020,小林 蓮,57.0,20,0.189,0.153,0.582,6
69,レース0069,2025-10-24,阪神,1400,TURF,G2,4,2,H0000802,ウマ0802,牝,2022,高橋 大輔,56.0,11,0.25,0.044,0.861,1
69,レース0069,2025-10-24,阪神,1400,TURF,G2,5,3,H0000803,ウマ0803,セ,2020,田中 一郎,56.0,25,0.334,0.049,0.364,7
69,レース0069,2025-10-24,阪神,1400,TURF,G2,6,3,H0000804,ウマ0804,牝,2022,渡辺 美咲,56.0,28,0.288,0.195,0.417,4
69,レース0069,2025-10-24,阪神,1400,TURF,G2,7,4,H0000805,ウマ0805,牝,2021,伊藤 翼,54.0,5,0.136,0.073,0.567,3
69,レース0069,2025-10-24,阪神,1400,TURF,G2,8,4,H0000806,ウマ0806,牡,2021,渡辺 美咲,56.0,28,0.277,0.207,0.432,5
69,レース0069,2025-10-24,阪神,1400,TURF,G2,9,5,H0000807,ウマ0807,牝,2021,中村 駿,57.0,29,0.19,0.079,0.903,2
70,レース0070,2025-06-14,中山,2000,DIRT,G2,1,1,H0000808,ウマ0808,牡,2020,佐藤 健,56.0,23,0.218,0.057,0.353,8
70,レース0070,2025-06-14,中山,2000,DIRT,G2,2,1,H0000809,ウマ0809,牡,2020,佐藤 健,56.0,10,0.059,0.155,0.67,6
70,レース0070,2025-06-14,中山,2000,DIRT,G2,3,2,H0000810,ウマ0810,セ,2021,渡辺 美咲,55.0,17,0.181,0.03,0.501,4
70,レース0070,2025-06-14,中山,2000,DIRT,G2,4,2,H0000811,ウマ0811,牡,2020,中村 駿,56.0,14,0.035,0.141,0.532,5
70,レース0070,2025-06-14,中山,2000,DIRT,G2,5,3,H0000812,ウマ0812,牡,2022,山本 陽,58.0,23,0.317,0.172,0.885,2
70,レース0070,2025-06-14,中山,2000,DIRT,G2,6,3,H0000813,ウマ0813,セ,2021,山本 陽,55.0,11,0.185,0.151,0.414,9
70,レース0070,2025-06-14,中山,2000,DIRT,G2,7,4,H0000814,ウマ0814,牡,2020,加藤 楓,55.0,16,0.196,0.204,0.915,1
70,レース0070,2025-06-14,中山,2000,DIRT,G2,8,4,H0000815,ウマ0815,牡,2021,伊藤 翼,55.0,26,0.21,0.03,0.648,3
70,レース0070,2025-06-14,中山,2000,DIRT,G2,9,5,H0000816,ウマ0816,牝,2022,高橋 大輔,55.0,16,0.087,0.104,0.553,7
71,レース0071,2025-05-08,阪神,1200,TURF,3勝,1,1,H0000817,ウマ0817,牝,2020,渡辺 美咲,57.0,25,0.035,0.057,0.363,10
71,レース0071,2025-05-08,阪神,1200,TURF,3勝,2,1,H0000818,ウマ0818,セ,2022,伊藤 翼,57.0,5,0.28,0.102,0.625,4
71,レース0071,2025-05-08,阪神,1200,TURF,3勝,3,2,H0000819,ウマ0819,セ,2022,田中 一郎,56.0,3,0.206,0.14,0.484,2
71,レース0071,2025-05-08,阪神,1200,TURF,3勝,4,2,H0000820,ウマ0820,セ,2021,佐藤 健,56.0,20,0.237,0.128,0.8,1
71,レース0071,2025-05-08,阪神,1200,TURF,3勝,5,3,H0000821,ウマ0821,牡,2020,渡辺 美咲,56.0,25,0.235,0.138,0.651,3
71,レース0071,2025-05-08,阪神,1200,TURF,3勝,6,3,H0000822,ウマ0822,牡,2021,伊藤 翼,54.0,26,0.272,0.103,0.531,7
71,レース0071,2025-05-08,阪神,1200,TURF,3勝,7,4,H0000823,ウマ0823,牝,2020,渡辺 美咲,56.0,26,0.119,0.171,0.665,8
71,レース0071,2025-05-08,阪神,1200,TURF,3勝,8,4,H0000824,ウマ0824,セ,2022,小林 蓮,55.0,4,0.14,0.215,0.54,9
71,レース0071,2025-05-08,阪神,1200,TURF,3勝,9,5,H0000825,ウマ0825,牝,2020,小林 蓮,55.0,4,0.191,0.146,0.633,5
71,レース0071,2025-05-08,阪神,1200,TURF,3勝,10,5,H0000826,ウマ0826,牝,2020,佐藤 健,58.0,6,0.273,0.03,0.744,6
72,レース0072,2025-03-24,東京,1600,TURF,G3,1,1,H0000827,ウマ0827,牡,2022,山本 陽,58.0,8,0.108,0.128,0.735,1
72,レース0072,2025-03-24,東京,1600,TURF,G3,2,1,H0000828,ウマ0828,牝,2020,伊藤 翼,57.0,24,0.104,0.113,0.586,9
72,レース0072,2025-03-24,東京,1600,TURF,G3,3,2,H0000829,ウマ0829,牡,2020,鈴木 花子,54.0,17,0.226,0.127,0.26,8
72,レース0072,2025-03-24,東京,1600,TURF,G3,4,2,H0000830,ウマ0830,牝,2022,田中 一郎,57.0,13,0.328,0.166,0.319,6
72,レース0072,2025-03-24,東京,1600,TURF,G3,5,3,H0000831,ウマ0831,牡,2022,伊藤 翼,58.0,13,0.309,0.116,0.702,4
72,レース0072,2025-03-24,東京,1600,TURF,G3,6,3,H0000832,ウマ0832,牝,2020,中村 駿,58.0,11,0.156,0.155,0.266,7
72,レース0072,2025-03-24,東京,1600,TURF,G3,7,4,H0000833,ウマ0833,牝,2021,佐藤 健,55.0,6,0.282,0.246,0.602,3
72,レース0072,2025-03-24,東京,1600,TURF,G3,8,4,H0000834,ウマ0834,セ,2020,渡辺 美咲,56.0,24,0.151,0.103,0.859,2
72,レース0072,2025-03-24,東京,1600,TURF,G3,9,5,H0000835,ウマ0835,セ,2022,中村 駿,57.0,5,0.251,0.157,0.611,5
72,レース0072,2025-03-24,東京,1600,TURF,G3,10,5,H0000836,ウマ0836,セ,2021,鈴木 花子,58.0,4,0.273,0.134,0.222,13
72,レース0072,2025-03-24,東京,1600,TURF,G3,11,6,H0000837,ウマ0837,セ,2022,加藤 楓,55.0,5,0.0,0.119,0.434,12
72,レース0072,2025-03-24,東京,1600,TURF,G3,12,6,H0000838,ウマ0838,牡,2022,伊藤 翼,57.0,29,0.064,0.116,0.737,11
72,レース0072,2025-03-24,東京,1600,TURF,G3,13,7,H0000839,ウマ0839,セ,2021,中村 駿,54.0,6,0.181,0.183,0.343,10
73,レース0073,2025-10-03,中京,1600,DIRT,3勝,1,1,H0000840,ウマ0840,牡,2021,田中 一郎,57.0,5,0.132,0.131,0.518,13
73,レース0073,2025-10-03,中京,1600,DIRT,3勝,2,1,H0000841,ウマ0841,牝,2021,佐藤 健,57.0,9,0.059,0.169,0.437,14
73,レース0073,2025-10-03,中京,1600,DIRT,3勝,3,2,H0000842,ウマ0842,セ,2020,中村 駿,58.0,20,0.313,0.163,0.824,2
73,レース0073,2025-10-03,中京,1600,DIRT,3勝,4,2,H0000843,ウマ0843,セ,2022,山本 陽,57.0,26,0.27,0.136,0.812,1
73,レース0073,2025-10-03,中京,1600,DIRT,3勝,5,3,H0000844,ウマ0844,セ,2022,中村 駿,58.0,28,0.191,0.061,0.571,11
73,レース0073,2025-10-03,中京,1600,DIRT,3勝,6,3,H0000845,ウマ0845,牡,2020,高橋 大輔,54.0,18,0.165,0.154,0.637,5
73,レース0073,2025-10-03,中京,1600,DIRT,3勝,7,4,H0000846,ウマ0846,セ,2020,鈴木 花子,57.0,12,0.184,0.087,0.34,10
73,レース0073,2025-10-03,中京,1600,DIRT,3勝,8,4,H0000847,ウマ0847,牝,2021,小林 蓮,55.0,3,0.186,0.102,0.471,7
73,レース0073,2025-10-03,中京,1600,DIRT,3勝,9,5,H0000848,ウマ0848,牝,2020,渡辺 美咲,55.0,3,0.201,0.172,0.366,12
73,レース0073,2025-10-03,中京,1600,DIRT,3勝,10,5,H0000849,ウマ0849,セ,2022,加藤 楓,57.0,12,0.32,0.188,0.38,4
73,レース0073,2025-10-03,中京,1600,DIRT,3勝,11,6,H0000850,ウマ0850,セ,2022,小林 蓮,58.0,10,0.219,0.179,0.592,6
73,レース0073,2025-10-03,中京,1600,DIRT,3勝,12,6,H0000851,ウマ0851,セ,2021,小林 蓮,54.0,6,0.155,0.07,0.412,15
73,レース0073,2025-10-03,中京,1600,DIRT,3勝,13,7,H0000852,ウマ0852,牝,2020,佐藤 健,56.0,12,0.217,0.03,0.564,8
73,レース0073,2025-10-03,中京,1600,DIRT,3勝,14,7,H0000853,ウマ0853,牝,2022,小林 蓮,58.0,7,0.165,0.074,0.352,9
73,レース0073,2025-10-03,中京,1600,DIRT,3勝,15,8,H0000854,ウマ0854,セ,2022,渡辺 美咲,57.0,28,0.221,0.189,0.357,3
74,レース0074,2025-11-16,中山,1600,TURF,G2,1,1,H0000855,ウマ0855,牝,2021,高橋 大輔,57.0,9,0.221,0.154,0.485,2
74,レース0074,2025-11-16,中山,1600,TURF,G2,2,1,H0000856,ウマ0856,牝,2022,佐藤 健,56.0,8,0.154,0.03,0.311,10
74,レース0074,2025-11-16,中山,1600,TURF,G2,3,2,H0000857,ウマ0857,牡,2020,加藤 楓,57.0,10,0.27,0.036,0.614,7
74,レース0074,2025-11-16,中山,1600,TURF,G2,4,2,H0000858,ウマ0858,セ,2021,佐藤 健,56.0,30,0.187,0.03,0.599,3
74,レース0074,2025-11-16,中山,1600,TURF,G2,5,3,H0000859,ウマ0859,牡,2020,山本 陽,57.0,22,0.14,0.074,0.413,8
74,レース0074,2025-11-16,中山,1600,TURF,G2,6,3,H0000860,ウマ0860,牡,2020,鈴木 花子,58.0,30,0.057,0.154,0.122,15
74,レース0074,2025-11-16,中山,1600,TURF,G2,7,4,H0000861,ウマ0861,牡,2020,渡辺 美咲,58.0,13,0.204,0.176,0.512,4
74,レース0074,2025-11-16,中山,1600,TURF,G2,8,4,H0000862,ウマ0862,牝,2020,高橋 大輔,55.0,29,0.04,0.141,0.466,13
74,レース0074,2025-11-16,中山,1600,TURF,G2,9,5,H0000863,ウマ0863,牝,2021,高橋 大輔,56.0,7,0.21,0.087,0.474,5
74,レース0074,2025-11-16,中山,1600,TURF,G2,10,5,H0000864,ウマ0864,牝,2021,中村 駿,55.0,17,0.179,0.131,0.329,14
74,レース0074,2025-11-16,中山,1600,TURF,G2,11,6,H0000865,ウマ0865,牡,2022,加藤 楓,57.0,5,0.284,0.112,0.372,9
74,レース0074,2025-11-16,中山,1600,TURF,G2,12,6,H0000866,ウマ0866,牝,2020,佐藤 健,55.0,21,0.0,0.167,0.629,11
74,レース0074,2025-11-16,中山,1600,TURF,G2,13,7,H0000867,ウマ0867,牝,2021,加藤 楓,58.0,30,0.299,0.155,0.49,1
74,レース0074,2025-11-16,中山,1600,TURF,G2,14,7,H0000868,ウマ0868,牝,2022,山本 陽,56.0,7,0.051,0.102,0.829,12
74,レース0074,2025-11-16,中山,1600,TURF,G2,15,8,H0000869,ウマ0869,セ,2021,中村 駿,58.0,27,0.15,0.078,0.613,6
75,レース0075,2025-07-24,京都,1200,TURF,2勝,1,1,H0000870,ウマ0870,牝,2020,鈴木 花子,58.0,19,0.288,0.11,0.186,1
75,レース0075,2025-07-24,京都,1200,TURF,2勝,2,1,H0000871,ウマ0871,セ,2022,伊藤 翼,54.0,10,0.076,0.111,0.555,6
75,レース0075,2025-07-24,京都,1200,TURF,2勝,3,2,H0000872,ウマ0872,牡,2022,田中 一郎,57.0,29,0.127,0.151,0.417,3
75,レース0075,2025-07-24,京都,1200,TURF,2勝,4,2,H0000873,ウマ0873,セ,2022,田中 一郎,54.0,17,0.092,0.18,0.516,10
75,レース0075,2025-07-24,京都,1200,TURF,2勝,5,3,H0000874,ウマ0874,セ,2022,加藤 楓,58.0,30,0.202,0.111,0.662,5
75,レース0075,2025-07-24,京都,1200,TURF,2勝,6,3,H0000875,ウマ0875,セ,2021,加藤 楓,58.0,26,0.111,0.104,0.482,11
75,レース0075,2025-07-24,京都,1200,TURF,2勝,7,4,H0000876,ウマ0876,牝,2021,鈴木 花子,58.0,7,0.334,0.131,0.71,2
75,レース0075,2025-07-24,京都,1200,TURF,2勝,8,4,H0000877,ウマ0877,牝,2020,渡辺 美咲,55.0,24,0.14,0.039,0.606,9
75,レース0075,2025-07-24,京都,1200,TURF,2勝,9,5,H0000878,ウマ0878,牝,2022,小林 蓮,58.0,23,0.196,0.064,0.511,7
75,レース0075,2025-07-24,京都,1200,TURF,2勝,10,5,H0000879,ウマ0879,牡,2022,佐藤 健,57.0,18,0.094,0.155,0.739,4
75,レース0075,2025-07-24,京都,1200,TURF,2勝,11,6,H0000880,ウマ0880,牡,2022,高橋 大輔,58.0,17,0.136,0.124,0.458,8
76,レース0076,2025-02-20,東京,2000,TURF,2勝,1,1,H0000881,ウマ0881,牝,2021,渡辺 美咲,58.0,12,0.206,0.111,0.448,12
76,レース0076,2025-02-20,東京,2000,TURF,2勝,2,1,H0000882,ウマ0882,セ,2021,田中 一郎,55.0,12,0.234,0.127,0.591,7
76,レース0076,2025-02-20,東京,2000,TURF,2勝,3,2,H0000883,ウマ0883,牡,2020,中村 駿,54.0,18,0.228,0.108,0.638,5
76,レース0076,2025-02-20,東京,2000,TURF,2勝,4,2,H0000884,ウマ0884,牝,2022,山本 陽,56.0,7,0.085,0.072,0.447,11
76,レース0076,2025-02-20,東京,2000,TURF,2勝,5,3,H0000885,ウマ0885,セ,2021,鈴木 花子,57.0,28,0.188,0.071,0.359,14
76,レース0076,2025-02-20,東京,2000,TURF,2勝,6,3,H0000886,ウマ0886,牝,2021,加藤 楓,57.0,4,0.204,0.081,0.372,13
76,レース0076,2025-02-20,東京,2000,TURF,2勝,7,4,H0000887,ウマ0887,セ,2022,伊藤 翼,55.0,20,0.363,0.103,0.527,2
76,レース0076,2025-02-20,東京,2000,TURF,2勝,8,4,H0000888,ウマ0888,セ,2022,山本 陽,54.0,27,0.051,0.086,0.345,15
76,レース0076,2025-02-20,東京,2000,TURF,2勝,9,5,H0000889,ウマ0889,セ,2020,田中 一郎,54.0,11,0.291,0.151,0.626,6
76,レース0076,2025-02-20,東京,2000,TURF,2勝,10,5,H0000890,ウマ0890,セ,2022,渡辺 美咲,58.0,15,0.275,0.139,0.419,8
76,レース0076,2025-02-20,東京,2000,TURF,2勝,11,6,H0000891,ウマ0891,セ,2021,中村 駿,55.0,11,0.091,0.099,0.7,9
76,レース0076,2025-02-20,東京,2000,TURF,2勝,12,6,H0000892,ウマ0892,牡,2020,伊藤 翼,58.0,27,0.147,0.247,0.822,4
76,レース0076,2025-02-20,東京,2000,TURF,2勝,13,7,H0000893,ウマ0893,牡,2020,田中 一郎,58.0,12,0.245,0.153,0.458,1
76,レース0076,2025-02-20,東京,2000,TURF,2勝,14,7,H0000894,ウマ0894,牝,2021,鈴木 花子,57.0,4,0.21,0.096,0.651,3
76,レース0076,2025-02-20,東京,2000,TURF,2勝,15,8,H0000895,ウマ0895,牡,2021,田中 一郎,58.0,13,0.224,0.21,0.37,10
77,レース0077,2025-01-14,中京,1200,DIRT,未勝利,1,1,H0000896,ウマ0896,セ,2022,鈴木 花子,54.0,10,0.126,0.056,0.254,14
77,レース0077,2025-01-14,中京,1200,DIRT,未勝利,2,1,H0000897,ウマ0897,セ,2022,高橋 大輔,57.0,28,0.191,0.058,0.714,10
77,レース0077,2025-01-14,中京,1200,DIRT,未勝利,3,2,H0000898,ウマ0898,セ,2021,加藤 楓,55.0,17,0.263,0.177,0.515,1
77,レース0077,2025-01-14,中京,1200,DIRT,未勝利,4,2,H0000899,ウマ0899,牝,2021,山本 陽,55.0,11,0.339,0.154,0.793,2
77,レース0077,2025-01-14,中京,1200,DIRT,未勝利,5,3,H0000900,ウマ0900,牡,2022,加藤 楓,56.0,12,0.15,0.156,0.401,9
77,レース0077,2025-01-14,中京,1200,DIRT,未勝利,6,3,H0000901,ウマ0901,牡,2022,加藤 楓,57.0,11,0.322,0.153,0.41,5
77,レース0077,2025-01-14,中京,1200,DIRT,未勝利,7,4,H0000902,ウマ0902,牝,2022,渡辺 美咲,58.0,23,0.151,0.155,0.464,4
77,レース0077,2025-01-14,中京,1200,DIRT,未勝利,8,4,H0000903,ウマ0903,牝,2022,渡辺 美咲,56.0,3,0.169,0.213,0.421,11
77,レース0077,2025-01-14,中京,1200,DIRT,未勝利,9,5,H0000904,ウマ0904,牡,2020,佐藤 健,54.0,16,0.2,0.153,0.5,6
77,レース0077,2025-01-14,中京,1200,DIRT,未勝利,10,5,H0000905,ウマ0905,セ,2022,鈴木 花子,54.0,20,0.049,0.103,0.371,13
77,レース0077,2025-01-14,中京,1200,DIRT,未勝利,11,6,H0000906,ウマ0906,牝,2021,山本 陽,57.0,14,0.186,0.223,0.616,3
77,レース0077,2025-01-14,中京,1200,DIRT,未勝利,12,6,H0000907,ウマ0907,牡,2021,田中 一郎,54.0,10,0.05,0.192,0.746,7
77,レース0077,2025-01-14,中京,1200,DIRT,未勝利,13,7,H0000908,ウマ0908,セ,2022,伊藤 翼,56.0,28,0.0,0.126,0.247,15
77,レース0077,2025-01-14,中京,1200,DIRT,未勝利,14,7,H0000909,ウマ0909,セ,2022,山本 陽,56.0,9,0.167,0.094,0.379,12
77,レース0077,2025-01-14,中京,1200,DIRT,未勝利,15,8,H0000910,ウマ0910,牝,2022,加藤 楓,57.0,18,0.183,0.274,0.573,8
78,レース0078,2025-02-19,中京,2400,TURF,G3,1,1,H0000911,ウマ0911,セ,2021,高橋 大輔,55.0,30,0.203,0.143,0.536,1
78,レース0078,2025-02-19,中京,2400,TURF,G3,2,1,H0000912,ウマ0912,セ,2022,小林 蓮,58.0,3,0.297,0.062,0.047,10
78,レース0078,2025-02-19,中京,2400,TURF,G3,3,2,H0000913,ウマ0913,牝,2021,鈴木 花子,56.0,24,0.299,0.103,0.605,3
78,レース0078,2025-02-19,中京,2400,TURF,G3,4,2,H0000914,ウマ0914,セ,2020,田中 一郎,58.0,11,0.17,0.072,0.526,8
78,レース0078,2025-02-19,中京,2400,TURF,G3,5,3,H0000915,ウマ0915,セ,2020,高橋 大輔,56.0,25,0.277,0.1,0.477,9
78,レース0078,2025-02-19,中京,2400,TURF,G3,6,3,H0000916,ウマ0916,牝,2021,鈴木 花子,55.0,23,0.262,0.113,0.583,6
78,レース0078,2025-02-19,中京,2400,TURF,G3,7,4,H0000917,ウマ0917,牡,2020,小林 蓮,56.0,10,0.165,0.122,0.514,5
78,レース0078,2025-02-19,中京,2400,TURF,G3,8,4,H0000918,ウマ0918,牡,2020,山本 陽,56.0,22,0.188,0.221,0.463,7
78,レース0078,2025-02-19,中京,2400,TURF,G3,9,5,H0000919,ウマ0919,牝,2021,鈴木 花子,54.0,28,0.143,0.138,0.462,4
78,レース0078,2025-02-19,中京,2400,TURF,G3,10,5,H0000920,ウマ0920,セ,2022,中村 駿,57.0,5,0.195,0.208,0.84,2
79,レース0079,2025-07-04,東京,1600,TURF,1勝,1,1,H0000921,ウマ0921,牝,2021,中村 駿,58.0,22,0.111,0.095,0.759,7
79,レース0079,2025-07-04,東京,1600,TURF,1勝,2,1,H0000922,ウマ0922,牝,2022,高橋 大輔,54.0,6,0.061,0.097,0.438,8
79,レース0079,2025-07-04,東京,1600,TURF,1勝,3,2,H0000923,ウマ0923,牡,2022,加藤 楓,55.0,11,0.277,0.17,0.84,1
79,レース0079,2025-07-04,東京,1600,TURF,1勝,4,2,H0000924,ウマ0924,牡,2020,田中 一郎,58.0,4,0.245,0.095,0.713,3
79,レース0079,2025-07-04,東京,1600,TURF,1勝,5,3,H0000925,ウマ0925,セ,2020,佐藤 健,56.0,18,0.263,0.178,0.289,6
79,レース0079,2025-07-04,東京,1600,TURF,1勝,6,3,H0000926,ウマ0926,セ,2022,佐藤 健,56.0,4,0.169,0.113,0.704,2
79,レース0079,2025-07-04,東京,1600,TURF,1勝,7,4,H0000927,ウマ0927,牡,2022,高橋 大輔,56.0,28,0.193,0.222,0.494,5
79,レース0079,2025-07-04,東京,1600,TURF,1勝,8,4,H0000928,ウマ0928,牝,2022,渡辺 美咲,57.0,30,0.169,0.159,0.599,4
79,レース0079,2025-07-04,東京,1600,TURF,1勝,9,5,H0000929,ウマ0929,牡,2021,高橋 大輔,55.0,3,0.0,0.069,0.41,9
80,レース0080,2025-04-16,中山,2000,DIRT,OP,1,1,H0000930,ウマ0930,牝,2020,中村 駿,56.0,8,0.118,0.118,0.108,11
80,レース0080,2025-04-16,中山,2000,DIRT,OP,2,1,H0000931,ウマ0931,牝,2021,高橋 大輔,58.0,23,0.185,0.125,0.719,7
80,レース0080,2025-04-16,中山,2000,DIRT,OP,3,2,H0000932,ウマ0932,牡,2020,伊藤 翼,54.0,8,0.185,0.057,0.393,4
80,レース0080,2025-04-16,中山,2000,DIRT,OP,4,2,H0000933,ウマ0933,牡,2020,伊藤 翼,55.0,6,0.194,0.168,0.71,6
80,レース0080,2025-04-16,中山,2000,DIRT,OP,5,3,H0000934,ウマ0934,牡,2021,高橋 大輔,57.0,12,0.335,0.205,0.586,2
80,レース0080,2025-04-16,中山,2000,DIRT,OP,6,3,H0000935,ウマ0935,セ,2021,鈴木 花子,58.0,6,0.097,0.143,0.473,5
80,レース0080,2025-04-16,中山,2000,DIRT,OP,7,4,H0000936,ウマ0936,牝,2022,渡辺 美咲,55.0,13,0.22,0.2,0.872,3
80,レース0080,2025-04-16,中山,2000,DIRT,OP,8,4,H0000937,ウマ0937,セ,2021,佐藤 健,58.0,13,0.0,0.05,0.552,10
80,レース0080,2025-04-16,中山,2000,DIRT,OP,9,5,H0000938,ウマ0938,セ,2022,小林 蓮,56.0,9,0.208,0.131,0.804,1
80,レース0080,2025-04-16,中山,2000,DIRT,OP,10,5,H0000939,ウマ0939,セ,2022,渡辺 美咲,55.0,18,0.158,0.043,0.613,8
80,レース0080,2025-04-16,中山,2000,DIRT,OP,11,6,H0000940,ウマ0940,牝,2022,小林 蓮,56.0,18,0.06,0.099,0.537,9
81,レース0081,2025-04-08,中京,2400,DIRT,G1,1,1,H0000941,ウマ0941,セ,2020,渡辺 美咲,57.0,11,0.258,0.096,0.562,2
81,レース0081,2025-04-08,中京,2400,DIRT,G1,2,1,H0000942,ウマ0942,セ,2021,高橋 大輔,54.0,21,0.243,0.104,0.52,9
81,レース0081,2025-04-08,中京,2400,DIRT,G1,3,2,H0000943,ウマ0943,牝,2021,伊藤 翼,57.0,15,0.284,0.145,0.448,7
81,レース0081,2025-04-08,中京,2400,DIRT,G1,4,2,H0000944,ウマ0944,牝,2020,伊藤 翼,56.0,29,0.264,0.183,0.58,3
81,レース0081,2025-04-08,中京,2400,DIRT,G1,5,3,H0000945,ウマ0945,牡,2021,田中 一郎,55.0,20,0.067,0.129,0.678,12
81,レース0081,2025-04-08,中京,2400,DIRT,G1,6,3,H0000946,ウマ0946,セ,2022,伊藤 翼,56.0,9,0.214,0.14,0.663,6
81,レース0081,2025-04-08,中京,2400,DIRT,G1,7,4,H0000947,ウマ0947,牡,2021,伊藤 翼,58.0,29,0.093,0.03,0.851,4
81,レース0081,2025-04-08,中京,2400,DIRT,G1,8,4,H0000948,ウマ0948,セ,2020,小林 蓮,57.0,23,0.178,0.033,1.0,1
81,レース0081,2025-04-08,中京,2400,DIRT,G1,9,5,H0000949,ウマ0949,牡,2021,高橋 大輔,55.0,19,0.028,0.123,0.657,10
81,レース0081,2025-04-08,中京,2400,DIRT,G1,10,5,H0000950,ウマ0950,牝,2021,鈴木 花子,57.0,13,0.253,0.076,0.431,8
81,レース0081,2025-04-08,中京,2400,DIRT,G1,11,6,H0000951,ウマ0951,セ,2020,渡辺 美咲,57.0,7,0.234,0.086,0.725,5
81,レース0081,2025-04-08,中京,2400,DIRT,G1,12,6,H0000952,ウマ0952,セ,2021,渡辺 美咲,54.0,10,0.147,0.107,0.506,11
82,レース0082,2025-06-19,阪神,2400,DIRT,3勝,1,1,H0000953,ウマ0953,セ,2022,山本 陽,56.0,30,0.336,0.143,0.642,1
82,レース0082,2025-06-19,阪神,2400,DIRT,3勝,2,1,H0000954,ウマ0954,牝,2020,小林 蓮,57.0,6,0.156,0.092,0.662,9
82,レース0082,2025-06-19,阪神,2400,DIRT,3勝,3,2,H0000955,ウマ0955,セ,2020,田中 一郎,55.0,29,0.071,0.242,0.451,11
82,レース0082,2025-06-19,阪神,2400,DIRT,3勝,4,2,H0000956,ウマ0956,牝,2021,高橋 大輔,55.0,10,0.121,0.108,0.357,14
82,レース0082,2025-06-19,阪神,2400,DIRT,3勝,5,3,H0000957,ウマ0957,牝,2021,佐藤 健,54.0,6,0.152,0.189,0.384,10
82,レース0082,2025-06-19,阪神,2400,DIRT,3勝,6,3,H0000958,ウマ0958,牡,2020,高橋 大輔,54.0,12,0.204,0.166,0.686,3
82,レース0082,2025-06-19,阪神,2400,DIRT,3勝,7,4,H0000959,ウマ0959,セ,2022,小林 蓮,56.0,11,0.051,0.162,0.308,13
82,レース0082,2025-06-19,阪神,2400,DIRT,3勝,8,4,H0000960,ウマ0960,牝,2022,高橋 大輔,57.0,19,0.199,0.176,1.0,2
82,レース0082,2025-06-19,阪神,2400,DIRT,3勝,9,5,H0000961,ウマ0961,牝,2022,小林 蓮,54.0,14,0.124,0.187,0.35,7
82,レース0082,2025-06-19,阪神,2400,DIRT,3勝,10,5,H0000962,ウマ0962,牡,2021,高橋 大輔,56.0,8,0.186,0.106,0.28,12
82,レース0082,2025-06-19,阪神,2400,DIRT,3勝,11,6,H0000963,ウマ0963,牡,2021,田中 一郎,55.0,10,0.298,0.082,0.168,8
82,レース0082,2025-06-19,阪神,2400,DIRT,3勝,12,6,H0000964,ウマ0964,牡,2022,高橋 大輔,58.0,18,0.232,0.152,0.48,6
82,レース0082,2025-06-19,阪神,2400,DIRT,3勝,13,7,H0000965,ウマ0965,牝,2021,小林 蓮,54.0,8,0.051,0.175,0.675,5
82,レース0082,2025-06-19,阪神,2400,DIRT,3勝,14,7,H0000966,ウマ0966,セ,2022,小林 蓮,57.0,15,0.24,0.129,0.764,4
83,レース0083,2025-01-09,阪神,1800,TURF,G1,1,1,H0000967,ウマ0967,牡,2022,高橋 大輔,57.0,25,0.331,0.204,0.411,4
83,レース0083,2025-01-09,阪神,1800,TURF,G1,2,1,H0000968,ウマ0968,牡,2020,山本 陽,56.0,6,0.312,0.156,0.519,2
83,レース0083,2025-01-09,阪神,1800,TURF,G1,3,2,H0000969,ウマ0969,牡,2021,渡辺 美咲,54.0,8,0.2,0.153,0.544,6
83,レース0083,2025-01-09,阪神,1800,TURF,G1,4,2,H0000970,ウマ0970,セ,2020,加藤 楓,58.0,23,0.125,0.133,0.597,13
83,レース0083,2025-01-09,阪神,1800,TURF,G1,5,3,H0000971,ウマ0971,牡,2020,中村 駿,57.0,27,0.111,0.067,0.77,12
83,レース0083,2025-01-09,阪神,1800,TURF,G1,6,3,H0000972,ウマ0972,牡,2021,田中 一郎,55.0,3,0.263,0.141,0.68,3
83,レース0083,2025-01-09,阪神,1800,TURF,G1,7,4,H0000973,ウマ0973,セ,2020,佐藤 健,54.0,4,0.149,0.158,0.488,7
83,レース0083,2025-01-09,阪神,1800,TURF,G1,8,4,H0000974,ウマ0974,セ,2020,山本 陽,56.0,9,0.125,0.109,0.593,11
83,レース0083,2025-01-09,阪神,1800,TURF,G1,9,5,H0000975,ウマ0975,牡,2020,中村 駿,54.0,23,0.263,0.11,0.432,10
83,レース0083,2025-01-09,阪神,1800,TURF,G1,10,5,H0000976,ウマ0976,セ,2021,山本 陽,57.0,14,0.209,0.11,0.713,8
83,レース0083,2025-01-09,阪神,1800,TURF,G1,11,6,H0000977,ウマ0977,牡,2022,加藤 楓,57.0,28,0.36,0.158,0.289,1
83,レース0083,2025-01-09,阪神,1800,TURF,G1,12,6,H0000978,ウマ0978,牡,2022,渡辺 美咲,55.0,23,0.261,0.227,0.529,5
83,レース0083,2025-01-09,阪神,1800,TURF,G1,13,7,H0000979,ウマ0979,セ,2021,小林 蓮,56.0,5,0.135,0.059,0.823,9
84,レース0084,2025-09-19,東京,1800,DIRT,OP,1,1,H0000980,ウマ0980,牡,2021,高橋 大輔,54.0,26,0.156,0.128,0.522,7
84,レース0084,2025-09-19,東京,1800,DIRT,OP,2,1,H0000981,ウマ0981,牡,2021,高橋 大輔,57.0,23,0.119,0.146,0.636,9
84,レース0084,2025-09-19,東京,1800,DIRT,OP,3,2,H0000982,ウマ0982,牝,2022,渡辺 美咲,58.0,7,0.203,0.24,0.646,1
84,レース0084,2025-09-19,東京,1800,DIRT,OP,4,2,H0000983,ウマ0983,牝,2020,高橋 大輔,57.0,30,0.157,0.201,0.564,6
84,レース0084,2025-09-19,東京,1800,DIRT,OP,5,3,H0000984,ウマ0984,セ,2020,高橋 大輔,55.0,22,0.071,0.125,0.386,12
84,レース0084,2025-09-19,東京,1800,DIRT,OP,6,3,H0000985,ウマ0985,牡,2020,田中 一郎,54.0,23,0.256,0.086,0.653,3
84,レース0084,2025-09-19,東京,1800,DIRT,OP,7,4,H0000986,ウマ0986,セ,2022,高橋 大輔,55.0,10,0.296,0.248,0.529,4
84,レース0084,2025-09-19,東京,1800,DIRT,OP,8,4,H0000987,ウマ0987,牡,2022,高橋 大輔,55.0,12,0.085,0.128,0.445,13
84,レース0084,2025-09-19,東京,1800,DIRT,OP,9,5,H0000988,ウマ0988,牝,2020,渡辺 美咲,55.0,15,0.191,0.118,0.741,5
84,レース0084,2025-09-19,東京,1800,DIRT,OP,10,5,H0000989,ウマ0989,牝,2020,中村 駿,57.0,16,0.107,0.169,0.332,10
84,レース0084,2025-09-19,東京,1800,DIRT,OP,11,6,H0000990,ウマ0990,牡,2022,佐藤 健,56.0,11,0.238,0.181,0.309,8
84,レース0084,2025-09-19,東京,1800,DIRT,OP,12,6,H0000991,ウマ0991,牡,2022,小林 蓮,57.0,9,0.124,0.159,0.502,11
84,レース0084,2025-09-19,東京,1800,DIRT,OP,13,7,H0000992,ウマ0992,セ,2022,渡辺 美咲,54.0,18,0.293,0.148,0.646,2
85,レース0085,2025-07-16,阪神,2400,DIRT,2勝,1,1,H0000993,ウマ0993,セ,2020,高橋 大輔,54.0,27,0.085,0.268,0.887,2
85,レース0085,2025-07-16,阪神,2400,DIRT,2勝,2,1,H0000994,ウマ0994,牝,2022,渡辺 美咲,56.0,25,0.261,0.095,0.604,5
85,レース0085,2025-07-16,阪神,2400,DIRT,2勝,3,2,H0000995,ウマ0995,牝,2022,田中 一郎,57.0,25,0.263,0.147,0.43,11
85,レース0085,2025-07-16,阪神,2400,DIRT,2勝,4,2,H0000996,ウマ0996,セ,2020,伊藤 翼,58.0,10,0.211,0.116,0.462,8
85,レース0085,2025-07-16,阪神,2400,DIRT,2勝,5,3,H0000997,ウマ0997,牝,2021,山本 陽,54.0,5,0.002,0.056,0.565,14
85,レース0085,2025-07-16,阪神,2400,DIRT,2勝,6,3,H0000998,ウマ0998,牝,2021,伊藤 翼,57.0,19,0.168,0.098,0.536,12
85,レース0085,2025-07-16,阪神,2400,DIRT,2勝,7,4,H0000999,ウマ0999,セ,2020,鈴木 花子,57.0,23,0.309,0.115,0.436,4
85,レース0085,2025-07-16,阪神,2400,DIRT,2勝,8,4,H0001000,ウマ1000,牡,2022,中村 駿,55.0,25,0.232,0.05,0.408,13
85,レース0085,2025-07-16,阪神,2400,DIRT,2勝,9,5,H0001001,ウマ1001,牝,2022,中村 駿,54.0,23,0.085,0.268,0.554,6
85,レース0085,2025-07-16,阪神,2400,DIRT,2勝,10,5,H0001002,ウマ1002,セ,2020,高橋 大輔,55.0,18,0.175,0.117,0.736,7
85,レース0085,2025-07-16,阪神,2400,DIRT,2勝,11,6,H0001003,ウマ1003,セ,2020,高橋 大輔,55.0,11,0.271,0.241,0.235,9
85,レース0085,2025-07-16,阪神,2400,DIRT,2勝,12,6,H0001004,ウマ1004,セ,2020,佐藤 健,57.0,5,0.23,0.231,0.511,3
85,レース0085,2025-07-16,阪神,2400,DIRT,2勝,13,7,H0001005,ウマ1005,牝,2022,鈴木 花子,58.0,3,0.157,0.177,0.522,10
85,レース0085,2025-07-16,阪神,2400,DIRT,2勝,14,7,H0001006,ウマ1006,牡,2020,高橋 大輔,54.0,19,0.261,0.207,0.662,1
86,レース0086,2025-06-20,阪神,1800,DIRT,未勝利,1,1,H0001007,ウマ1007,セ,2021,中村 駿,55.0,22,0.102,0.151,1.0,2
86,レース0086,2025-06-20,阪神,1800,DIRT,未勝利,2,1,H0001008,ウマ1008,牡,2021,中村 駿,56.0,26,0.0,0.174,0.609,7
86,レース0086,2025-06-20,阪神,1800,DIRT,未勝利,3,2,H0001009,ウマ1009,セ,2020,渡辺 美咲,58.0,17,0.285,0.032,0.641,5
86,レース0086,2025-06-20,阪神,1800,DIRT,未勝利,4,2,H0001010,ウマ1010,セ,2020,田中 一郎,57.0,23,0.187,0.076,0.371,8
86,レース0086,2025-06-20,阪神,1800,DIRT,未勝利,5,3,H0001011,ウマ1011,セ,2021,小林 蓮,54.0,10,0.339,0.106,0.719,1
86,レース0086,2025-06-20,阪神,1800,DIRT,未勝利,6,3,H0001012,ウマ1012,牝,2021,小林 蓮,58.0,24,0.189,0.09,0.437,6
86,レース0086,2025-06-20,阪神,1800,DIRT,未勝利,7,4,H0001013,ウマ1013,セ,2022,加藤 楓,55.0,4,0.302,0.045,0.535,4
86,レース0086,2025-06-20,阪神,1800,DIRT,未勝利,8,4,H0001014,ウマ1014,セ,2021,佐藤 健,56.0,17,0.105,0.192,0.781,3
87,レース0087,2025-03-25,阪神,1400,TURF,OP,1,1,H0001015,ウマ1015,牝,2021,伊藤 翼,54.0,10,0.311,0.103,0.999,1
87,レース0087,2025-03-25,阪神,1400,TURF,OP,2,1,H0001016,ウマ1016,セ,2022,小林 蓮,54.0,5,0.355,0.116,0.288,2
87,レース0087,2025-03-25,阪神,1400,TURF,OP,3,2,H0001017,ウマ1017,牝,2021,中村 駿,58.0,23,0.203,0.087,0.589,7
87,レース0087,2025-03-25,阪神,1400,TURF,OP,4,2,H0001018,ウマ1018,牡,2021,鈴木 花子,57.0,12,0.296,0.09,0.37,3
87,レース0087,2025-03-25,阪神,1400,TURF,OP,5,3,H0001019,ウマ1019,牡,2021,中村 駿,54.0,21,0.213,0.141,0.525,4
87,レース0087,2025-03-25,阪神,1400,TURF,OP,6,3,H0001020,ウマ1020,牝,2021,渡辺 美咲,58.0,27,0.0,0.126,0.395,9
87,レース0087,2025-03-25,阪神,1400,TURF,OP,7,4,H0001021,ウマ1021,牡,2021,田中 一郎,58.0,20,0.09,0.187,0.613,5
87,レース0087,2025-03-25,阪神,1400,TURF,OP,8,4,H0001022,ウマ1022,牝,2022,小林 蓮,56.0,7,0.076,0.156,0.424,6
87,レース0087,2025-03-25,阪神,1400,TURF,OP,9,5,H0001023,ウマ1023,牝,2022,鈴木 花子,54.0,11,0.139,0.113,0.386,8
88,レース0088,2025-01-26,中山,1600,DIRT,1勝,1,1,H0001024,ウマ1024,牡,2022,田中 一郎,55.0,30,0.041,0.083,0.843,3
88,レース0088,2025-01-26,中山,1600,DIRT,1勝,2,1,H0001025,ウマ1025,セ,2021,渡辺 美咲,55.0,16,0.209,0.033,0.529,2
88,レース0088,2025-01-26,中山,1600,DIRT,1勝,3,2,H0001026,ウマ1026,セ,2022,伊藤 翼,57.0,12,0.105,0.063,0.057,15
88,レース0088,2025-01-26,中山,1600,DIRT,1勝,4,2,H0001027,ウマ1027,セ,2020,伊藤 翼,55.0,17,0.16,0.099,0.661,6
88,レース0088,2025-01-26,中山,1600,DIRT,1勝,5,3,H0001028,ウマ1028,牝,2020,高橋 大輔,57.0,9,0.109,0.093,0.355,12
88,レース0088,2025-01-26,中山,1600,DIRT,1勝,6,3,H0001029,ウマ1029,牡,2021,中村 駿,58.0,24,0.2,0.099,0.451,10
88,レース0088,2025-01-26,中山,1600,DIRT,1勝,7,4,H0001030,ウマ1030,牝,2020,田中 一郎,54.0,6,0.111,0.192,0.206,13
88,レース0088,2025-01-26,中山,1600,DIRT,1勝,8,4,H0001031,ウマ1031,牡,2020,中村 駿,57.0,18,0.309,0.121,0.154,11
88,レース0088,2025-01-26,中山,1600,DIRT,1勝,9,5,H0001032,ウマ1032,牝,2022,鈴木 花子,55.0,27,0.048,0.108,0.779,4
88,レース0088,2025-01-26,中山,1600,DIRT,1勝,10,5,H0001033,ウマ1033,牡,2020,鈴木 花子,57.0,6,0.018,0.151,0.362,14
88,レース0088,2025-01-26,中山,1600,DIRT,1勝,11,6,H0001034,ウマ1034,セ,2022,山本 陽,58.0,18,0.266,0.056,0.568,7
88,レース0088,2025-01-26,中山,1600,DIRT,1勝,12,6,H0001035,ウマ1035,セ,2021,伊藤 翼,57.0,21,0.158,0.212,0.581,1
88,レース0088,2025-01-26,中山,1600,DIRT,1勝,13,7,H0001036,ウマ1036,セ,2020,中村 駿,58.0,20,0.125,0.161,0.663,9
88,レース0088,2025-01-26,中山,1600,DIRT,1勝,14,7,H0001037,ウマ1037,セ,2020,高橋 大輔,58.0,24,0.245,0.05,0.486,8
88,レース0088,2025-01-26,中山,1600,DIRT,1勝,15,8,H0001038,ウマ1038,牡,2022,小林 蓮,58.0,28,0.174,0.155,0.482,5
89,レース0089,2025-11-06,東京,1400,TURF,OP,1,1,H0001039,ウマ1039,牝,2022,佐藤 健,54.0,16,0.239,0.15,0.551,5
89,レース0089,2025-11-06,東京,1400,TURF,OP,2,1,H0001040,ウマ1040,セ,2021,加藤 楓,55.0,17,0.142,0.203,0.512,9
89,レース0089,2025-11-06,東京,1400,TURF,OP,3,2,H0001041,ウマ1041,セ,2020,鈴木 花子,56.0,24,0.247,0.175,0.398,7
89,レース0089,2025-11-06,東京,1400,TURF,OP,4,2,H0001042,ウマ1042,牡,2020,山本 陽,55.0,20,0.363,0.146,0.43,6
89,レース0089,2025-11-06,東京,1400,TURF,OP,5,3,H0001043,ウマ1043,牝,2021,佐藤 健,54.0,15,0.198,0.176,0.724,3
89,レース0089,2025-11-06,東京,1400,TURF,OP,6,3,H0001044,ウマ1044,牡,2022,高橋 大輔,57.0,5,0.271,0.03,0.668,1
89,レース0089,2025-11-06,東京,1400,TURF,OP,7,4,H0001045,ウマ1045,セ,2022,山本 陽,56.0,8,0.131,0.101,0.376,13
89,レース0089,2025-11-06,東京,1400,TURF,OP,8,4,H0001046,ウマ1046,セ,2020,鈴木 花子,57.0,11,0.084,0.105,0.6,12
89,レース0089,2025-11-06,東京,1400,TURF,OP,9,5,H0001047,ウマ1047,牝,2021,佐藤 健,54.0,30,0.211,0.147,0.487,8
89,レース0089,2025-11-06,東京,1400,TURF,OP,10,5,H0001048,ウマ1048,牡,2021,鈴木 花子,54.0,28,0.17,0.142,0.413,11
89,レース0089,2025-11-06,東京,1400,TURF,OP,11,6,H0001049,ウマ1049,牝,2022,山本 陽,57.0,30,0.23,0.116,0.529,10
89,レース0089,2025-11-06,東京,1400,TURF,OP,12,6,H0001050,ウマ1050,牡,2021,中村 駿,54.0,8,0.104,0.122,0.69,4
89,レース0089,2025-11-06,東京,1400,TURF,OP,13,7,H0001051,ウマ1051,牝,2021,山本 陽,58.0,7,0.097,0.198,0.767,2
90,レース0090,2025-03-13,東京,2400,TURF,G3,1,1,H0001052,ウマ1052,牡,2022,山本 陽,56.0,16,0.158,0.094,0.492,6
90,レース0090,2025-03-13,東京,2400,TURF,G3,2,1,H0001053,ウマ1053,牝,2022,高橋 大輔,58.0,12,0.165,0.099,0.871,5
90,レース0090,2025-03-13,東京,2400,TURF,G3,3,2,H0001054,ウマ1054,牝,2020,鈴木 花子,56.0,5,0.166,0.116,0.492,9
90,レース0090,2025-03-13,東京,2400,TURF,G3,4,2,H0001055,ウマ1055,牝,2020,中村 駿,56.0,24,0.153,0.03,0.581,8
90,レース0090,2025-03-13,東京,2400,TURF,G3,5,3,H0001056,ウマ1056,セ,2022,加藤 楓,57.0,25,0.207,0.049,0.534,7
90,レース0090,2025-03-13,東京,2400,TURF,G3,6,3,H0001057,ウマ1057,セ,2022,渡辺 美咲,54.0,10,0.191,0.136,0.675,4
90,レース0090,2025-03-13,東京,2400,TURF,G3,7,4,H0001058,ウマ1058,牡,2022,小林 蓮,58.0,8,0.338,0.204,0.54,2
90,レース0090,2025-03-13,東京,2400,TURF,G3,8,4,H0001059,ウマ1059,牡,2022,渡辺 美咲,54.0,4,0.095,0.038,0.423,11
90,レース0090,2025-03-13,東京,2400,TURF,G3,9,5,H0001060,ウマ1060,牝,2022,高橋 大輔,56.0,29,0.171,0.087,0.632,1
90,レース0090,2025-03-13,東京,2400,TURF,G3,10,5,H0001061,ウマ1061,牡,2022,山本 陽,56.0,15,0.031,0.109,0.662,10
90,レース0090,2025-03-13,東京,2400,TURF,G3,11,6,H0001062,ウマ1062,牡,2021,山本 陽,58.0,30,0.231,0.139,0.7,3
90,レース0090,2025-03-13,東京,2400,TURF,G3,12,6,H0001063,ウマ1063,牝,2022,佐藤 健,56.0,15,0.096,0.133,0.43,12
91,レース0091,2025-04-03,東京,1800,TURF,未勝利,1,1,H0001064,ウマ1064,牝,2020,佐藤 健,57.0,27,0.127,0.03,0.48,12
91,レース0091,2025-04-03,東京,1800,TURF,未勝利,2,1,H0001065,ウマ1065,セ,2021,鈴木 花子,57.0,17,0.144,0.1,0.43,8
91,レース0091,2025-04-03,東京,1800,TURF,未勝利,3,2,H0001066,ウマ1066,牝,2020,渡辺 美咲,55.0,30,0.226,0.1,0.389,10
91,レース0091,2025-04-03,東京,1800,TURF,未勝利,4,2,H0001067,ウマ1067,牡,2020,高橋 大輔,57.0,18,0.169,0.107,0.529,6
91,レース0091,2025-04-03,東京,1800,TURF,未勝利,5,3,H0001068,ウマ1068,セ,2021,佐藤 健,54.0,13,0.227,0.268,0.421,3
91,レース0091,2025-04-03,東京,1800,TURF,未勝利,6,3,H0001069,ウマ1069,牡,2020,佐藤 健,57.0,7,0.181,0.043,0.316,13
91,レース0091,2025-04-03,東京,1800,TURF,未勝利,7,4,H0001070,ウマ1070,牝,2021,山本 陽,55.0,26,0.265,0.125,0.575,7
91,レース0091,2025-04-03,東京,1800,TURF,未勝利,8,4,H0001071,ウマ1071,牡,2022,加藤 楓,57.0,8,0.283,0.133,0.535,5
91,レース0091,2025-04-03,東京,1800,TURF,未勝利,9,5,H0001072,ウマ1072,牡,2022,中村 駿,56.0,9,0.217,0.13,0.857,1
91,レース0091,2025-04-03,東京,1800,TURF,未勝利,10,5,H0001073,ウマ1073,セ,2022,佐藤 健,58.0,10,0.025,0.144,0.782,11
91,レース0091,2025-04-03,東京,1800,TURF,未勝利,11,6,H0001074,ウマ1074,牡,2021,田中 一郎,56.0,22,0.268,0.167,0.675,2
91,レース0091,2025-04-03,東京,1800,TURF,未勝利,12,6,H0001075,ウマ1075,牝,2021,田中 一郎,55.0,19,0.236,0.225,0.39,9
91,レース0091,2025-04-03,東京,1800,TURF,未勝利,13,7,H0001076,ウマ1076,牝,2021,中村 駿,54.0,10,0.255,0.115,0.576,4
92,レース0092,2025-01-22,東京,1200,TURF,G1,1,1,H0001077,ウマ1077,牝,2021,渡辺 美咲,54.0,13,0.178,0.096,0.162,13
92,レース0092,2025-01-22,東京,1200,TURF,G1,2,1,H0001078,ウマ1078,牡,2021,渡辺 美咲,54.0,26,0.214,0.122,0.627,2
92,レース0092,2025-01-22,東京,1200,TURF,G1,3,2,H0001079,ウマ1079,牡,2022,中村 駿,55.0,5,0.235,0.053,0.342,7
92,レース0092,2025-01-22,東京,1200,TURF,G1,4,2,H0001080,ウマ1080,セ,2022,高橋 大輔,58.0,9,0.115,0.15,0.488,12
92,レース0092,2025-01-22,東京,1200,TURF,G1,5,3,H0001081,ウマ1081,牝,2020,加藤 楓,56.0,26,0.122,0.03,0.752,6
92,レース0092,2025-01-22,東京,1200,TURF,G1,6,3,H0001082,ウマ1082,牝,2022,渡辺 美咲,57.0,14,0.231,0.145,0.627,4
92,レース0092,2025-01-22,東京,1200,TURF,G1,7,4,H0001083,ウマ1083,セ,2020,佐藤 健,57.0,22,0.044,0.155,0.607,8
92,レース0092,2025-01-22,東京,1200,TURF,G1,8,4,H0001084,ウマ1084,セ,2020,高橋 大輔,56.0,26,0.162,0.11,1.0,3
92,レース0092,2025-01-22,東京,1200,TURF,G1,9,5,H0001085,ウマ1085,セ,2021,加藤 楓,54.0,27,0.221,0.076,0.338,11
92,レース0092,2025-01-22,東京,1200,TURF,G1,10,5,H0001086,ウマ1086,牡,2022,高橋 大輔,55.0,21,0.158,0.077,0.707,5
92,レース0092,2025-01-22,東京,1200,TURF,G1,11,6,H0001087,ウマ1087,牡,2021,伊藤 翼,58.0,20,0.119,0.033,0.6,10
92,レース0092,2025-01-22,東京,1200,TURF,G1,12,6,H0001088,ウマ1088,牡,2022,佐藤 健,58.0,11,0.084,0.156,0.637,9
92,レース0092,2025-01-22,東京,1200,TURF,G1,13,7,H0001089,ウマ1089,牡,2022,鈴木 花子,55.0,3,0.244,0.112,0.615,1
93,レース0093,2025-12-18,中京,1600,DIRT,G2,1,1,H0001090,ウマ1090,牡,2022,田中 一郎,58.0,29,0.055,0.128,0.646,12
93,レース0093,2025-12-18,中京,1600,DIRT,G2,2,1,H0001091,ウマ1091,セ,2020,中村 駿,54.0,23,0.09,0.194,0.524,9
93,レース0093,2025-12-18,中京,1600,DIRT,G2,3,2,H0001092,ウマ1092,牝,2020,渡辺 美咲,58.0,11,0.248,0.127,0.802,2
93,レース0093,2025-12-18,中京,1600,DIRT,G2,4,2,H0001093,ウマ1093,セ,2021,渡辺 美咲,57.0,7,0.216,0.198,0.664,6
93,レース0093,2025-12-18,中京,1600,DIRT,G2,5,3,H0001094,ウマ1094,牡,2020,山本 陽,55.0,18,0.11,0.148,0.504,10
93,レース0093,2025-12-18,中京,1600,DIRT,G2,6,3,H0001095,ウマ1095,セ,2022,高橋 大輔,55.0,5,0.233,0.119,0.519,5
93,レース0093,2025-12-18,中京,1600,DIRT,G2,7,4,H0001096,ウマ1096,牝,2020,加藤 楓,57.0,7,0.256,0.163,0.699,1
93,レース0093,2025-12-18,中京,1600,DIRT,G2,8,4,H0001097,ウマ1097,牡,2022,田中 一郎,54.0,7,0.156,0.04,0.41,13
93,レース0093,2025-12-18,中京,1600,DIRT,G2,9,5,H0001098,ウマ1098,セ,2020,田中 一郎,55.0,28,0.127,0.13,0.625,4
93,レース0093,2025-12-18,中京,1600,DIRT,G2,10,5,H0001099,ウマ1099,セ,2021,佐藤 健,55.0,12,0.295,0.181,0.401,7
93,レース0093,2025-12-18,中京,1600,DIRT,G2,11,6,H0001100,ウマ1100,牝,2022,加藤 楓,54.0,6,0.3,0.116,0.641,3
93,レース0093,2025-12-18,中京,1600,DIRT,G2,12,6,H0001101,ウマ1101,牡,2020,高橋 大輔,57.0,16,0.207,0.132,0.47,11
93,レース0093,2025-12-18,中京,1600,DIRT,G2,13,7,H0001102,ウマ1102,セ,2021,鈴木 花子,56.0,18,0.168,0.095,0.661,8
94,レース0094,2025-06-03,東京,1200,TURF,3勝,1,1,H0001103,ウマ1103,牡,2021,加藤 楓,54.0,13,0.146,0.113,0.908,3
94,レース0094,2025-06-03,東京,1200,TURF,3勝,2,1,H0001104,ウマ1104,セ,2021,山本 陽,55.0,29,0.086,0.069,0.391,10
94,レース0094,2025-06-03,東京,1200,TURF,3勝,3,2,H0001105,ウマ1105,セ,2020,田中 一郎,56.0,30,0.138,0.229,0.522,5
94,レース0094,2025-06-03,東京,1200,TURF,3勝,4,2,H0001106,ウマ1106,牝,2021,小林 蓮,55.0,29,0.285,0.156,0.508,8
94,レース0094,2025-06-03,東京,1200,TURF,3勝,5,3,H0001107,ウマ1107,牡,2020,中村 駿,54.0,14,0.288,0.157,0.691,4
94,レース0094,2025-06-03,東京,1200,TURF,3勝,6,3,H0001108,ウマ1108,セ,2021,佐藤 健,57.0,28,0.162,0.108,0.721,7
94,レース0094,2025-06-03,東京,1200,TURF,3勝,7,4,H0001109,ウマ1109,セ,2022,高橋 大輔,58.0,15,0.371,0.091,0.381,9
94,レース0094,2025-06-03,東京,1200,TURF,3勝,8,4,H0001110,ウマ1110,セ,2022,高橋 大輔,58.0,25,0.256,0.199,0.693,2
94,レース0094,2025-06-03,東京,1200,TURF,3勝,9,5,H0001111,ウマ1111,牡,2020,田中 一郎,56.0,14,0.253,0.155,0.652,6
94,レース0094,2025-06-03,東京,1200,TURF,3勝,10,5,H0001112,ウマ1112,牡,2022,中村 駿,55.0,10,0.348,0.068,0.819,1
95,レース0095,2025-02-23,中山,2400,TURF,G3,1,1,H0001113,ウマ1113,牡,2022,山本 陽,56.0,5,0.155,0.083,1.0,4
95,レース0095,2025-02-23,中山,2400,TURF,G3,2,1,H0001114,ウマ1114,牝,2020,鈴木 花子,55.0,10,0.218,0.064,0.585,11
95,レース0095,2025-02-23,中山,2400,TURF,G3,3,2,H0001115,ウマ1115,牡,2022,加藤 楓,55.0,25,0.283,0.16,0.59,2
95,レース0095,2025-02-23,中山,2400,TURF,G3,4,2,H0001116,ウマ1116,セ,2022,田中 一郎,56.0,12,0.133,0.183,0.486,9
95,レース0095,2025-02-23,中山,2400,TURF,G3,5,3,H0001117,ウマ1117,牡,2021,中村 駿,55.0,24,0.204,0.141,0.397,8
95,レース0095,2025-02-23,中山,2400,TURF,G3,6,3,H0001118,ウマ1118,セ,2021,高橋 大輔,56.0,16,0.084,0.182,0.487,7
95,レース0095,2025-02-23,中山,2400,TURF,G3,7,4,H0001119,ウマ1119,牝,2022,田中 一郎,55.0,10,0.245,0.113,0.697,1
95,レース0095,2025-02-23,中山,2400,TURF,G3,8,4,H0001120,ウマ1120,牡,2022,小林 蓮,58.0,18,0.228,0.058,0.76,3
95,レース0095,2025-02-23,中山,2400,TURF,G3,9,5,H0001121,ウマ1121,牡,2021,鈴木 花子,56.0,6,0.13,0.196,0.6,6
95,レース0095,2025-02-23,中山,2400,TURF,G3,10,5,H0001122,ウマ1122,牝,2020,加藤 楓,56.0,6,0.132,0.19,0.665,10
95,レース0095,2025-02-23,中山,2400,TURF,G3,11,6,H0001123,ウマ1123,牡,2020,伊藤 翼,58.0,5,0.291,0.157,0.556,5
96,レース0096,2025-06-03,中京,1200,DIRT,G1,1,1,H0001124,ウマ1124,牝,2022,高橋 大輔,56.0,13,0.103,0.136,0.542,6
96,レース0096,2025-06-03,中京,1200,DIRT,G1,2,1,H0001125,ウマ1125,セ,2022,鈴木 花子,54.0,19,0.182,0.05,0.827,4
96,レース0096,2025-06-03,中京,1200,DIRT,G1,3,2,H0001126,ウマ1126,牝,2022,田中 一郎,58.0,12,0.157,0.14,0.454,5
96,レース0096,2025-06-03,中京,1200,DIRT,G1,4,2,H0001127,ウマ1127,セ,2022,佐藤 健,55.0,27,0.252,0.194,0.772,2
96,レース0096,2025-06-03,中京,1200,DIRT,G1,5,3,H0001128,ウマ1128,セ,2022,加藤 楓,58.0,27,0.24,0.099,0.0,8
96,レース0096,2025-06-03,中京,1200,DIRT,G1,6,3,H0001129,ウマ1129,セ,2022,中村 駿,57.0,10,0.094,0.204,0.46,7
96,レース0096,2025-06-03,中京,1200,DIRT,G1,7,4,H0001130,ウマ1130,セ,2022,小林 蓮,54.0,6,0.252,0.148,0.789,1
96,レース0096,2025-06-03,中京,1200,DIRT,G1,8,4,H0001131,ウマ1131,牝,2021,佐藤 健,54.0,12,0.197,0.104,0.706,3
97,レース0097,2025-06-03,東京,2000,DIRT,2勝,1,1,H0001132,ウマ1132,牝,2021,小林 蓮,57.0,23,0.098,0.201,0.673,5
97,レース0097,2025-06-03,東京,2000,DIRT,2勝,2,1,H0001133,ウマ1133,牝,2021,山本 陽,56.0,24,0.37,0.076,0.755,1
97,レース0097,2025-06-03,東京,2000,DIRT,2勝,3,2,H0001134,ウマ1134,牝,2020,中村 駿,58.0,19,0.162,0.163,0.675,2
97,レース0097,2025-06-03,東京,2000,DIRT,2勝,4,2,H0001135,ウマ1135,牡,2022,加藤 楓,54.0,3,0.005,0.162,0.603,7
97,レース0097,2025-06-03,東京,2000,DIRT,2勝,5,3,H0001136,ウマ1136,牝,2020,高橋 大輔,57.0,15,0.179,0.143,0.62,6
97,レース0097,2025-06-03,東京,2000,DIRT,2勝,6,3,H0001137,ウマ1137,牝,2020,鈴木 花子,58.0,8,0.274,0.077,0.432,3
97,レース0097,2025-06-03,東京,2000,DIRT,2勝,7,4,H0001138,ウマ1138,牡,2021,渡辺 美咲,57.0,5,0.262,0.117,0.151,9
97,レース0097,2025-06-03,東京,2000,DIRT,2勝,8,4,H0001139,ウマ1139,牝,2020,加藤 楓,57.0,7,0.056,0.283,0.271,10
97,レース0097,2025-06-03,東京,2000,DIRT,2勝,9,5,H0001140,ウマ1140,牡,2022,中村 駿,55.0,4,0.192,0.157,0.518,4
97,レース0097,2025-06-03,東京,2000,DIRT,2勝,10,5,H0001141,ウマ1141,牡,2022,中村 駿,54.0,11,0.259,0.112,0.365,8
98,レース0098,2025-05-13,中山,1400,TURF,G2,1,1,H0001142,ウマ1142,セ,2020,伊藤 翼,57.0,8,0.223,0.219,0.73,2
98,レース0098,2025-05-13,中山,1400,TURF,G2,2,1,H0001143,ウマ1143,牝,2021,小林 蓮,56.0,18,0.199,0.111,0.684,7
98,レース0098,2025-05-13,中山,1400,TURF,G2,3,2,H0001144,ウマ1144,セ,2022,中村 駿,57.0,29,0.132,0.045,0.48,12
98,レース0098,2025-05-13,中山,1400,TURF,G2,4,2,H0001145,ウマ1145,牝,2022,渡辺 美咲,58.0,3,0.337,0.135,0.491,4
98,レース0098,2025-05-13,中山,1400,TURF,G2,5,3,H0001146,ウマ1146,牝,2020,中村 駿,55.0,11,0.159,0.162,0.712,5
98,レース0098,2025-05-13,中山,1400,TURF,G2,6,3,H0001147,ウマ1147,セ,2022,鈴木 花子,55.0,4,0.172,0.129,0.226,11
98,レース0098,2025-05-13,中山,1400,TURF,G2,7,4,H0001148,ウマ1148,牡,2022,中村 駿,57.0,9,0.232,0.157,1.0,1
98,レース0098,2025-05-13,中山,1400,TURF,G2,8,4,H0001149,ウマ1149,牝,2020,伊藤 翼,54.0,12,0.052,0.231,0.782,6
98,レース0098,2025-05-13,中山,1400,TURF,G2,9,5,H0001150,ウマ1150,牝,2021,中村 駿,57.0,14,0.159,0.03,0.545,9
98,レース0098,2025-05-13,中山,1400,TURF,G2,10,5,H0001151,ウマ1151,牝,2021,渡辺 美咲,54.0,8,0.113,0.18,0.247,8
98,レース0098,2025-05-13,中山,1400,TURF,G2,11,6,H0001152,ウマ1152,セ,2022,中村 駿,57.0,23,0.158,0.102,0.515,10
98,レース0098,2025-05-13,中山,1400,TURF,G2,12,6,H0001153,ウマ1153,牡,2020,田中 一郎,54.0,22,0.154,0.198,0.866,3
99,レース0099,2025-11-15,東京,2400,DIRT,G2,1,1,H0001154,ウマ1154,牡,2020,小林 蓮,56.0,20,0.1,0.039,0.543,8
99,レース0099,2025-11-15,東京,2400,DIRT,G2,2,1,H0001155,ウマ1155,セ,2022,中村 駿,57.0,3,0.136,0.152,0.459,13
99,レース0099,2025-11-15,東京,2400,DIRT,G2,3,2,H0001156,ウマ1156,セ,2021,伊藤 翼,58.0,29,0.189,0.211,0.434,9
99,レース0099,2025-11-15,東京,2400,DIRT,G2,4,2,H0001157,ウマ1157,牡,2020,渡辺 美咲,57.0,29,0.341,0.067,0.542,6
99,レース0099,2025-11-15,東京,2400,DIRT,G2,5,3,H0001158,ウマ1158,牡,2022,中村 駿,58.0,10,0.173,0.168,0.245,14
99,レース0099,2025-11-15,東京,2400,DIRT,G2,6,3,H0001159,ウマ1159,セ,2021,佐藤 健,54.0,23,0.096,0.113,0.416,11
99,レース0099,2025-11-15,東京,2400,DIRT,G2,7,4,H0001160,ウマ1160,セ,2020,中村 駿,57.0,10,0.12,0.068,0.735,2
99,レース0099,2025-11-15,東京,2400,DIRT,G2,8,4,H0001161,ウマ1161,セ,2021,加藤 楓,57.0,8,0.311,0.183,0.296,3
99,レース0099,2025-11-15,東京,2400,DIRT,G2,9,5,H0001162,ウマ1162,牡,2022,山本 陽,54.0,7,0.177,0.162,0.512,12
99,レース0099,2025-11-15,東京,2400,DIRT,G2,10,5,H0001163,ウマ1163,セ,2020,小林 蓮,57.0,23,0.319,0.144,0.614,5
99,レース0099,2025-11-15,東京,2400,DIRT,G2,11,6,H0001164,ウマ1164,牡,2021,高橋 大輔,55.0,20,0.163,0.098,0.425,10
99,レース0099,2025-11-15,東京,2400,DIRT,G2,12,6,H0001165,ウマ1165,牝,2020,佐藤 健,56.0,23,0.258,0.062,0.612,4
99,レース0099,2025-11-15,東京,2400,DIRT,G2,13,7,H0001166,ウマ1166,セ,2020,鈴木 花子,54.0,7,0.098,0.273,0.625,7
99,レース0099,2025-11-15,東京,2400,DIRT,G2,14,7,H0001167,ウマ1167,牡,2021,鈴木 花子,56.0,18,0.141,0.234,0.725,1
100,レース0100,2025-04-22,阪神,1800,TURF,G2,1,1,H0001168,ウマ1168,牡,2021,田中 一郎,57.0,8,0.238,0.038,0.732,5
100,レース0100,2025-04-22,阪神,1800,TURF,G2,2,1,H0001169,ウマ1169,牝,2022,山本 陽,56.0,20,0.112,0.07,0.605,3
100,レース0100,2025-04-22,阪神,1800,TURF,G2,3,2,H0001170,ウマ1170,牡,2022,田中 一郎,56.0,20,0.144,0.191,0.557,6
100,レース0100,2025-04-22,阪神,1800,TURF,G2,4,2,H0001171,ウマ1171,牡,2021,佐藤 健,54.0,10,0.287,0.139,0.758,2
100,レース0100,2025-04-22,阪神,1800,TURF,G2,5,3,H0001172,ウマ1172,牝,2020,鈴木 花子,55.0,14,0.328,0.196,0.688,4
100,レース0100,2025-04-22,阪神,1800,TURF,G2,6,3,H0001173,ウマ1173,牝,2020,伊藤 翼,57.0,8,0.146,0.06,0.229,8
100,レース0100,2025-04-22,阪神,1800,TURF,G2,7,4,H0001174,ウマ1174,牡,2022,山本 陽,56.0,12,0.214,0.161,0.88,1
100,レース0100,2025-04-22,阪神,1800,TURF,G2,8,4,H0001175,ウマ1175,セ,2021,渡辺 美咲,57.0,22,0.211,0.159,0.516,7
101,レース0101,2025-10-12,中京,1800,DIRT,OP,1,1,H0001176,ウマ1176,牡,2022,伊藤 翼,54.0,21,0.086,0.08,0.731,6
101,レース0101,2025-10-12,中京,1800,DIRT,OP,2,1,H0001177,ウマ1177,牡,2020,佐藤 健,58.0,28,0.077,0.167,0.866,3
101,レース0101,2025-10-12,中京,1800,DIRT,OP,3,2,H0001178,ウマ1178,牡,2022,渡辺 美咲,56.0,14,0.026,0.091,0.836,7
101,レース0101,2025-10-12,中京,1800,DIRT,OP,4,2,H0001179,ウマ1179,セ,2021,高橋 大輔,56.0,20,0.228,0.164,0.824,1
101,レース0101,2025-10-12,中京,1800,DIRT,OP,5,3,H0001180,ウマ1180,牡,2022,伊藤 翼,55.0,25,0.188,0.167,0.609,2
101,レース0101,2025-10-12,中京,1800,DIRT,OP,6,3,H0001181,ウマ1181,牝,2021,渡辺 美咲,57.0,9,0.035,0.065,0.595,8
101,レース0101,2025-10-12,中京,1800,DIRT,OP,7,4,H0001182,ウマ1182,牝,2021,鈴木 花子,57.0,6,0.153,0.159,0.857,4
101,レース0101,2025-10-12,中京,1800,DIRT,OP,8,4,H0001183,ウマ1183,セ,2022,田中 一郎,54.0,17,0.063,0.15,0.439,9
101,レース0101,2025-10-12,中京,1800,DIRT,OP,9,5,H0001184,ウマ1184,セ,2022,田中 一郎,57.0,13,0.144,0.109,0.888,5
102,レース0102,2025-12-10,東京,1200,DIRT,1勝,1,1,H0001185,ウマ1185,牡,2021,伊藤 翼,56.0,25,0.157,0.213,0.364,7
102,レース0102,2025-12-10,東京,1200,DIRT,1勝,2,1,H0001186,ウマ1186,セ,2020,田中 一郎,54.0,10,0.247,0.188,0.529,1
102,レース0102,2025-12-10,東京,1200,DIRT,1勝,3,2,H0001187,ウマ1187,牡,2020,渡辺 美咲,57.0,29,0.192,0.132,0.676,3
102,レース0102,2025-12-10,東京,1200,DIRT,1勝,4,2,H0001188,ウマ1188,牡,2020,田中 一郎,54.0,12,0.229,0.254,0.238,8
102,レース0102,2025-12-10,東京,1200,DIRT,1勝,5,3,H0001189,ウマ1189,牡,2022,小林 蓮,56.0,6,0.252,0.15,0.3,5
102,レース0102,2025-12-10,東京,1200,DIRT,1勝,6,3,H0001190,ウマ1190,牝,2022,小林 蓮,58.0,24,0.073,0.2,0.805,2
102,レース0102,2025-12-10,東京,1200,DIRT,1勝,7,4,H0001191,ウマ1191,セ,2021,高橋 大輔,56.0,5,0.259,0.173,0.316,6
102,レース0102,2025-12-10,東京,1200,DIRT,1勝,8,4,H0001192,ウマ1192,牡,2022,高橋 大輔,54.0,25,0.118,0.126,0.7,4
103,レース0103,2025-01-22,東京,1200,DIRT,OP,1,1,H0001193,ウマ1193,セ,2022,渡辺 美咲,55.0,27,0.215,0.22,0.582,1
103,レース0103,2025-01-22,東京,1200,DIRT,OP,2,1,H0001194,ウマ1194,牡,2020,高橋 大輔,55.0,14,0.219,0.204,0.453,2
103,レース0103,2025-01-22,東京,1200,DIRT,OP,3,2,H0001195,ウマ1195,牝,2021,佐藤 健,57.0,24,0.106,0.166,0.462,9
103,レース0103,2025-01-22,東京,1200,DIRT,OP,4,2,H0001196,ウマ1196,牡,2022,鈴木 花子,54.0,10,0.138,0.095,0.89,5
103,レース0103,2025-01-22,東京,1200,DIRT,OP,5,3,H0001197,ウマ1197,牝,2020,加藤 楓,58.0,5,0.279,0.136,0.528,6
103,レース0103,2025-01-22,東京,1200,DIRT,OP,6,3,H0001198,ウマ1198,セ,2021,田中 一郎,57.0,17,0.282,0.109,0.648,3
103,レース0103,2025-01-22,東京,1200,DIRT,OP,7,4,H0001199,ウマ1199,牡,2021,佐藤 健,57.0,22,0.174,0.152,0.376,8
103,レース0103,2025-01-22,東京,1200,DIRT,OP,8,4,H0001200,ウマ1200,セ,2020,高橋 大輔,58.0,6,0.063,0.119,0.793,7
103,レース0103,2025-01-22,東京,1200,DIRT,OP,9,5,H0001201,ウマ1201,牝,2020,山本 陽,54.0,25,0.186,0.146,0.688,4
104,レース0104,2025-12-27,阪神,1200,DIRT,OP,1,1,H0001202,ウマ1202,牡,2021,伊藤 翼,55.0,25,0.196,0.159,0.452,10
104,レース0104,2025-12-27,阪神,1200,DIRT,OP,2,1,H0001203,ウマ1203,牝,2022,高橋 大輔,58.0,8,0.06,0.084,0.727,9
104,レース0104,2025-12-27,阪神,1200,DIRT,OP,3,2,H0001204,ウマ1204,牝,2020,田中 一郎,55.0,24,0.239,0.122,0.613,4
104,レース0104,2025-12-27,阪神,1200,DIRT,OP,4,2,H0001205,ウマ1205,牡,2022,渡辺 美咲,54.0,18,0.1,0.137,0.612,11
104,レース0104,2025-12-27,阪神,1200,DIRT,OP,5,3,H0001206,ウマ1206,牡,2020,山本 陽,55.0,24,0.243,0.08,0.446,8
104,レース0104,2025-12-27,阪神,1200,DIRT,OP,6,3,H0001207,ウマ1207,牡,2021,渡辺 美咲,55.0,17,0.351,0.124,0.442,1
104,レース0104,2025-12-27,阪神,1200,DIRT,OP,7,4,H0001208,ウマ1208,牝,2021,渡辺 美咲,58.0,17,0.171,0.084,0.56,12
104,レース0104,2025-12-27,阪神,1200,DIRT,OP,8,4,H0001209,ウマ1209,牝,2022,加藤 楓,58.0,26,0.264,0.134,0.456,7
104,レース0104,2025-12-27,阪神,1200,DIRT,OP,9,5,H0001210,ウマ1210,セ,2020,渡辺 美咲,57.0,18,0.0,0.112,0.472,13
104,レース0104,2025-12-27,阪神,1200,DIRT,OP,10,5,H0001211,ウマ1211,牡,2021,鈴木 花子,55.0,11,0.296,0.143,0.486,2
104,レース0104,2025-12-27,阪神,1200,DIRT,OP,11,6,H0001212,ウマ1212,セ,2020,伊藤 翼,57.0,24,0.09,0.184,0.361,3
104,レース0104,2025-12-27,阪神,1200,DIRT,OP,12,6,H0001213,ウマ1213,牡,2022,加藤 楓,56.0,25,0.133,0.166,0.182,14
104,レース0104,2025-12-27,阪神,1200,DIRT,OP,13,7,H0001214,ウマ1214,セ,2021,伊藤 翼,57.0,6,0.065,0.092,0.756,6
104,レース0104,2025-12-27,阪神,1200,DIRT,OP,14,7,H0001215,ウマ1215,牝,2022,加藤 楓,55.0,24,0.284,0.119,0.47,5
105,レース0105,2025-05-01,京都,1600,DIRT,G2,1,1,H0001216,ウマ1216,牝,2021,田中 一郎,58.0,16,0.087,0.096,0.586,9
105,レース0105,2025-05-01,京都,1600,DIRT,G2,2,1,H0001217,ウマ1217,セ,2022,加藤 楓,56.0,7,0.078,0.206,0.643,6
105,レース0105,2025-05-01,京都,1600,DIRT,G2,3,2,H0001218,ウマ1218,牡,2021,山本 陽,55.0,5,0.195,0.206,0.468,1
105,レース0105,2025-05-01,京都,1600,DIRT,G2,4,2,H0001219,ウマ1219,牡,2021,伊藤 翼,57.0,22,0.174,0.142,0.674,8
105,レース0105,2025-05-01,京都,1600,DIRT,G2,5,3,H0001220,ウマ1220,牡,2022,高橋 大輔,56.0,11,0.152,0.106,0.765,5
105,レース0105,2025-05-01,京都,1600,DIRT,G2,6,3,H0001221,ウマ1221,牝,2022,佐藤 健,58.0,15,0.255,0.178,0.526,2
105,レース0105,2025-05-01,京都,1600,DIRT,G2,7,4,H0001222,ウマ1222,牝,2022,渡辺 美咲,54.0,19,0.216,0.149,0.216,10
105,レース0105,2025-05-01,京都,1600,DIRT,G2,8,4,H0001223,ウマ1223,牝,2020,加藤 楓,57.0,3,0.31,0.099,0.364,3
105,レース0105,2025-05-01,京都,1600,DIRT,G2,9,5,H0001224,ウマ1224,牝,2020,山本 陽,55.0,19,0.199,0.18,0.5,7
105,レース0105,2025-05-01,京都,1600,DIRT,G2,10,5,H0001225,ウマ1225,牝,2020,中村 駿,54.0,24,0.092,0.18,0.848,4
106,レース0106,2025-01-09,阪神,1200,DIRT,G2,1,1,H0001226,ウマ1226,牝,2022,小林 蓮,56.0,25,0.071,0.165,0.321,8
106,レース0106,2025-01-09,阪神,1200,DIRT,G2,2,1,H0001227,ウマ1227,セ,2020,加藤 楓,54.0,26,0.164,0.145,0.534,3
106,レース0106,2025-01-09,阪神,1200,DIRT,G2,3,2,H0001228,ウマ1228,牝,2022,田中 一郎,55.0,28,0.045,0.157,0.53,7
106,レース0106,2025-01-09,阪神,1200,DIRT,G2,4,2,H0001229,ウマ1229,セ,2020,高橋 大輔,58.0,9,0.043,0.137,0.551,5
106,レース0106,2025-01-09,阪神,1200,DIRT,G2,5,3,H0001230,ウマ1230,牡,2020,伊藤 翼,58.0,15,0.181,0.139,0.574,4
106,レース0106,2025-01-09,阪神,1200,DIRT,G2,6,3,H0001231,ウマ1231,セ,2021,山本 陽,56.0,6,0.123,0.133,0.583,2
106,レース0106,2025-01-09,阪神,1200,DIRT,G2,7,4,H0001232,ウマ1232,セ,2022,高橋 大輔,55.0,8,0.354,0.065,0.656,1
106,レース0106,2025-01-09,阪神,1200,DIRT,G2,8,4,H0001233,ウマ1233,セ,2021,渡辺 美咲,56.0,24,0.041,0.124,0.613,6
107,レース0107,2025-08-14,阪神,2400,DIRT,G2,1,1,H0001234,ウマ1234,セ,2021,田中 一郎,56.0,21,0.278,0.141,0.456,5
107,レース0107,2025-08-14,阪神,2400,DIRT,G2,2,1,H0001235,ウマ1235,牝,2020,小林 蓮,54.0,26,0.138,0.198,0.746,2
107,レース0107,2025-08-14,阪神,2400,DIRT,G2,3,2,H0001236,ウマ1236,セ,2020,渡辺 美咲,55.0,25,0.102,0.123,0.556,8
107,レース0107,2025-08-14,阪神,2400,DIRT,G2,4,2,H0001237,ウマ1237,セ,2020,伊藤 翼,58.0,28,0.073,0.121,0.597,10
107,レース0107,2025-08-14,阪神,2400,DIRT,G2,5,3,H0001238,ウマ1238,セ,2021,中村 駿,57.0,18,0.226,0.133,0.398,11
107,レース0107,2025-08-14,阪神,2400,DIRT,G2,6,3,H0001239,ウマ1239,セ,2021,山本 陽,58.0,21,0.135,0.111,0.495,12
107,レース0107,2025-08-14,阪神,2400,DIRT,G2,7,4,H0001240,ウマ1240,牡,2022,佐藤 健,57.0,10,0.077,0.09,0.754,9
107,レース0107,2025-08-14,阪神,2400,DIRT,G2,8,4,H0001241,ウマ1241,セ,2020,鈴木 花子,55.0,8,0.215,0.144,0.738,1
107,レース0107,2025-08-14,阪神,2400,DIRT,G2,9,5,H0001242,ウマ1242,牡,2022,伊藤 翼,57.0,6,0.139,0.123,0.374,7
107,レース0107,2025-08-14,阪神,2400,DIRT,G2,10,5,H0001243,ウマ1243,牝,2020,小林 蓮,54.0,15,0.326,0.149,0.387,3
107,レース0107,2025-08-14,阪神,2400,DIRT,G2,11,6,H0001244,ウマ1244,牝,2021,小林 蓮,58.0,24,0.211,0.178,0.74,4
107,レース0107,2025-08-14,阪神,2400,DIRT,G2,12,6,H0001245,ウマ1245,牡,2022,鈴木 花子,55.0,9,0.166,0.163,0.723,6
108,レース0108,2025-10-18,中山,1600,TURF,1勝,1,1,H0001246,ウマ1246,牡,2022,小林 蓮,58.0,19,0.32,0.16,0.426,4
108,レース0108,2025-10-18,中山,1600,TURF,1勝,2,1,H0001247,ウマ1247,セ,2021,鈴木 花子,54.0,21,0.105,0.186,0.459,8
108,レース0108,2025-10-18,中山,1600,TURF,1勝,3,2,H0001248,ウマ1248,牝,2020,田中 一郎,56.0,22,0.162,0.207,0.698,5
108,レース0108,2025-10-18,中山,1600,TURF,1勝,4,2,H0001249,ウマ1249,牝,2020,佐藤 健,56.0,12,0.161,0.127,0.615,6
108,レース0108,2025-10-18,中山,1600,TURF,1勝,5,3,H0001250,ウマ1250,セ,2021,中村 駿,58.0,22,0.113,0.188,0.657,3
108,レース0108,2025-10-18,中山,1600,TURF,1勝,6,3,H0001251,ウマ1251,牡,2021,中村 駿,56.0,11,0.31,0.157,0.706,1
108,レース0108,2025-10-18,中山,1600,TURF,1勝,7,4,H0001252,ウマ1252,セ,2022,渡辺 美咲,54.0,27,0.245,0.162,0.909,2
108,レース0108,2025-10-18,中山,1600,TURF,1勝,8,4,H0001253,ウマ1253,セ,2020,渡辺 美咲,58.0,5,0.084,0.042,0.556,7
109,レース0109,2025-03-09,中京,2000,TURF,未勝利,1,1,H0001254,ウマ1254,セ,2021,中村 駿,57.0,18,0.215,0.126,0.467,6
109,レース0109,2025-03-09,中京,2000,TURF,未勝利,2,1,H0001255,ウマ1255,牡,2022,山本 陽,54.0,30,0.122,0.222,0.587,9
109,レース0109,2025-03-09,中京,2000,TURF,未勝利,3,2,H0001256,ウマ1256,牡,2021,中村 駿,54.0,25,0.177,0.075,0.738,2
109,レース0109,2025-03-09,中京,2000,TURF,未勝利,4,2,H0001257,ウマ1257,牝,2021,高橋 大輔,54.0,13,0.279,0.185,0.465,1
109,レース0109,2025-03-09,中京,2000,TURF,未勝利,5,3,H0001258,ウマ1258,牡,2020,中村 駿,55.0,26,0.166,0.114,0.574,10
109,レース0109,2025-03-09,中京,2000,TURF,未勝利,6,3,H0001259,ウマ1259,牡,2020,鈴木 花子,54.0,4,0.183,0.039,0.496,4
109,レース0109,2025-03-09,中京,2000,TURF,未勝利,7,4,H0001260,ウマ1260,セ,2022,高橋 大輔,54.0,12,0.174,0.152,0.631,5
109,レース0109,2025-03-09,中京,2000,TURF,未勝利,8,4,H0001261,ウマ1261,セ,2020,小林 蓮,54.0,25,0.242,0.167,0.406,7
109,レース0109,2025-03-09,中京,2000,TURF,未勝利,9,5,H0001262,ウマ1262,牝,2021,加藤 楓,55.0,12,0.07,0.126,0.382,13
109,レース0109,2025-03-09,中京,2000,TURF,未勝利,10,5,H0001263,ウマ1263,牡,2021,中村 駿,58.0,25,0.226,0.103,0.673,3
109,レース0109,2025-03-09,中京,2000,TURF,未勝利,11,6,H0001264,ウマ1264,牡,2022,高橋 大輔,54.0,12,0.131,0.185,0.487,11
109,レース0109,2025-03-09,中京,2000,TURF,未勝利,12,6,H0001265,ウマ1265,牡,2022,小林 蓮,55.0,23,0.177,0.096,0.32,14
109,レース0109,2025-03-09,中京,2000,TURF,未勝利,13,7,H0001266,ウマ1266,牡,2021,伊藤 翼,54.0,21,0.299,0.141,0.107,12
109,レース0109,2025-03-09,中京,2000,TURF,未勝利,14,7,H0001267,ウマ1267,牡,2021,中村 駿,58.0,17,0.054,0.192,0.676,8
110,レース0110,2025-11-14,中山,1800,TURF,G3,1,1,H0001268,ウマ1268,牝,2020,山本 陽,54.0,27,0.217,0.058,0.496,4
110,レース0110,2025-11-14,中山,1800,TURF,G3,2,1,H0001269,ウマ1269,牡,2021,山本 陽,58.0,16,0.339,0.06,0.824,1
110,レース0110,2025-11-14,中山,1800,TURF,G3,3,2,H0001270,ウマ1270,セ,2021,伊藤 翼,54.0,30,0.09,0.188,0.315,6
110,レース0110,2025-11-14,中山,1800,TURF,G3,4,2,H0001271,ウマ1271,牝,2021,高橋 大輔,58.0,7,0.291,0.126,0.295,7
110,レース0110,2025-11-14,中山,1800,TURF,G3,5,3,H0001272,ウマ1272,牡,2022,伊藤 翼,56.0,13,0.246,0.164,0.47,5
110,レース0110,2025-11-14,中山,1800,TURF,G3,6,3,H0001273,ウマ1273,セ,2020,鈴木 花子,56.0,12,0.157,0.124,0.528,3
110,レース0110,2025-11-14,中山,1800,TURF,G3,7,4,H0001274,ウマ1274,牝,2021,田中 一郎,56.0,17,0.25,0.09,0.484,2
110,レース0110,2025-11-14,中山,1800,TURF,G3,8,4,H0001275,ウマ1275,牡,2022,鈴木 花子,58.0,11,0.205,0.131,0.388,8
111,レース0111,2025-05-25,京都,1800,TURF,G3,1,1,H0001276,ウマ1276,セ,2020,佐藤 健,57.0,30,0.279,0.139,0.414,8
111,レース0111,2025-05-25,京都,1800,TURF,G3,2,1,H0001277,ウマ1277,セ,2021,田中 一郎,58.0,20,0.159,0.119,0.588,4
111,レース0111,2025-05-25,京都,1800,TURF,G3,3,2,H0001278,ウマ1278,牡,2022,渡辺 美咲,56.0,20,0.197,0.126,0.488,3
111,レース0111,2025-05-25,京都,1800,TURF,G3,4,2,H0001279,ウマ1279,牡,2020,高橋 大輔,57.0,13,0.156,0.064,0.508,15
111,レース0111,2025-05-25,京都,1800,TURF,G3,5,3,H0001280,ウマ1280,牝,2021,佐藤 健,57.0,3,0.209,0.045,0.405,16
111,レース0111,2025-05-25,京都,1800,TURF,G3,6,3,H0001281,ウマ1281,牝,2022,田中 一郎,56.0,8,0.107,0.208,0.456,10
111,レース0111,2025-05-25,京都,1800,TURF,G3,7,4,H0001282,ウマ1282,牡,2020,山本 陽,55.0,9,0.259,0.102,0.66,2
111,レース0111,2025-05-25,京都,1800,TURF,G3,8,4,H0001283,ウマ1283,牡,2021,山本 陽,58.0,4,0.218,0.074,0.591,5
111,レース0111,2025-05-25,京都,1800,TURF,G3,9,5,H0001284,ウマ1284,牡,2022,加藤 楓,54.0,21,0.075,0.114,0.464,6
111,レース0111,2025-05-25,京都,1800,TURF,G3,10,5,H0001285,ウマ1285,セ,2021,加藤 楓,58.0,19,0.08,0.071,0.461,14
111,レース0111,2025-05-25,京都,1800,TURF,G3,11,6,H0001286,ウマ1286,牡,2021,高橋 大輔,58.0,28,0.169,0.093,0.602,9
111,レース0111,2025-05-25,京都,1800,TURF,G3,12,6,H0001287,ウマ1287,牝,2022,中村 駿,54.0,14,0.189,0.083,0.263,13
111,レース0111,2025-05-25,京都,1800,TURF,G3,13,7,H0001288,ウマ1288,セ,2021,山本 陽,54.0,10,0.221,0.186,0.661,1
111,レース0111,2025-05-25,京都,1800,TURF,G3,14,7,H0001289,ウマ1289,牡,2021,山本 陽,55.0,24,0.091,0.146,0.244,11
111,レース0111,2025-05-25,京都,1800,TURF,G3,15,8,H0001290,ウマ1290,牡,2020,中村 駿,56.0,16,0.109,0.155,0.657,7
111,レース0111,2025-05-25,京都,1800,TURF,G3,16,8,H0001291,ウマ1291,牝,2020,佐藤 健,55.0,6,0.129,0.129,0.179,12
112,レース0112,2025-03-28,京都,2400,DIRT,G2,1,1,H0001292,ウマ1292,牡,2022,加藤 楓,55.0,15,0.187,0.182,0.591,2
112,レース0112,2025-03-28,京都,2400,DIRT,G2,2,1,H0001293,ウマ1293,牝,2022,山本 陽,56.0,22,0.249,0.104,0.362,13
112,レース0112,2025-03-28,京都,2400,DIRT,G2,3,2,H0001294,ウマ1294,牝,2021,中村 駿,54.0,23,0.246,0.192,0.731,4
112,レース0112,2025-03-28,京都,2400,DIRT,G2,4,2,H0001295,ウマ1295,セ,2022,加藤 楓,55.0,5,0.018,0.159,0.5,12
112,レース0112,2025-03-28,京都,2400,DIRT,G2,5,3,H0001296,ウマ1296,セ,2021,中村 駿,58.0,13,0.279,0.134,0.568,9
112,レース0112,2025-03-28,京都,2400,DIRT,G2,6,3,H0001297,ウマ1297,牝,2021,田中 一郎,54.0,21,0.081,0.152,0.181,14
112,レース0112,2025-03-28,京都,2400,DIRT,G2,7,4,H0001298,ウマ1298,牝,2021,渡辺 美咲,58.0,15,0.066,0.069,0.526,10
112,レース0112,2025-03-28,京都,2400,DIRT,G2,8,4,H0001299,ウマ1299,牝,2022,山本 陽,55.0,13,0.156,0.158,0.755,7
112,レース0112,2025-03-28,京都,2400,DIRT,G2,9,5,H0001300,ウマ1300,牝,2021,高橋 大輔,54.0,8,0.309,0.163,0.636,6
112,レース0112,2025-03-28,京都,2400,DIRT,G2,10,5,H0001301,ウマ1301,牡,2020,高橋 大輔,55.0,20,0.132,0.238,0.85,5
112,レース0112,2025-03-28,京都,2400,DIRT,G2,11,6,H0001302,ウマ1302,牡,2022,加藤 楓,54.0,28,0.169,0.174,0.294,11
112,レース0112,2025-03-28,京都,2400,DIRT,G2,12,6,H0001303,ウマ1303,セ,2021,小林 蓮,56.0,19,0.215,0.184,0.626,3
112,レース0112,2025-03-28,京都,2400,DIRT,G2,13,7,H0001304,ウマ1304,牡,2021,中村 駿,54.0,18,0.102,0.169,0.691,8
112,レース0112,2025-03-28,京都,2400,DIRT,G2,14,7,H0001305,ウマ1305,牡,2022,高橋 大輔,54.0,26,0.165,0.23,0.842,1
113,レース0113,2025-05-15,京都,2000,TURF,2勝,1,1,H0001306,ウマ1306,牝,2020,中村 駿,54.0,6,0.174,0.089,0.392,7
113,レース0113,2025-05-15,京都,2000,TURF,2勝,2,1,H0001307,ウマ1307,セ,2020,高橋 大輔,54.0,7,0.326,0.093,0.408,2
113,レース0113,2025-05-15,京都,2000,TURF,2勝,3,2,H0001308,ウマ1308,牝,2021,佐藤 健,55.0,18,0.337,0.043,0.362,5
113,レース0113,2025-05-15,京都,2000,TURF,2勝,4,2,H0001309,ウマ1309,セ,2022,高橋 大輔,54.0,3,0.237,0.055,0.526,3
113,レース0113,2025-05-15,京都,2000,TURF,2勝,5,3,H0001310,ウマ1310,牡,2020,中村 駿,58.0,25,0.239,0.077,0.634,6
113,レース0113,2025-05-15,京都,2000,TURF,2勝,6,3,H0001311,ウマ1311,牡,2021,高橋 大輔,57.0,12,0.173,0.179,0.328,8
113,レース0113,2025-05-15,京都,2000,TURF,2勝,7,4,H0001312,ウマ1312,セ,2021,伊藤 翼,57.0,6,0.115,0.101,0.368,9
113,レース0113,2025-05-15,京都,2000,TURF,2勝,8,4,H0001313,ウマ1313,牝,2020,中村 駿,57.0,6,0.225,0.256,0.794,1
113,レース0113,2025-05-15,京都,2000,TURF,2勝,9,5,H0001314,ウマ1314,牝,2022,佐藤 健,54.0,27,0.088,0.186,0.953,4
114,レース0114,2025-01-10,阪神,2400,DIRT,OP,1,1,H0001315,ウマ1315,牝,2022,渡辺 美咲,58.0,16,0.173,0.165,0.659,6
114,レース0114,2025-01-10,阪神,2400,DIRT,OP,2,1,H0001316,ウマ1316,牡,2021,小林 蓮,57.0,26,0.106,0.088,0.673,14
114,レース0114,2025-01-10,阪神,2400,DIRT,OP,3,2,H0001317,ウマ1317,牡,2022,高橋 大輔,55.0,27,0.205,0.2,0.738,4
114,レース0114,2025-01-10,阪神,2400,DIRT,OP,4,2,H0001318,ウマ1318,牡,2022,加藤 楓,58.0,3,0.208,0.044,0.24,15
114,レース0114,2025-01-10,阪神,2400,DIRT,OP,5,3,H0001319,ウマ1319,セ,2020,田中 一郎,56.0,19,0.198,0.127,0.323,9
114,レース0114,2025-01-10,阪神,2400,DIRT,OP,6,3,H0001320,ウマ1320,牝,2022,高橋 大輔,55.0,12,0.288,0.145,0.766,2
114,レース0114,2025-01-10,阪神,2400,DIRT,OP,7,4,H0001321,ウマ1321,牡,2020,加藤 楓,55.0,6,0.243,0.03,0.489,5
114,レース0114,2025-01-10,阪神,2400,DIRT,OP,8,4,H0001322,ウマ1322,牝,2020,高橋 大輔,54.0,23,0.235,0.041,0.547,13
114,レース0114,2025-01-10,阪神,2400,DIRT,OP,9,5,H0001323,ウマ1323,牡,2022,伊藤 翼,57.0,30,0.19,0.093,0.537,11
114,レース0114,2025-01-10,阪神,2400,DIRT,OP,10,5,H0001324,ウマ1324,セ,2022,山本 陽,57.0,7,0.226,0.147,0.586,12
114,レース0114,2025-01-10,阪神,2400,DIRT,OP,11,6,H0001325,ウマ1325,牝,2022,田中 一郎,56.0,12,0.279,0.168,0.287,8
114,レース0114,2025-01-10,阪神,2400,DIRT,OP,12,6,H0001326,ウマ1326,セ,2021,中村 駿,56.0,12,0.287,0.125,0.67,1
114,レース0114,2025-01-10,阪神,2400,DIRT,OP,13,7,H0001327,ウマ1327,セ,2022,高橋 大輔,56.0,15,0.122,0.145,0.429,10
114,レース0114,2025-01-10,阪神,2400,DIRT,OP,14,7,H0001328,ウマ1328,セ,2022,鈴木 花子,57.0,17,0.22,0.188,0.573,3
114,レース0114,2025-01-10,阪神,2400,DIRT,OP,15,8,H0001329,ウマ1329,牡,2022,伊藤 翼,56.0,13,0.22,0.264,0.445,7
115,レース0115,2025-04-28,東京,2000,TURF,G3,1,1,H0001330,ウマ1330,セ,2021,加藤 楓,54.0,26,0.219,0.193,0.464,6
115,レース0115,2025-04-28,東京,2000,TURF,G3,2,1,H0001331,ウマ1331,牝,2020,田中 一郎,57.0,13,0.261,0.059,0.746,3
115,レース0115,2025-04-28,東京,2000,TURF,G3,3,2,H0001332,ウマ1332,牡,2022,小林 蓮,54.0,20,0.218,0.105,0.324,9
115,レース0115,2025-04-28,東京,2000,TURF,G3,4,2,H0001333,ウマ1333,セ,2022,鈴木 花子,57.0,6,0.0,0.13,0.568,10
115,レース0115,2025-04-28,東京,2000,TURF,G3,5,3,H0001334,ウマ1334,牡,2022,鈴木 花子,55.0,8,0.28,0.112,0.583,2
115,レース0115,2025-04-28,東京,2000,TURF,G3,6,3,H0001335,ウマ1335,セ,2021,佐藤 健,57.0,26,0.239,0.225,0.833,1
115,レース0115,2025-04-28,東京,2000,TURF,G3,7,4,H0001336,ウマ1336,牝,2021,伊藤 翼,54.0,19,0.303,0.167,0.417,5
115,レース0115,2025-04-28,東京,2000,TURF,G3,8,4,H0001337,ウマ1337,牡,2022,渡辺 美咲,56.0,19,0.097,0.224,0.45,8
115,レース0115,2025-04-28,東京,2000,TURF,G3,9,5,H0001338,ウマ1338,セ,2022,佐藤 健,55.0,8,0.159,0.085,0.426,4
115,レース0115,2025-04-28,東京,2000,TURF,G3,10,5,H0001339,ウマ1339,牡,2021,高橋 大輔,55.0,9,0.013,0.116,0.736,7
116,レース0116,2025-01-20,中京,1600,DIRT,G2,1,1,H0001340,ウマ1340,牡,2021,田中 一郎,56.0,9,0.186,0.101,0.571,5
116,レース0116,2025-01-20,中京,1600,DIRT,G2,2,1,H0001341,ウマ1341,牝,2021,加藤 楓,56.0,20,0.154,0.222,0.711,3
116,レース0116,2025-01-20,中京,1600,DIRT,G2,3,2,H0001342,ウマ1342,セ,2020,伊藤 翼,58.0,8,0.092,0.109,0.456,8
116,レース0116,2025-01-20,中京,1600,DIRT,G2,4,2,H0001343,ウマ1343,セ,2022,伊藤 翼,57.0,28,0.177,0.153,0.62,6
116,レース0116,2025-01-20,中京,1600,DIRT,G2,5,3,H0001344,ウマ1344,牡,2020,高橋 大輔,57.0,5,0.065,0.124,0.302,9
116,レース0116,2025-01-20,中京,1600,DIRT,G2,6,3,H0001345,ウマ1345,牡,2020,加藤 楓,54.0,28,0.292,0.1,0.677,1
116,レース0116,2025-01-20,中京,1600,DIRT,G2,7,4,H0001346,ウマ1346,牡,2020,加藤 楓,56.0,15,0.26,0.061,0.648,4
116,レース0116,2025-01-20,中京,1600,DIRT,G2,8,4,H0001347,ウマ1347,牡,2022,高橋 大輔,58.0,8,0.116,0.164,0.396,7
116,レース0116,2025-01-20,中京,1600,DIRT,G2,9,5,H0001348,ウマ1348,セ,2021,小林 蓮,55.0,25,0.192,0.219,0.436,2
117,レース0117,2025-03-01,東京,2400,DIRT,2勝,1,1,H0001349,ウマ1349,セ,2020,中村 駿,57.0,14,0.298,0.057,0.572,9
117,レース0117,2025-03-01,東京,2400,DIRT,2勝,2,1,H0001350,ウマ1350,牝,2022,高橋 大輔,54.0,3,0.098,0.166,0.819,8
117,レース0117,2025-03-01,東京,2400,DIRT,2勝,3,2,H0001351,ウマ1351,セ,2021,田中 一郎,58.0,23,0.111,0.107,0.89,4
117,レース0117,2025-03-01,東京,2400,DIRT,2勝,4,2,H0001352,ウマ1352,セ,2021,伊藤 翼,54.0,23,0.074,0.121,0.753,2
117,レース0117,2025-03-01,東京,2400,DIRT,2勝,5,3,H0001353,ウマ1353,セ,2021,小林 蓮,57.0,8,0.29,0.153,0.831,1
117,レース0117,2025-03-01,東京,2400,DIRT,2勝,6,3,H0001354,ウマ1354,牡,2021,田中 一郎,58.0,22,0.207,0.03,0.611,7
117,レース0117,2025-03-01,東京,2400,DIRT,2勝,7,4,H0001355,ウマ1355,牡,2020,小林 蓮,55.0,23,0.221,0.112,0.518,10
117,レース0117,2025-03-01,東京,2400,DIRT,2勝,8,4,H0001356,ウマ1356,牡,2022,山本 陽,58.0,26,0.0,0.119,0.398,12
117,レース0117,2025-03-01,東京,2400,DIRT,2勝,9,5,H0001357,ウマ1357,セ,2022,渡辺 美咲,55.0,19,0.351,0.14,0.641,3
117,レース0117,2025-03-01,東京,2400,DIRT,2勝,10,5,H0001358,ウマ1358,セ,2020,鈴木 花子,57.0,9,0.116,0.204,0.574,6
117,レース0117,2025-03-01,東京,2400,DIRT,2勝,11,6,H0001359,ウマ1359,セ,2020,加藤 楓,57.0,16,0.228,0.077,0.54,11
117,レース0117,2025-03-01,東京,2400,DIRT,2勝,12,6,H0001360,ウマ1360,セ,2021,鈴木 花子,54.0,13,0.143,0.169,0.814,5
118,レース0118,2025-02-04,中京,2000,TURF,未勝利,1,1,H0001361,ウマ1361,牡,2020,渡辺 美咲,54.0,17,0.23,0.114,0.685,2
118,レース0118,2025-02-04,中京,2000,TURF,未勝利,2,1,H0001362,ウマ1362,セ,2022,高橋 大輔,55.0,26,0.221,0.2,0.691,5
118,レース0118,2025-02-04,中京,2000,TURF,未勝利,3,2,H0001363,ウマ1363,セ,2021,中村 駿,55.0,10,0.182,0.103,0.816,7
118,レース0118,2025-02-04,中京,2000,TURF,未勝利,4,2,H0001364,ウマ1364,牝,2021,小林 蓮,55.0,11,0.226,0.15,0.426,13
118,レース0118,2025-02-04,中京,2000,TURF,未勝利,5,3,H0001365,ウマ1365,セ,2022,佐藤 健,58.0,4,0.25,0.156,0.347,12
118,レース0118,2025-02-04,中京,2000,TURF,未勝利,6,3,H0001366,ウマ1366,牡,2022,中村 駿,55.0,14,0.297,0.193,0.476,6
118,レース0118,2025-02-04,中京,2000,TURF,未勝利,7,4,H0001367,ウマ1367,セ,2021,鈴木 花子,58.0,19,0.097,0.07,0.51,15
118,レース0118,2025-02-04,中京,2000,TURF,未勝利,8,4,H0001368,ウマ1368,牡,2022,佐藤 健,57.0,18,0.26,0.136,0.412,11
118,レース0118,2025-02-04,中京,2000,TURF,未勝利,9,5,H0001369,ウマ1369,牝,2022,鈴木 花子,58.0,23,0.256,0.181,0.428,4
118,レース0118,2025-02-04,中京,2000,TURF,未勝利,10,5,H0001370,ウマ1370,牝,2021,鈴木 花子,55.0,8,0.243,0.062,0.85,3
118,レース0118,2025-02-04,中京,2000,TURF,未勝利,11,6,H0001371,ウマ1371,セ,2021,山本 陽,54.0,21,0.246,0.108,0.437,9
118,レース0118,2025-02-04,中京,2000,TURF,未勝利,12,6,H0001372,ウマ1372,牝,2022,渡辺 美咲,57.0,22,0.192,0.102,0.276,14
118,レース0118,2025-02-04,中京,2000,TURF,未勝利,13,7,H0001373,ウマ1373,セ,2020,中村 駿,55.0,16,0.109,0.194,0.402,10
118,レース0118,2025-02-04,中京,2000,TURF,未勝利,14,7,H0001374,ウマ1374,牡,2022,佐藤 健,57.0,12,0.407,0.149,0.108,8
118,レース0118,2025-02-04,中京,2000,TURF,未勝利,15,8,H0001375,ウマ1375,牡,2022,渡辺 美咲,58.0,28,0.357,0.045,0.662,1
119,レース0119,2025-08-13,東京,1400,DIRT,2勝,1,1,H0001376,ウマ1376,牡,2021,伊藤 翼,55.0,5,0.159,0.131,0.556,7
119,レース0119,2025-08-13,東京,1400,DIRT,2勝,2,1,H0001377,ウマ1377,牝,2020,小林 蓮,55.0,8,0.251,0.221,0.284,5
119,レース0119,2025-08-13,東京,1400,DIRT,2勝,3,2,H0001378,ウマ1378,牝,2022,中村 駿,57.0,29,0.236,0.098,0.718,1
119,レース0119,2025-08-13,東京,1400,DIRT,2勝,4,2,H0001379,ウマ1379,牡,2021,渡辺 美咲,56.0,12,0.115,0.138,0.705,3
119,レース0119,2025-08-13,東京,1400,DIRT,2勝,5,3,H0001380,ウマ1380,セ,2020,渡辺 美咲,57.0,18,0.136,0.164,0.286,8
119,レース0119,2025-08-13,東京,1400,DIRT,2勝,6,3,H0001381,ウマ1381,牝,2021,渡辺 美咲,55.0,19,0.065,0.03,0.919,2
119,レース0119,2025-08-13,東京,1400,DIRT,2勝,7,4,H0001382,ウマ1382,セ,2020,佐藤 健,57.0,18,0.212,0.16,0.329,4
119,レース0119,2025-08-13,東京,1400,DIRT,2勝,8,4,H0001383,ウマ1383,牝,2021,中村 駿,55.0,24,0.204,0.162,0.399,6
120,レース0120,2025-03-13,東京,1800,DIRT,G3,1,1,H0001384,ウマ1384,牝,2022,鈴木 花子,57.0,23,0.212,0.091,0.239,12
120,レース0120,2025-03-13,東京,1800,DIRT,G3,2,1,H0001385,ウマ1385,セ,2021,田中 一郎,58.0,18,0.285,0.061,0.707,3
120,レース0120,2025-03-13,東京,1800,DIRT,G3,3,2,H0001386,ウマ1386,牝,2021,伊藤 翼,57.0,26,0.186,0.088,0.329,9
120,レース0120,2025-03-13,東京,1800,DIRT,G3,4,2,H0001387,ウマ1387,セ,2021,加藤 楓,56.0,14,0.099,0.079,0.614,5
120,レース0120,2025-03-13,東京,1800,DIRT,G3,5,3,H0001388,ウマ1388,牝,2022,鈴木 花子,57.0,7,0.087,0.154,0.623,7
120,レース0120,2025-03-13,東京,1800,DIRT,G3,6,3,H0001389,ウマ1389,セ,2021,中村 駿,58.0,4,0.399,0.135,0.513,1
120,レース0120,2025-03-13,東京,1800,DIRT,G3,7,4,H0001390,ウマ1390,牡,2022,渡辺 美咲,57.0,11,0.113,0.116,0.561,10
120,レース0120,2025-03-13,東京,1800,DIRT,G3,8,4,H0001391,ウマ1391,牝,2021,田中 一郎,56.0,17,0.06,0.164,0.554,13
120,レース0120,2025-03-13,東京,1800,DIRT,G3,9,5,H0001392,ウマ1392,セ,2020,加藤 楓,58.0,26,0.16,0.098,0.778,6
120,レース0120,2025-03-13,東京,1800,DIRT,G3,10,5,H0001393,ウマ1393,牝,2021,渡辺 美咲,55.0,17,0.136,0.149,0.459,8
120,レース0120,2025-03-13,東京,1800,DIRT,G3,11,6,H0001394,ウマ1394,牡,2020,渡辺 美咲,58.0,14,0.17,0.116,0.425,11
120,レース0120,2025-03-13,東京,1800,DIRT,G3,12,6,H0001395,ウマ1395,セ,2020,渡辺 美咲,54.0,23,0.3,0.146,0.496,4
120,レース0120,2025-03-13,東京,1800,DIRT,G3,13,7,H0001396,ウマ1396,セ,2021,鈴木 花子,54.0,29,0.018,0.13,0.361,15
120,レース0120,2025-03-13,東京,1800,DIRT,G3,14,7,H0001397,ウマ1397,セ,2020,田中 一郎,56.0,14,0.379,0.062,0.613,2
120,レース0120,2025-03-13,東京,1800,DIRT,G3,15,8,H0001398,ウマ1398,セ,2020,伊藤 翼,57.0,19,0.067,0.099,0.494,14
121,レース0121,2025-05-01,中京,1400,DIRT,3勝,1,1,H0001399,ウマ1399,セ,2021,鈴木 花子,56.0,10,0.165,0.135,0.469,6
121,レース0121,2025-05-01,中京,1400,DIRT,3勝,2,1,H0001400,ウマ1400,牝,2022,山本 陽,55.0,29,0.204,0.142,0.829,4
121,レース0121,2025-05-01,中京,1400,DIRT,3勝,3,2,H0001401,ウマ1401,牡,2021,渡辺 美咲,57.0,13,0.089,0.143,0.364,5
121,レース0121,2025-05-01,中京,1400,DIRT,3勝,4,2,H0001402,ウマ1402,牝,2020,加藤 楓,57.0,25,0.117,0.099,0.71,3
121,レース0121,2025-05-01,中京,1400,DIRT,3勝,5,3,H0001403,ウマ1403,セ,2021,加藤 楓,58.0,14,0.223,0.174,0.333,2
121,レース0121,2025-05-01,中京,1400,DIRT,3勝,6,3,H0001404,ウマ1404,牝,2021,小林 蓮,58.0,24,0.256,0.202,0.699,1
121,レース0121,2025-05-01,中京,1400,DIRT,3勝,7,4,H0001405,ウマ1405,牡,2021,加藤 楓,58.0,26,0.129,0.136,0.333,8
121,レース0121,2025-05-01,中京,1400,DIRT,3勝,8,4,H0001406,ウマ1406,セ,2020,鈴木 花子,58.0,15,0.116,0.093,0.558,7
122,レース0122,2025-03-28,中山,2000,TURF,3勝,1,1,H0001407,ウマ1407,牡,2021,山本 陽,57.0,11,0.264,0.203,0.532,3
122,レース0122,2025-03-28,中山,2000,TURF,3勝,2,1,H0001408,ウマ1408,セ,2022,渡辺 美咲,54.0,19,0.089,0.11,0.705,7
122,レース0122,2025-03-28,中山,2000,TURF,3勝,3,2,H0001409,ウマ1409,牝,2020,佐藤 健,57.0,15,0.092,0.119,0.683,10
122,レース0122,2025-03-28,中山,2000,TURF,3勝,4,2,H0001410,ウマ1410,セ,2020,鈴木 花子,56.0,15,0.099,0.115,0.766,2
122,レース0122,2025-03-28,中山,2000,TURF,3勝,5,3,H0001411,ウマ1411,牡,2022,山本 陽,54.0,19,0.098,0.105,0.449,11
122,レース0122,2025-03-28,中山,2000,TURF,3勝,6,3,H0001412,ウマ1412,牝,2022,高橋 大輔,57.0,8,0.209,0.198,0.548,1
122,レース0122,2025-03-28,中山,2000,TURF,3勝,7,4,H0001413,ウマ1413,セ,2021,加藤 楓,58.0,19,0.088,0.106,0.696,4
122,レース0122,2025-03-28,中山,2000,TURF,3勝,8,4,H0001414,ウマ1414,セ,2020,佐藤 健,55.0,18,0.227,0.194,0.285,9
122,レース0122,2025-03-28,中山,2000,TURF,3勝,9,5,H0001415,ウマ1415,牝,2021,高橋 大輔,54.0,24,0.367,0.087,0.484,5
122,レース0122,2025-03-28,中山,2000,TURF,3勝,10,5,H0001416,ウマ1416,セ,2022,鈴木 花子,55.0,28,0.247,0.03,0.221,6
122,レース0122,2025-03-28,中山,2000,TURF,3勝,11,6,H0001417,ウマ1417,牡,2020,田中 一郎,57.0,24,0.116,0.103,0.643,8
123,レース0123,2025-07-09,中京,1800,DIRT,G2,1,1,H0001418,ウマ1418,セ,2022,田中 一郎,58.0,17,0.155,0.176,0.4,11
123,レース0123,2025-07-09,中京,1800,DIRT,G2,2,1,H0001419,ウマ1419,セ,2022,小林 蓮,54.0,16,0.036,0.14,0.502,13
123,レース0123,2025-07-09,中京,1800,DIRT,G2,3,2,H0001420,ウマ1420,セ,2020,佐藤 健,56.0,14,0.267,0.135,0.468,5
123,レース0123,2025-07-09,中京,1800,DIRT,G2,4,2,H0001421,ウマ1421,牝,2022,鈴木 花子,55.0,17,0.11,0.154,0.824,6
123,レース0123,2025-07-09,中京,1800,DIRT,G2,5,3,H0001422,ウマ1422,牝,2021,小林 蓮,55.0,13,0.097,0.177,0.426,9
123,レース0123,2025-07-09,中京,1800,DIRT,G2,6,3,H0001423,ウマ1423,牝,2020,高橋 大輔,55.0,14,0.212,0.055,0.33,14
123,レース0123,2025-07-09,中京,1800,DIRT,G2,7,4,H0001424,ウマ1424,牡,2022,伊藤 翼,56.0,18,0.13,0.057,0.439,7
123,レース0123,2025-07-09,中京,1800,DIRT,G2,8,4,H0001425,ウマ1425,牝,2021,伊藤 翼,55.0,23,0.149,0.057,0.734,8
123,レース0123,2025-07-09,中京,1800,DIRT,G2,9,5,H0001426,ウマ1426,セ,2020,伊藤 翼,58.0,14,0.314,0.143,0.898,2
123,レース0123,2025-07-09,中京,1800,DIRT,G2,10,5,H0001427,ウマ1427,牝,2022,佐藤 健,58.0,21,0.153,0.049,0.734,4
123,レース0123,2025-07-09,中京,1800,DIRT,G2,11,6,H0001428,ウマ1428,牝,2022,佐藤 健,56.0,30,0.178,0.156,0.425,12
123,レース0123,2025-07-09,中京,1800,DIRT,G2,12,6,H0001429,ウマ1429,牝,2020,高橋 大輔,54.0,7,0.125,0.125,0.574,10
123,レース0123,2025-07-09,中京,1800,DIRT,G2,13,7,H0001430,ウマ1430,牝,2021,小林 蓮,54.0,21,0.171,0.115,0.857,3
123,レース0123,2025-07-09,中京,1800,DIRT,G2,14,7,H0001431,ウマ1431,セ,2020,渡辺 美咲,58.0,24,0.347,0.073,0.736,1
124,レース0124,2025-05-18,阪神,1600,TURF,G2,1,1,H0001432,ウマ1432,牡,2021,山本 陽,58.0,19,0.033,0.224,0.467,4
124,レース0124,2025-05-18,阪神,1600,TURF,G2,2,1,H0001433,ウマ1433,セ,2021,佐藤 健,55.0,4,0.181,0.168,0.532,3
124,レース0124,2025-05-18,阪神,1600,TURF,G2,3,2,H0001434,ウマ1434,牡,2022,鈴木 花子,56.0,7,0.043,0.169,0.532,7
124,レース0124,2025-05-18,阪神,1600,TURF,G2,4,2,H0001435,ウマ1435,牡,2022,田中 一郎,58.0,13,0.148,0.127,0.584,5
124,レース0124,2025-05-18,阪神,1600,TURF,G2,5,3,H0001436,ウマ1436,牡,2021,高橋 大輔,57.0,6,0.298,0.135,0.482,2
124,レース0124,2025-05-18,阪神,1600,TURF,G2,6,3,H0001437,ウマ1437,牡,2022,小林 蓮,58.0,27,0.12,0.121,0.317,8
124,レース0124,2025-05-18,阪神,1600,TURF,G2,7,4,H0001438,ウマ1438,牡,2021,中村 駿,58.0,22,0.189,0.088,0.363,6
124,レース0124,2025-05-18,阪神,1600,TURF,G2,8,4,H0001439,ウマ1439,牝,2021,加藤 楓,56.0,10,0.163,0.2,0.452,1
125,レース0125,2025-02-25,京都,2400,DIRT,未勝利,1,1,H0001440,ウマ1440,セ,2021,小林 蓮,56.0,8,0.271,0.184,0.48,3
125,レース0125,2025-02-25,京都,2400,DIRT,未勝利,2,1,H0001441,ウマ1441,セ,2022,佐藤 健,57.0,9,0.246,0.206,0.513,6
125,レース0125,2025-02-25,京都,2400,DIRT,未勝利,3,2,H0001442,ウマ1442,牝,2021,加藤 楓,55.0,18,0.144,0.145,0.25,12
125,レース0125,2025-02-25,京都,2400,DIRT,未勝利,4,2,H0001443,ウマ1443,牡,2021,佐藤 健,55.0,30,0.241,0.155,0.369,9
125,レース0125,2025-02-25,京都,2400,DIRT,未勝利,5,3,H0001444,ウマ1444,牝,2022,山本 陽,56.0,28,0.106,0.17,0.772,1
125,レース0125,2025-02-25,京都,2400,DIRT,未勝利,6,3,H0001445,ウマ1445,牝,2021,渡辺 美咲,56.0,29,0.054,0.17,0.569,10
125,レース0125,2025-02-25,京都,2400,DIRT,未勝利,7,4,H0001446,ウマ1446,牝,2020,中村 駿,57.0,4,0.25,0.128,0.353,8
125,レース0125,2025-02-25,京都,2400,DIRT,未勝利,8,4,H0001447,ウマ1447,セ,2020,高橋 大輔,56.0,24,0.262,0.121,0.717,7
125,レース0125,2025-02-25,京都,2400,DIRT,未勝利,9,5,H0001448,ウマ1448,牝,2021,渡辺 美咲,56.0,20,0.0,0.121,0.403,13
125,レース0125,2025-02-25,京都,2400,DIRT,未勝利,10,5,H0001449,ウマ1449,牡,2020,渡辺 美咲,56.0,26,0.124,0.118,0.596,11
125,レース0125,2025-02-25,京都,2400,DIRT,未勝利,11,6,H0001450,ウマ1450,牡,2022,中村 駿,57.0,25,0.284,0.051,0.587,2
125,レース0125,2025-02-25,京都,2400,DIRT,未勝利,12,6,H0001451,ウマ1451,牡,2020,渡辺 美咲,58.0,11,0.316,0.11,0.551,5
125,レース0125,2025-02-25,京都,2400,DIRT,未勝利,13,7,H0001452,ウマ1452,牡,2022,鈴木 花子,56.0,13,0.445,0.078,0.504,4
126,レース0126,2025-10-07,中山,2000,TURF,3勝,1,1,H0001453,ウマ1453,牝,2022,田中 一郎,56.0,7,0.091,0.11,0.444,10
126,レース0126,2025-10-07,中山,2000,TURF,3勝,2,1,H0001454,ウマ1454,牝,2021,高橋 大輔,56.0,8,0.28,0.133,0.483,3
126,レース0126,2025-10-07,中山,2000,TURF,3勝,3,2,H0001455,ウマ1455,セ,2020,佐藤 健,56.0,6,0.152,0.162,0.472,9
126,レース0126,2025-10-07,中山,2000,TURF,3勝,4,2,H0001456,ウマ1456,セ,2020,加藤 楓,57.0,14,0.226,0.097,0.402,8
126,レース0126,2025-10-07,中山,2000,TURF,3勝,5,3,H0001457,ウマ1457,牝,2021,山本 陽,56.0,13,0.276,0.135,0.759,2
126,レース0126,2025-10-07,中山,2000,TURF,3勝,6,3,H0001458,ウマ1458,セ,2020,加藤 楓,58.0,8,0.201,0.076,0.331,14
126,レース0126,2025-10-07,中山,2000,TURF,3勝,7,4,H0001459,ウマ1459,牡,2020,中村 駿,58.0,29,0.232,0.038,0.897,5
126,レース0126,2025-10-07,中山,2000,TURF,3勝,8,4,H0001460,ウマ1460,牡,2020,山本 陽,55.0,13,0.287,0.121,0.744,4
126,レース0126,2025-10-07,中山,2000,TURF,3勝,9,5,H0001461,ウマ1461,牝,2020,山本 陽,54.0,29,0.03,0.155,0.521,11
126,レース0126,2025-10-07,中山,2000,TURF,3勝,10,5,H0001462,ウマ1462,牝,2020,山本 陽,56.0,24,0.0,0.125,0.565,12
126,レース0126,2025-10-07,中山,2000,TURF,3勝,11,6,H0001463,ウマ1463,セ,2022,佐藤 健,58.0,9,0.192,0.069,0.481,7
126,レース0126,2025-10-07,中山,2000,TURF,3勝,12,6,H0001464,ウマ1464,セ,2022,田中 一郎,55.0,27,0.131,0.135,0.429,13
126,レース0126,2025-10-07,中山,2000,TURF,3勝,13,7,H0001465,ウマ1465,牡,2021,佐藤 健,55.0,16,0.238,0.163,0.88,1
126,レース0126,2025-10-07,中山,2000,TURF,3勝,14,7,H0001466,ウマ1466,牡,2020,小林 蓮,55.0,6,0.257,0.166,0.543,6
127,レース0127,2025-07-02,東京,2400,DIRT,OP,1,1,H0001467,ウマ1467,牡,2022,山本 陽,54.0,26,0.094,0.147,0.598,12
127,レース0127,2025-07-02,東京,2400,DIRT,OP,2,1,H0001468,ウマ1468,牝,2022,山本 陽,55.0,14,0.265,0.1,0.539,9
127,レース0127,2025-07-02,東京,2400,DIRT,OP,3,2,H0001469,ウマ1469,牝,2022,鈴木 花子,58.0,17,0.18,0.086,0.739,6
127,レース0127,2025-07-02,東京,2400,DIRT,OP,4,2,H0001470,ウマ1470,牡,2021,渡辺 美咲,57.0,12,0.423,0.179,0.568,1
127,レース0127,2025-07-02,東京,2400,DIRT,OP,5,3,H0001471,ウマ1471,牝,2021,田中 一郎,54.0,11,0.23,0.084,0.638,3
127,レース0127,2025-07-02,東京,2400,DIRT,OP,6,3,H0001472,ウマ1472,牡,2020,山本 陽,54.0,3,0.118,0.116,0.169,13
127,レース0127,2025-07-02,東京,2400,DIRT,OP,7,4,H0001473,ウマ1473,牡,2022,伊藤 翼,54.0,14,0.216,0.151,0.447,7
127,レース0127,2025-07-02,東京,2400,DIRT,OP,8,4,H0001474,ウマ1474,セ,2020,佐藤 健,57.0,14,0.036,0.061,0.324,14
127,レース0127,2025-07-02,東京,2400,DIRT,OP,9,5,H0001475,ウマ1475,牝,2021,山本 陽,56.0,13,0.211,0.113,0.66,5
127,レース0127,2025-07-02,東京,2400,DIRT,OP,10,5,H0001476,ウマ1476,牡,2022,佐藤 健,54.0,16,0.27,0.141,0.557,2
127,レース0127,2025-07-02,東京,2400,DIRT,OP,11,6,H0001477,ウマ1477,牝,2020,鈴木 花子,55.0,16,0.264,0.144,0.371,11
127,レース0127,2025-07-02,東京,2400,DIRT,OP,12,6,H0001478,ウマ1478,牝,2022,小林 蓮,57.0,7,0.116,0.154,0.543,10
127,レース0127,2025-07-02,東京,2400,DIRT,OP,13,7,H0001479,ウマ1479,セ,2022,渡辺 美咲,56.0,22,0.282,0.059,0.755,4
127,レース0127,2025-07-02,東京,2400,DIRT,OP,14,7,H0001480,ウマ1480,セ,2020,佐藤 健,57.0,10,0.18,0.119,0.479,8
128,レース0128,2025-12-04,中山,1400,TURF,G2,1,1,H0001481,ウマ1481,セ,2021,渡辺 美咲,56.0,25,0.165,0.09,0.448,13
128,レース0128,2025-12-04,中山,1400,TURF,G2,2,1,H0001482,ウマ1482,牝,2020,渡辺 美咲,58.0,16,0.135,0.203,0.506,7
128,レース0128,2025-12-04,中山,1400,TURF,G2,3,2,H0001483,ウマ1483,牡,2020,田中 一郎,57.0,7,0.144,0.15,0.52,5
128,レース0128,2025-12-04,中山,1400,TURF,G2,4,2,H0001484,ウマ1484,牝,2020,山本 陽,55.0,18,0.005,0.067,0.294,16
128,レース0128,2025-12-04,中山,1400,TURF,G2,5,3,H0001485,ウマ1485,牡,2021,山本 陽,58.0,11,0.098,0.135,0.321,14
128,レース0128,2025-12-04,中山,1400,TURF,G2,6,3,H0001486,ウマ1486,セ,2021,渡辺 美咲,56.0,8,0.06,0.106,0.524,11
128,レース0128,2025-12-04,中山,1400,TURF,G2,7,4,H0001487,ウマ1487,牝,2022,伊藤 翼,54.0,5,0.175,0.221,0.324,6
128,レース0128,2025-12-04,中山,1400,TURF,G2,8,4,H0001488,ウマ1488,牡,2020,高橋 大輔,54.0,17,0.189,0.141,0.364,1
128,レース0128,2025-12-04,中山,1400,TURF,G2,9,5,H0001489,ウマ1489,牝,2022,鈴木 花子,56.0,30,0.202,0.108,0.528,8
128,レース0128,2025-12-04,中山,1400,TURF,G2,10,5,H0001490,ウマ1490,セ,2020,田中 一郎,58.0,9,0.135,0.161,0.53,12
128,レース0128,2025-12-04,中山,1400,TURF,G2,11,6,H0001491,ウマ1491,セ,2021,加藤 楓,58.0,10,0.171,0.084,0.467,10
128,レース0128,2025-12-04,中山,1400,TURF,G2,12,6,H0001492,ウマ1492,牡,2022,佐藤 健,55.0,23,0.149,0.071,0.0,15
128,レース0128,2025-12-04,中山,1400,TURF,G2,13,7,H0001493,ウマ1493,セ,2021,高橋 大輔,55.0,11,0.097,0.078,0.716,2
128,レース0128,2025-12-04,中山,1400,TURF,G2,14,7,H0001494,ウマ1494,セ,2021,小林 蓮,57.0,17,0.055,0.256,0.694,4
128,レース0128,2025-12-04,中山,1400,TURF,G2,15,8,H0001495,ウマ1495,牡,2022,山本 陽,58.0,22,0.117,0.202,0.528,3
128,レース0128,2025-12-04,中山,1400,TURF,G2,16,8,H0001496,ウマ1496,牝,2020,高橋 大輔,57.0,15,0.214,0.147,0.534,9
129,レース0129,2025-04-27,阪神,2000,DIRT,OP,1,1,H0001497,ウマ1497,セ,2022,佐藤 健,57.0,9,0.142,0.159,0.644,8
129,レース0129,2025-04-27,阪神,2000,DIRT,OP,2,1,H0001498,ウマ1498,牡,2022,伊藤 翼,56.0,19,0.164,0.06,0.644,9
129,レース0129,2025-04-27,阪神,2000,DIRT,OP,3,2,H0001499,ウマ1499,セ,2022,山本 陽,56.0,17,0.281,0.172,0.29,5
129,レース0129,2025-04-27,阪神,2000,DIRT,OP,4,2,H0001500,ウマ1500,牡,2021,伊藤 翼,56.0,6,0.204,0.189,0.855,1
129,レース0129,2025-04-27,阪神,2000,DIRT,OP,5,3,H0001501,ウマ1501,牡,2022,鈴木 花子,57.0,5,0.114,0.092,0.689,6
129,レース0129,2025-04-27,阪神,2000,DIRT,OP,6,3,H0001502,ウマ1502,牡,2022,小林 蓮,58.0,29,0.303,0.198,0.546,2
129,レース0129,2025-04-27,阪神,2000,DIRT,OP,7,4,H0001503,ウマ1503,セ,2021,伊藤 翼,56.0,23,0.151,0.079,0.63,4
129,レース0129,2025-04-27,阪神,2000,DIRT,OP,8,4,H0001504,ウマ1504,牡,2020,鈴木 花子,56.0,25,0.195,0.078,0.541,3
129,レース0129,2025-04-27,阪神,2000,DIRT,OP,9,5,H0001505,ウマ1505,セ,2021,加藤 楓,56.0,22,0.203,0.095,0.309,10
129,レース0129,2025-04-27,阪神,2000,DIRT,OP,10,5,H0001506,ウマ1506,セ,2021,田中 一郎,58.0,22,0.184,0.155,0.401,7
130,レース0130,2025-02-25,中京,2000,TURF,G2,1,1,H0001507,ウマ1507,牡,2021,小林 蓮,57.0,30,0.188,0.196,0.488,4
130,レース0130,2025-02-25,中京,2000,TURF,G2,2,1,H0001508,ウマ1508,セ,2022,中村 駿,54.0,24,0.062,0.033,0.638,3
130,レース0130,2025-02-25,中京,2000,TURF,G2,3,2,H0001509,ウマ1509,牝,2020,小林 蓮,56.0,30,0.233,0.111,0.657,6
130,レース0130,2025-02-25,中京,2000,TURF,G2,4,2,H0001510,ウマ1510,牡,2021,小林 蓮,56.0,28,0.295,0.166,0.443,5
130,レース0130,2025-02-25,中京,2000,TURF,G2,5,3,H0001511,ウマ1511,セ,2022,渡辺 美咲,55.0,26,0.275,0.146,0.69,2
130,レース0130,2025-02-25,中京,2000,TURF,G2,6,3,H0001512,ウマ1512,牡,2021,渡辺 美咲,55.0,22,0.176,0.092,0.647,1
130,レース0130,2025-02-25,中京,2000,TURF,G2,7,4,H0001513,ウマ1513,セ,2020,中村 駿,56.0,13,0.022,0.108,0.703,8
130,レース0130,2025-02-25,中京,2000,TURF,G2,8,4,H0001514,ウマ1514,セ,2021,渡辺 美咲,57.0,13,0.163,0.078,0.372,9
130,レース0130,2025-02-25,中京,2000,TURF,G2,9,5,H0001515,ウマ1515,牡,2022,伊藤 翼,56.0,19,0.246,0.03,0.564,7
131,レース0131,2025-04-03,京都,1800,TURF,G2,1,1,H0001516,ウマ1516,牡,2022,渡辺 美咲,57.0,20,0.0,0.187,0.681,8
131,レース0131,2025-04-03,京都,1800,TURF,G2,2,1,H0001517,ウマ1517,牡,2021,高橋 大輔,56.0,17,0.151,0.151,0.289,15
131,レース0131,2025-04-03,京都,1800,TURF,G2,3,2,H0001518,ウマ1518,牝,2020,小林 蓮,55.0,10,0.295,0.147,0.43,4
131,レース0131,2025-04-03,京都,1800,TURF,G2,4,2,H0001519,ウマ1519,牝,2020,田中 一郎,55.0,30,0.309,0.03,0.554,10
131,レース0131,2025-04-03,京都,1800,TURF,G2,5,3,H0001520,ウマ1520,セ,2020,中村 駿,57.0,8,0.244,0.057,0.327,14
131,レース0131,2025-04-03,京都,1800,TURF,G2,6,3,H0001521,ウマ1521,セ,2021,伊藤 翼,57.0,16,0.248,0.076,0.287,13
131,レース0131,2025-04-03,京都,1800,TURF,G2,7,4,H0001522,ウマ1522,牝,2020,佐藤 健,55.0,13,0.045,0.056,0.831,12
131,レース0131,2025-04-03,京都,1800,TURF,G2,8,4,H0001523,ウマ1523,セ,2022,小林 蓮,55.0,20,0.348,0.03,0.554,7
131,レース0131,2025-04-03,京都,1800,TURF,G2,9,5,H0001524,ウマ1524,牝,2022,加藤 楓,58.0,29,0.292,0.095,0.851,1
131,レース0131,2025-04-03,京都,1800,TURF,G2,10,5,H0001525,ウマ1525,セ,2021,鈴木 花子,58.0,8,0.28,0.125,0.497,5
131,レース0131,2025-04-03,京都,1800,TURF,G2,11,6,H0001526,ウマ1526,牝,2022,佐藤 健,54.0,5,0.167,0.184,0.577,2
131,レース0131,2025-04-03,京都,1800,TURF,G2,12,6,H0001527,ウマ1527,牝,2021,佐藤 健,54.0,15,0.166,0.113,0.505,9
131,レース0131,2025-04-03,京都,1800,TURF,G2,13,7,H0001528,ウマ1528,牝,2021,高橋 大輔,58.0,21,0.065,0.142,0.743,6
131,レース0131,2025-04-03,京都,1800,TURF,G2,14,7,H0001529,ウマ1529,牡,2022,田中 一郎,58.0,25,0.212,0.073,0.294,16
131,レース0131,2025-04-03,京都,1800,TURF,G2,15,8,H0001530,ウマ1530,セ,2021,佐藤 健,54.0,26,0.265,0.132,0.311,11
131,レース0131,2025-04-03,京都,1800,TURF,G2,16,8,H0001531,ウマ1531,牝,2022,鈴木 花子,55.0,13,0.266,0.261,0.631,3
132,レース0132,2025-07-13,東京,2000,DIRT,1勝,1,1,H0001532,ウマ1532,牝,2021,佐藤 健,56.0,25,0.0,0.121,0.457,9
132,レース0132,2025-07-13,東京,2000,DIRT,1勝,2,1,H0001533,ウマ1533,セ,2022,鈴木 花子,55.0,13,0.118,0.146,0.668,4
132,レース0132,2025-07-13,東京,2000,DIRT,1勝,3,2,H0001534,ウマ1534,セ,2020,加藤 楓,56.0,4,0.218,0.109,0.574,7
132,レース0132,2025-07-13,東京,2000,DIRT,1勝,4,2,H0001535,ウマ1535,牝,2021,田中 一郎,54.0,28,0.163,0.11,1.0,3
132,レース0132,2025-07-13,東京,2000,DIRT,1勝,5,3,H0001536,ウマ1536,牡,2022,山本 陽,54.0,18,0.183,0.183,0.42,2
132,レース0132,2025-07-13,東京,2000,DIRT,1勝,6,3,H0001537,ウマ1537,セ,2020,小林 蓮,55.0,25,0.206,0.162,0.344,5
132,レース0132,2025-07-13,東京,2000,DIRT,1勝,7,4,H0001538,ウマ1538,牝,2020,山本 陽,58.0,4,0.331,0.179,0.295,6
132,レース0132,2025-07-13,東京,2000,DIRT,1勝,8,4,H0001539,ウマ1539,牡,2021,佐藤 健,56.0,21,0.353,0.089,0.575,1
132,レース0132,2025-07-13,東京,2000,DIRT,1勝,9,5,H0001540,ウマ1540,牡,2022,渡辺 美咲,57.0,17,0.136,0.03,0.505,8
133,レース0133,2025-06-08,阪神,1200,DIRT,G2,1,1,H0001541,ウマ1541,牡,2021,山本 陽,57.0,6,0.136,0.158,0.598,12
133,レース0133,2025-06-08,阪神,1200,DIRT,G2,2,1,H0001542,ウマ1542,セ,2022,加藤 楓,56.0,19,0.127,0.143,0.486,4
133,レース0133,2025-06-08,阪神,1200,DIRT,G2,3,2,H0001543,ウマ1543,牝,2022,中村 駿,57.0,15,0.091,0.169,0.598,7
133,レース0133,2025-06-08,阪神,1200,DIRT,G2,4,2,H0001544,ウマ1544,牝,2022,小林 蓮,54.0,22,0.255,0.111,0.58,3
133,レース0133,2025-06-08,阪神,1200,DIRT,G2,5,3,H0001545,ウマ1545,牡,2020,鈴木 花子,54.0,12,0.099,0.168,0.584,9
133,レース0133,2025-06-08,阪神,1200,DIRT,G2,6,3,H0001546,ウマ1546,セ,2021,田中 一郎,58.0,20,0.108,0.195,0.363,15
133,レース0133,2025-06-08,阪神,1200,DIRT,G2,7,4,H0001547,ウマ1547,セ,2021,加藤 楓,58.0,19,0.411,0.153,0.424,5
133,レース0133,2025-06-08,阪神,1200,DIRT,G2,8,4,H0001548,ウマ1548,牡,2021,佐藤 健,54.0,10,0.235,0.165,0.376,2
133,レース0133,2025-06-08,阪神,1200,DIRT,G2,9,5,H0001549,ウマ1549,牝,2020,鈴木 花子,58.0,12,0.172,0.111,0.585,16
133,レース0133,2025-06-08,阪神,1200,DIRT,G2,10,5,H0001550,ウマ1550,牝,2020,渡辺 美咲,56.0,29,0.239,0.167,0.554,1
133,レース0133,2025-06-08,阪神,1200,DIRT,G2,11,6,H0001551,ウマ1551,牝,2022,山本 陽,56.0,25,0.137,0.147,0.346,10
133,レース0133,2025-06-08,阪神,1200,DIRT,G2,12,6,H0001552,ウマ1552,セ,2022,伊藤 翼,55.0,16,0.107,0.176,0.359,6
133,レース0133,2025-06-08,阪神,1200,DIRT,G2,13,7,H0001553,ウマ1553,牝,2021,山本 陽,55.0,3,0.146,0.082,0.426,11
133,レース0133,2025-06-08,阪神,1200,DIRT,G2,14,7,H0001554,ウマ1554,セ,2020,鈴木 花子,57.0,23,0.218,0.095,0.421,14
133,レース0133,2025-06-08,阪神,1200,DIRT,G2,15,8,H0001555,ウマ1555,セ,2021,中村 駿,58.0,12,0.22,0.149,0.567,8
133,レース0133,2025-06-08,阪神,1200,DIRT,G2,16,8,H0001556,ウマ1556,牡,2021,高橋 大輔,58.0,5,0.148,0.09,0.517,13
134,レース0134,2025-08-16,阪神,1400,TURF,G1,1,1,H0001557,ウマ1557,セ,2021,小林 蓮,54.0,26,0.23,0.153,0.607,5
134,レース0134,2025-08-16,阪神,1400,TURF,G1,2,1,H0001558,ウマ1558,セ,2020,高橋 大輔,54.0,26,0.13,0.172,0.74,4
134,レース0134,2025-08-16,阪神,1400,TURF,G1,3,2,H0001559,ウマ1559,牝,2021,高橋 大輔,56.0,23,0.132,0.189,0.706,1
134,レース0134,2025-08-16,阪神,1400,TURF,G1,4,2,H0001560,ウマ1560,牡,2020,高橋 大輔,56.0,13,0.154,0.176,0.611,7
134,レース0134,2025-08-16,阪神,1400,TURF,G1,5,3,H0001561,ウマ1561,牝,2022,佐藤 健,55.0,7,0.127,0.085,0.597,11
134,レース0134,2025-08-16,阪神,1400,TURF,G1,6,3,H0001562,ウマ1562,牝,2022,加藤 楓,54.0,3,0.155,0.088,0.504,10
134,レース0134,2025-08-16,阪神,1400,TURF,G1,7,4,H0001563,ウマ1563,セ,2020,田中 一郎,55.0,15,0.14,0.109,0.708,2
134,レース0134,2025-08-16,阪神,1400,TURF,G1,8,4,H0001564,ウマ1564,牡,2020,田中 一郎,57.0,21,0.145,0.147,0.551,8
134,レース0134,2025-08-16,阪神,1400,TURF,G1,9,5,H0001565,ウマ1565,牝,2022,山本 陽,58.0,15,0.163,0.127,0.642,6
134,レース0134,2025-08-16,阪神,1400,TURF,G1,10,5,H0001566,ウマ1566,牝,2022,小林 蓮,57.0,18,0.088,0.051,0.643,13
134,レース0134,2025-08-16,阪神,1400,TURF,G1,11,6,H0001567,ウマ1567,セ,2020,中村 駿,55.0,11,0.225,0.116,0.384,14
134,レース0134,2025-08-16,阪神,1400,TURF,G1,12,6,H0001568,ウマ1568,牝,2020,田中 一郎,54.0,17,0.161,0.165,0.433,12
134,レース0134,2025-08-16,阪神,1400,TURF,G1,13,7,H0001569,ウマ1569,牝,2020,中村 駿,55.0,16,0.023,0.185,0.868,3
134,レース0134,2025-08-16,阪神,1400,TURF,G1,14,7,H0001570,ウマ1570,牝,2021,渡辺 美咲,57.0,13,0.0,0.171,0.416,16
134,レース0134,2025-08-16,阪神,1400,TURF,G1,15,8,H0001571,ウマ1571,セ,2020,山本 陽,55.0,14,0.138,0.175,0.53,9
134,レース0134,2025-08-16,阪神,1400,TURF,G1,16,8,H0001572,ウマ1572,牝,2020,中村 駿,57.0,7,0.12,0.181,0.417,15
135,レース0135,2025-01-07,東京,1600,DIRT,1勝,1,1,H0001573,ウマ1573,牝,2020,高橋 大輔,58.0,15,0.203,0.192,0.648,5
135,レース0135,2025-01-07,東京,1600,DIRT,1勝,2,1,H0001574,ウマ1574,セ,2021,山本 陽,58.0,28,0.254,0.102,0.505,6
135,レース0135,2025-01-07,東京,1600,DIRT,1勝,3,2,H0001575,ウマ1575,牝,2021,山本 陽,55.0,27,0.196,0.103,0.495,9
135,レース0135,2025-01-07,東京,1600,DIRT,1勝,4,2,H0001576,ウマ1576,牡,2020,田中 一郎,54.0,3,0.242,0.068,0.36,12
135,レース0135,2025-01-07,東京,1600,DIRT,1勝,5,3,H0001577,ウマ1577,牡,2020,伊藤 翼,56.0,29,0.339,0.081,0.512,8
135,レース0135,2025-01-07,東京,1600,DIRT,1勝,6,3,H0001578,ウマ1578,牝,2021,渡辺 美咲,56.0,25,0.214,0.194,0.651,3
135,レース0135,2025-01-07,東京,1600,DIRT,1勝,7,4,H0001579,ウマ1579,牡,2022,山本 陽,55.0,16,0.215,0.168,0.584,10
135,レース0135,2025-01-07,東京,1600,DIRT,1勝,8,4,H0001580,ウマ1580,牝,2022,高橋 大輔,57.0,6,0.13,0.165,0.741,4
135,レース0135,2025-01-07,東京,1600,DIRT,1勝,9,5,H0001581,ウマ1581,牝,2021,小林 蓮,55.0,8,0.154,0.106,0.266,13
135,レース0135,2025-01-07,東京,1600,DIRT,1勝,10,5,H0001582,ウマ1582,セ,2022,佐藤 健,56.0,17,0.231,0.137,0.312,7
135,レース0135,2025-01-07,東京,1600,DIRT,1勝,11,6,H0001583,ウマ1583,牝,2020,佐藤 健,56.0,7,0.368,0.048,0.77,1
135,レース0135,2025-01-07,東京,1600,DIRT,1勝,12,6,H0001584,ウマ1584,セ,2020,渡辺 美咲,55.0,12,0.142,0.076,0.36,15
135,レース0135,2025-01-07,東京,1600,DIRT,1勝,13,7,H0001585,ウマ1585,セ,2021,佐藤 健,57.0,14,0.127,0.03,0.762,14
135,レース0135,2025-01-07,東京,1600,DIRT,1勝,14,7,H0001586,ウマ1586,牡,2021,渡辺 美咲,56.0,8,0.241,0.149,0.455,2
135,レース0135,2025-01-07,東京,1600,DIRT,1勝,15,8,H0001587,ウマ1587,牝,2022,小林 蓮,57.0,24,0.243,0.142,0.482,11
136,レース0136,2025-12-19,京都,1400,TURF,G1,1,1,H0001588,ウマ1588,牡,2022,伊藤 翼,57.0,25,0.272,0.179,0.571,3
136,レース0136,2025-12-19,京都,1400,TURF,G1,2,1,H0001589,ウマ1589,牝,2020,渡辺 美咲,57.0,26,0.119,0.164,0.0,9
136,レース0136,2025-12-19,京都,1400,TURF,G1,3,2,H0001590,ウマ1590,牝,2022,鈴木 花子,56.0,28,0.157,0.128,0.668,5
136,レース0136,2025-12-19,京都,1400,TURF,G1,4,2,H0001591,ウマ1591,牡,2020,鈴木 花子,55.0,8,0.14,0.092,0.462,7
136,レース0136,2025-12-19,京都,1400,TURF,G1,5,3,H0001592,ウマ1592,牡,2020,田中 一郎,55.0,26,0.178,0.11,0.624,2
136,レース0136,2025-12-19,京都,1400,TURF,G1,6,3,H0001593,ウマ1593,牝,2022,鈴木 花子,57.0,22,0.244,0.035,0.472,6
136,レース0136,2025-12-19,京都,1400,TURF,G1,7,4,H0001594,ウマ1594,牡,2020,鈴木 花子,55.0,25,0.145,0.186,0.745,1
136,レース0136,2025-12-19,京都,1400,TURF,G1,8,4,H0001595,ウマ1595,牝,2021,加藤 楓,54.0,9,0.188,0.129,0.584,4
136,レース0136,2025-12-19,京都,1400,TURF,G1,9,5,H0001596,ウマ1596,牡,2021,伊藤 翼,57.0,26,0.117,0.097,0.568,8
137,レース0137,2025-02-06,阪神,2000,TURF,G1,1,1,H0001597,ウマ1597,セ,2020,高橋 大輔,55.0,8,0.249,0.124,0.72,2
137,レース0137,2025-02-06,阪神,2000,TURF,G1,2,1,H0001598,ウマ1598,セ,2022,伊藤 翼,55.0,22,0.098,0.179,0.304,7
137,レース0137,2025-02-06,阪神,2000,TURF,G1,3,2,H0001599,ウマ1599,セ,2020,伊藤 翼,56.0,12,0.07,0.167,0.577,5
137,レース0137,2025-02-06,阪神,2000,TURF,G1,4,2,H0001600,ウマ1600,セ,2020,山本 陽,54.0,27,0.247,0.13,0.484,4
137,レース0137,2025-02-06,阪神,2000,TURF,G1,5,3,H0001601,ウマ1601,セ,2020,渡辺 美咲,54.0,21,0.195,0.111,0.576,1
137,レース0137,2025-02-06,阪神,2000,TURF,G1,6,3,H0001602,ウマ1602,牡,2022,伊藤 翼,58.0,26,0.038,0.145,0.154,8
137,レース0137,2025-02-06,阪神,2000,TURF,G1,7,4,H0001603,ウマ1603,牝,2021,加藤 楓,57.0,26,0.233,0.084,0.54,6
137,レース0137,2025-02-06,阪神,2000,TURF,G1,8,4,H0001604,ウマ1604,牝,2021,小林 蓮,54.0,13,0.077,0.154,0.773,3
138,レース0138,2025-03-24,阪神,1800,DIRT,G3,1,1,H0001605,ウマ1605,セ,2020,中村 駿,56.0,14,0.18,0.078,0.647,8
138,レース0138,2025-03-24,阪神,1800,DIRT,G3,2,1,H0001606,ウマ1606,牡,2020,鈴木 花子,55.0,3,0.188,0.218,0.578,6
138,レース0138,2025-03-24,阪神,1800,DIRT,G3,3,2,H0001607,ウマ1607,セ,2021,高橋 大輔,57.0,9,0.14,0.148,0.53,12
138,レース0138,2025-03-24,阪神,1800,DIRT,G3,4,2,H0001608,ウマ1608,牡,2021,田中 一郎,57.0,14,0.196,0.05,0.574,9
138,レース0138,2025-03-24,阪神,1800,DIRT,G3,5,3,H0001609,ウマ1609,セ,2021,高橋 大輔,56.0,16,0.213,0.126,0.459,11
138,レース0138,2025-03-24,阪神,1800,DIRT,G3,6,3,H0001610,ウマ1610,牝,2022,山本 陽,55.0,16,0.272,0.03,0.577,5
138,レース0138,2025-03-24,阪神,1800,DIRT,G3,7,4,H0001611,ウマ1611,牡,2021,山本 陽,56.0,18,0.087,0.086,0.388,13
138,レース0138,2025-03-24,阪神,1800,DIRT,G3,8,4,H0001612,ウマ1612,牝,2022,高橋 大輔,57.0,30,0.165,0.18,0.626,7
138,レース0138,2025-03-24,阪神,1800,DIRT,G3,9,5,H0001613,ウマ1613,セ,2021,高橋 大輔,56.0,7,0.284,0.089,0.717,1
138,レース0138,2025-03-24,阪神,1800,DIRT,G3,10,5,H0001614,ウマ1614,牡,2022,山本 陽,58.0,22,0.121,0.215,0.482,2
138,レース0138,2025-03-24,阪神,1800,DIRT,G3,11,6,H0001615,ウマ1615,牡,2021,佐藤 健,54.0,22,0.194,0.222,0.348,10
138,レース0138,2025-03-24,阪神,1800,DIRT,G3,12,6,H0001616,ウマ1616,セ,2021,鈴木 花子,57.0,17,0.187,0.103,0.749,3
138,レース0138,2025-03-24,阪神,1800,DIRT,G3,13,7,H0001617,ウマ1617,牡,2021,高橋 大輔,56.0,10,0.135,0.151,0.585,4
138,レース0138,2025-03-24,阪神,1800,DIRT,G3,14,7,H0001618,ウマ1618,牡,2021,渡辺 美咲,58.0,18,0.039,0.1,0.431,14
139,レース0139,2025-10-20,中京,2400,TURF,OP,1,1,H0001619,ウマ1619,牝,2021,田中 一郎,58.0,12,0.286,0.186,0.539,3
139,レース0139,2025-10-20,中京,2400,TURF,OP,2,1,H0001620,ウマ1620,セ,2021,鈴木 花子,54.0,14,0.121,0.128,0.65,8
139,レース0139,2025-10-20,中京,2400,TURF,OP,3,2,H0001621,ウマ1621,牝,2021,鈴木 花子,58.0,11,0.0,0.154,0.701,9
139,レース0139,2025-10-20,中京,2400,TURF,OP,4,2,H0001622,ウマ1622,牡,2022,佐藤 健,58.0,13,0.281,0.098,0.583,4
139,レース0139,2025-10-20,中京,2400,TURF,OP,5,3,H0001623,ウマ1623,セ,2021,加藤 楓,56.0,3,0.225,0.123,0.704,5
139,レース0139,2025-10-20,中京,2400,TURF,OP,6,3,H0001624,ウマ1624,セ,2020,伊藤 翼,57.0,13,0.096,0.08,0.362,13
139,レース0139,2025-10-20,中京,2400,TURF,OP,7,4,H0001625,ウマ1625,牡,2020,佐藤 健,55.0,6,0.073,0.104,0.595,7
139,レース0139,2025-10-20,中京,2400,TURF,OP,8,4,H0001626,ウマ1626,牝,2021,渡辺 美咲,55.0,5,0.16,0.03,0.489,10
139,レース0139,2025-10-20,中京,2400,TURF,OP,9,5,H0001627,ウマ1627,牝,2022,佐藤 健,58.0,20,0.052,0.173,0.324,12
139,レース0139,2025-10-20,中京,2400,TURF,OP,10,5,H0001628,ウマ1628,牝,2020,高橋 大輔,57.0,4,0.185,0.171,0.254,11
139,レース0139,2025-10-20,中京,2400,TURF,OP,11,6,H0001629,ウマ1629,牡,2020,高橋 大輔,55.0,7,0.109,0.08,0.878,1
139,レース0139,2025-10-20,中京,2400,TURF,OP,12,6,H0001630,ウマ1630,セ,2022,中村 駿,56.0,3,0.236,0.156,0.522,6
139,レース0139,2025-10-20,中京,2400,TURF,OP,13,7,H0001631,ウマ1631,牡,2020,山本 陽,57.0,4,0.106,0.127,0.832,2
140,レース0140,2025-12-03,中山,1200,DIRT,2勝,1,1,H0001632,ウマ1632,牡,2022,田中 一郎,55.0,23,0.201,0.088,0.465,7
140,レース0140,2025-12-03,中山,1200,DIRT,2勝,2,1,H0001633,ウマ1633,セ,2021,渡辺 美咲,55.0,9,0.177,0.089,0.348,6
140,レース0140,2025-12-03,中山,1200,DIRT,2勝,3,2,H0001634,ウマ1634,牝,2020,小林 蓮,54.0,22,0.143,0.112,0.674,4
140,レース0140,2025-12-03,中山,1200,DIRT,2勝,4,2,H0001635,ウマ1635,牡,2022,高橋 大輔,54.0,9,0.312,0.115,0.565,5
140,レース0140,2025-12-03,中山,1200,DIRT,2勝,5,3,H0001636,ウマ1636,セ,2020,山本 陽,56.0,29,0.12,0.135,0.257,9
140,レース0140,2025-12-03,中山,1200,DIRT,2勝,6,3,H0001637,ウマ1637,牡,2021,田中 一郎,56.0,9,0.147,0.183,0.472,8
140,レース0140,2025-12-03,中山,1200,DIRT,2勝,7,4,H0001638,ウマ1638,セ,2021,渡辺 美咲,55.0,17,0.128,0.178,0.237,11
140,レース0140,2025-12-03,中山,1200,DIRT,2勝,8,4,H0001639,ウマ1639,セ,2020,鈴木 花子,58.0,22,0.302,0.123,0.656,2
140,レース0140,2025-12-03,中山,1200,DIRT,2勝,9,5,H0001640,ウマ1640,牡,2021,田中 一郎,54.0,12,0.27,0.131,0.553,3
140,レース0140,2025-12-03,中山,1200,DIRT,2勝,10,5,H0001641,ウマ1641,牡,2021,渡辺 美咲,56.0,5,0.043,0.157,0.629,10
140,レース0140,2025-12-03,中山,1200,DIRT,2勝,11,6,H0001642,ウマ1642,牡,2021,佐藤 健,56.0,11,0.17,0.116,0.807,1
141,レース0141,2025-08-06,中山,2400,TURF,G1,1,1,H0001643,ウマ1643,牝,2021,田中 一郎,58.0,25,0.218,0.132,0.585,5
141,レース0141,2025-08-06,中山,2400,TURF,G1,2,1,H0001644,ウマ1644,牝,2022,中村 駿,55.0,3,0.361,0.113,0.525,4
141,レース0141,2025-08-06,中山,2400,TURF,G1,3,2,H0001645,ウマ1645,牡,2022,鈴木 花子,54.0,27,0.273,0.142,0.441,6
141,レース0141,2025-08-06,中山,2400,TURF,G1,4,2,H0001646,ウマ1646,牝,2020,伊藤 翼,57.0,30,0.192,0.186,0.351,12
141,レース0141,2025-08-06,中山,2400,TURF,G1,5,3,H0001647,ウマ1647,牝,2022,小林 蓮,54.0,28,0.232,0.201,0.771,2
141,レース0141,2025-08-06,中山,2400,TURF,G1,6,3,H0001648,ウマ1648,牡,2022,渡辺 美咲,54.0,17,0.0,0.141,0.897,7
141,レース0141,2025-08-06,中山,2400,TURF,G1,7,4,H0001649,ウマ1649,牝,2022,渡辺 美咲,58.0,16,0.229,0.073,0.279,13
141,レース0141,2025-08-06,中山,2400,TURF,G1,8,4,H0001650,ウマ1650,牝,2020,小林 蓮,57.0,24,0.319,0.153,0.712,1
141,レース0141,2025-08-06,中山,2400,TURF,G1,9,5,H0001651,ウマ1651,牝,2022,小林 蓮,55.0,17,0.098,0.118,0.328,14
141,レース0141,2025-08-06,中山,2400,TURF,G1,10,5,H0001652,ウマ1652,牝,2022,佐藤 健,55.0,22,0.231,0.132,0.192,8
141,レース0141,2025-08-06,中山,2400,TURF,G1,11,6,H0001653,ウマ1653,牡,2022,中村 駿,58.0,5,0.111,0.189,0.539,10
141,レース0141,2025-08-06,中山,2400,TURF,G1,12,6,H0001654,ウマ1654,セ,2020,山本 陽,58.0,3,0.004,0.176,0.218,15
141,レース0141,2025-08-06,中山,2400,TURF,G1,13,7,H0001655,ウマ1655,牝,2022,渡辺 美咲,56.0,20,0.177,0.193,0.826,3
141,レース0141,2025-08-06,中山,2400,TURF,G1,14,7,H0001656,ウマ1656,牝,2022,中村 駿,57.0,25,0.128,0.186,0.465,11
141,レース0141,2025-08-06,中山,2400,TURF,G1,15,8,H0001657,ウマ1657,セ,2020,小林 蓮,55.0,7,0.18,0.106,0.424,9
142,レース0142,2025-04-18,京都,1800,TURF,3勝,1,1,H0001658,ウマ1658,牡,2021,鈴木 花子,55.0,9,0.104,0.051,0.212,9
142,レース0142,2025-04-18,京都,1800,TURF,3勝,2,1,H0001659,ウマ1659,牝,2022,中村 駿,54.0,3,0.241,0.21,0.674,2
142,レース0142,2025-04-18,京都,1800,TURF,3勝,3,2,H0001660,ウマ1660,牝,2021,山本 陽,57.0,21,0.21,0.116,0.406,5
142,レース0142,2025-04-18,京都,1800,TURF,3勝,4,2,H0001661,ウマ1661,牝,2020,伊藤 翼,54.0,25,0.292,0.096,0.324,3
142,レース0142,2025-04-18,京都,1800,TURF,3勝,5,3,H0001662,ウマ1662,牝,2022,山本 陽,58.0,22,0.105,0.042,0.603,4
142,レース0142,2025-04-18,京都,1800,TURF,3勝,6,3,H0001663,ウマ1663,牝,2020,小林 蓮,57.0,11,0.341,0.047,0.318,7
142,レース0142,2025-04-18,京都,1800,TURF,3勝,7,4,H0001664,ウマ1664,セ,2021,高橋 大輔,54.0,22,0.0,0.11,0.53,8
142,レース0142,2025-04-18,京都,1800,TURF,3勝,8,4,H0001665,ウマ1665,牝,2020,田中 一郎,57.0,24,0.204,0.129,0.436,6
142,レース0142,2025-04-18,京都,1800,TURF,3勝,9,5,H0001666,ウマ1666,牝,2020,加藤 楓,54.0,8,0.325,0.199,0.809,1
143,レース0143,2025-05-19,京都,2000,DIRT,G1,1,1,H0001667,ウマ1667,セ,2021,中村 駿,55.0,6,0.26,0.171,0.641,8
143,レース0143,2025-05-19,京都,2000,DIRT,G1,2,1,H0001668,ウマ1668,牝,2020,田中 一郎,54.0,15,0.268,0.079,0.113,15
143,レース0143,2025-05-19,京都,2000,DIRT,G1,3,2,H0001669,ウマ1669,牡,2021,山本 陽,54.0,30,0.206,0.041,0.807,6
143,レース0143,2025-05-19,京都,2000,DIRT,G1,4,2,H0001670,ウマ1670,牡,2020,山本 陽,54.0,21,0.093,0.051,0.562,13
143,レース0143,2025-05-19,京都,2000,DIRT,G1,5,3,H0001671,ウマ1671,牝,2022,加藤 楓,58.0,6,0.284,0.139,0.602,1
143,レース0143,2025-05-19,京都,2000,DIRT,G1,6,3,H0001672,ウマ1672,牝,2020,鈴木 花子,57.0,5,0.088,0.119,0.573,10
143,レース0143,2025-05-19,京都,2000,DIRT,G1,7,4,H0001673,ウマ1673,牡,2020,田中 一郎,55.0,8,0.162,0.251,0.436,3
143,レース0143,2025-05-19,京都,2000,DIRT,G1,8,4,H0001674,ウマ1674,セ,2021,加藤 楓,55.0,11,0.251,0.158,0.61,4
143,レース0143,2025-05-19,京都,2000,DIRT,G1,9,5,H0001675,ウマ1675,牡,2020,佐藤 健,54.0,12,0.0,0.148,0.418,14
143,レース0143,2025-05-19,京都,2000,DIRT,G1,10,5,H0001676,ウマ1676,セ,2020,鈴木 花子,54.0,19,0.081,0.182,0.758,9
143,レース0143,2025-05-19,京都,2000,DIRT,G1,11,6,H0001677,ウマ1677,牡,2021,高橋 大輔,55.0,9,0.12,0.073,0.92,7
143,レース0143,2025-05-19,京都,2000,DIRT,G1,12,6,H0001678,ウマ1678,牝,2022,加藤 楓,55.0,30,0.19,0.101,0.374,12
143,レース0143,2025-05-19,京都,2000,DIRT,G1,13,7,H0001679,ウマ1679,牡,2022,佐藤 健,54.0,10,0.197,0.103,0.7,5
143,レース0143,2025-05-19,京都,2000,DIRT,G1,14,7,H0001680,ウマ1680,牝,2021,田中 一郎,56.0,27,0.257,0.094,0.417,2
143,レース0143,2025-05-19,京都,2000,DIRT,G1,15,8,H0001681,ウマ1681,セ,2020,佐藤 健,56.0,18,0.014,0.172,0.558,11
144,レース0144,2025-08-25,阪神,1400,TURF,3勝,1,1,H0001682,ウマ1682,牡,2022,佐藤 健,57.0,27,0.159,0.19,0.661,11
144,レース0144,2025-08-25,阪神,1400,TURF,3勝,2,1,H0001683,ウマ1683,セ,2022,渡辺 美咲,56.0,12,0.125,0.093,0.392,16
144,レース0144,2025-08-25,阪神,1400,TURF,3勝,3,2,H0001684,ウマ1684,セ,2022,加藤 楓,57.0,24,0.243,0.165,0.39,12
144,レース0144,2025-08-25,阪神,1400,TURF,3勝,4,2,H0001685,ウマ1685,牝,2022,加藤 楓,54.0,22,0.076,0.085,0.369,15
144,レース0144,2025-08-25,阪神,1400,TURF,3勝,5,3,H0001686,ウマ1686,牝,2022,加藤 楓,56.0,10,0.135,0.104,0.449,8
144,レース0144,2025-08-25,阪神,1400,TURF,3勝,6,3,H0001687,ウマ1687,牡,2021,加藤 楓,56.0,24,0.105,0.23,0.744,2
144,レース0144,2025-08-25,阪神,1400,TURF,3勝,7,4,H0001688,ウマ1688,牡,2022,佐藤 健,57.0,28,0.116,0.097,0.624,10
144,レース0144,2025-08-25,阪神,1400,TURF,3勝,8,4,H0001689,ウマ1689,牡,2021,山本 陽,58.0,19,0.189,0.089,0.484,13
144,レース0144,2025-08-25,阪神,1400,TURF,3勝,9,5,H0001690,ウマ1690,牡,2022,渡辺 美咲,56.0,8,0.101,0.167,0.806,7
144,レース0144,2025-08-25,阪神,1400,TURF,3勝,10,5,H0001691,ウマ1691,牝,2022,渡辺 美咲,56.0,7,0.304,0.071,0.423,6
144,レース0144,2025-08-25,阪神,1400,TURF,3勝,11,6,H0001692,ウマ1692,セ,2021,田中 一郎,54.0,5,0.243,0.129,0.62,1
144,レース0144,2025-08-25,阪神,1400,TURF,3勝,12,6,H0001693,ウマ1693,牝,2022,山本 陽,58.0,16,0.259,0.238,0.728,3
144,レース0144,2025-08-25,阪神,1400,TURF,3勝,13,7,H0001694,ウマ1694,牝,2022,鈴木 花子,57.0,18,0.137,0.135,0.605,9
144,レース0144,2025-08-25,阪神,1400,TURF,3勝,14,7,H0001695,ウマ1695,牡,2021,鈴木 花子,54.0,20,0.108,0.147,0.609,14
144,レース0144,2025-08-25,阪神,1400,TURF,3勝,15,8,H0001696,ウマ1696,セ,2021,高橋 大輔,54.0,4,0.215,0.105,0.529,5
144,レース0144,2025-08-25,阪神,1400,TURF,3勝,16,8,H0001697,ウマ1697,牝,2021,高橋 大輔,58.0,10,0.27,0.089,0.713,4
145,レース0145,2025-04-05,中京,2000,DIRT,2勝,1,1,H0001698,ウマ1698,牝,2020,加藤 楓,55.0,22,0.185,0.196,0.584,5
145,レース0145,2025-04-05,中京,2000,DIRT,2勝,2,1,H0001699,ウマ1699,牡,2020,高橋 大輔,56.0,30,0.233,0.133,0.326,4
145,レース0145,2025-04-05,中京,2000,DIRT,2勝,3,2,H0001700,ウマ1700,牡,2020,伊藤 翼,58.0,6,0.126,0.099,0.624,10
145,レース0145,2025-04-05,中京,2000,DIRT,2勝,4,2,H0001701,ウマ1701,牡,2020,鈴木 花子,57.0,16,0.314,0.131,0.222,8
145,レース0145,2025-04-05,中京,2000,DIRT,2勝,5,3,H0001702,ウマ1702,牝,2020,加藤 楓,57.0,27,0.251,0.117,0.361,2
145,レース0145,2025-04-05,中京,2000,DIRT,2勝,6,3,H0001703,ウマ1703,牡,2021,加藤 楓,58.0,22,0.155,0.232,0.233,11
145,レース0145,2025-04-05,中京,2000,DIRT,2勝,7,4,H0001704,ウマ1704,セ,2020,山本 陽,55.0,29,0.188,0.089,0.676,3
145,レース0145,2025-04-05,中京,2000,DIRT,2勝,8,4,H0001705,ウマ1705,牝,2020,伊藤 翼,56.0,10,0.152,0.084,0.579,7
145,レース0145,2025-04-05,中京,2000,DIRT,2勝,9,5,H0001706,ウマ1706,セ,2020,鈴木 花子,54.0,17,0.12,0.056,0.804,1
145,レース0145,2025-04-05,中京,2000,DIRT,2勝,10,5,H0001707,ウマ1707,セ,2021,中村 駿,54.0,5,0.176,0.12,0.397,9
145,レース0145,2025-04-05,中京,2000,DIRT,2勝,11,6,H0001708,ウマ1708,牝,2021,佐藤 健,56.0,8,0.143,0.087,0.614,6
146,レース0146,2025-06-02,中京,1200,TURF,1勝,1,1,H0001709,ウマ1709,牡,2022,伊藤 翼,58.0,17,0.183,0.108,0.618,9
146,レース0146,2025-06-02,中京,1200,TURF,1勝,2,1,H0001710,ウマ1710,牡,2020,中村 駿,57.0,12,0.16,0.146,0.63,6
146,レース0146,2025-06-02,中京,1200,TURF,1勝,3,2,H0001711,ウマ1711,セ,2020,伊藤 翼,58.0,20,0.197,0.146,0.724,2
146,レース0146,2025-06-02,中京,1200,TURF,1勝,4,2,H0001712,ウマ1712,牡,2022,鈴木 花子,55.0,5,0.09,0.078,0.585,10
146,レース0146,2025-06-02,中京,1200,TURF,1勝,5,3,H0001713,ウマ1713,牝,2022,佐藤 健,57.0,7,0.19,0.091,0.596,4
146,レース0146,2025-06-02,中京,1200,TURF,1勝,6,3,H0001714,ウマ1714,牡,2021,加藤 楓,54.0,29,0.071,0.099,0.526,11
146,レース0146,2025-06-02,中京,1200,TURF,1勝,7,4,H0001715,ウマ1715,牡,2020,山本 陽,54.0,29,0.286,0.138,0.641,1
146,レース0146,2025-06-02,中京,1200,TURF,1勝,8,4,H0001716,ウマ1716,牡,2022,鈴木 花子,57.0,25,0.197,0.071,0.783,3
146,レース0146,2025-06-02,中京,1200,TURF,1勝,9,5,H0001717,ウマ1717,牝,2021,加藤 楓,57.0,28,0.181,0.201,0.552,7
146,レース0146,2025-06-02,中京,1200,TURF,1勝,10,5,H0001718,ウマ1718,牝,2022,小林 蓮,58.0,23,0.146,0.046,0.569,8
146,レース0146,2025-06-02,中京,1200,TURF,1勝,11,6,H0001719,ウマ1719,セ,2021,佐藤 健,57.0,19,0.259,0.114,0.324,5
147,レース0147,2025-10-12,中山,1400,TURF,G2,1,1,H0001720,ウマ1720,牝,2021,田中 一郎,57.0,13,0.092,0.144,0.475,12
147,レース0147,2025-10-12,中山,1400,TURF,G2,2,1,H0001721,ウマ1721,セ,2022,佐藤 健,55.0,23,0.031,0.137,0.617,9
147,レース0147,2025-10-12,中山,1400,TURF,G2,3,2,H0001722,ウマ1722,牡,2021,伊藤 翼,55.0,18,0.332,0.144,0.376,8
147,レース0147,2025-10-12,中山,1400,TURF,G2,4,2,H0001723,ウマ1723,牡,2020,佐藤 健,55.0,23,0.065,0.177,0.466,11
147,レース0147,2025-10-12,中山,1400,TURF,G2,5,3,H0001724,ウマ1724,牝,2022,中村 駿,54.0,5,0.224,0.167,0.48,5
147,レース0147,2025-10-12,中山,1400,TURF,G2,6,3,H0001725,ウマ1725,牝,2020,伊藤 翼,57.0,19,0.111,0.103,0.346,14
147,レース0147,2025-10-12,中山,1400,TURF,G2,7,4,H0001726,ウマ1726,セ,2021,田中 一郎,55.0,3,0.172,0.208,1.0,1
147,レース0147,2025-10-12,中山,1400,TURF,G2,8,4,H0001727,ウマ1727,牝,2021,山本 陽,56.0,13,0.053,0.126,0.414,10
147,レース0147,2025-10-12,中山,1400,TURF,G2,9,5,H0001728,ウマ1728,牝,2021,中村 駿,58.0,27,0.251,0.126,0.607,4
147,レース0147,2025-10-12,中山,1400,TURF,G2,10,5,H0001729,ウマ1729,牡,2021,渡辺 美咲,58.0,24,0.047,0.124,0.264,15
147,レース0147,2025-10-12,中山,1400,TURF,G2,11,6,H0001730,ウマ1730,牡,2020,山本 陽,56.0,15,0.136,0.112,0.265,13
147,レース0147,2025-10-12,中山,1400,TURF,G2,12,6,H0001731,ウマ1731,セ,2020,中村 駿,55.0,28,0.17,0.165,0.577,6
147,レース0147,2025-10-12,中山,1400,TURF,G2,13,7,H0001732,ウマ1732,牡,2020,鈴木 花子,58.0,8,0.184,0.143,0.458,7
147,レース0147,2025-10-12,中山,1400,TURF,G2,14,7,H0001733,ウマ1733,牡,2022,小林 蓮,57.0,6,0.225,0.1,0.484,2
147,レース0147,2025-10-12,中山,1400,TURF,G2,15,8,H0001734,ウマ1734,牝,2021,伊藤 翼,56.0,21,0.184,0.179,0.646,3
148,レース0148,2025-09-05,中京,2400,DIRT,2勝,1,1,H0001735,ウマ1735,牡,2020,田中 一郎,58.0,16,0.096,0.047,0.32,16
148,レース0148,2025-09-05,中京,2400,DIRT,2勝,2,1,H0001736,ウマ1736,セ,2021,田中 一郎,58.0,21,0.107,0.086,0.567,13
148,レース0148,2025-09-05,中京,2400,DIRT,2勝,3,2,H0001737,ウマ1737,牡,2020,小林 蓮,55.0,7,0.124,0.225,0.63,4
148,レース0148,2025-09-05,中京,2400,DIRT,2勝,4,2,H0001738,ウマ1738,セ,2021,中村 駿,58.0,21,0.212,0.199,0.425,10
148,レース0148,2025-09-05,中京,2400,DIRT,2勝,5,3,H0001739,ウマ1739,牡,2021,中村 駿,54.0,29,0.162,0.148,0.658,5
148,レース0148,2025-09-05,中京,2400,DIRT,2勝,6,3,H0001740,ウマ1740,牝,2020,伊藤 翼,54.0,10,0.268,0.083,0.627,6
148,レース0148,2025-09-05,中京,2400,DIRT,2勝,7,4,H0001741,ウマ1741,牡,2021,高橋 大輔,55.0,22,0.0,0.145,0.713,12
148,レース0148,2025-09-05,中京,2400,DIRT,2勝,8,4,H0001742,ウマ1742,牝,2020,鈴木 花子,58.0,5,0.14,0.145,0.397,14
148,レース0148,2025-09-05,中京,2400,DIRT,2勝,9,5,H0001743,ウマ1743,セ,2022,佐藤 健,54.0,4,0.308,0.17,0.662,2
148,レース0148,2025-09-05,中京,2400,DIRT,2勝,10,5,H0001744,ウマ1744,牝,2022,渡辺 美咲,55.0,24,0.257,0.161,0.551,7
148,レース0148,2025-09-05,中京,2400,DIRT,2勝,11,6,H0001745,ウマ1745,牡,2020,山本 陽,54.0,3,0.157,0.124,0.676,1
148,レース0148,2025-09-05,中京,2400,DIRT,2勝,12,6,H0001746,ウマ1746,牝,2020,伊藤 翼,55.0,21,0.13,0.144,0.444,9
148,レース0148,2025-09-05,中京,2400,DIRT,2勝,13,7,H0001747,ウマ1747,セ,2021,佐藤 健,55.0,23,0.136,0.222,0.773,8
148,レース0148,2025-09-05,中京,2400,DIRT,2勝,14,7,H0001748,ウマ1748,セ,2021,田中 一郎,57.0,15,0.234,0.14,0.336,11
148,レース0148,2025-09-05,中京,2400,DIRT,2勝,15,8,H0001749,ウマ1749,牝,2021,中村 駿,56.0,16,0.26,0.071,0.439,3
148,レース0148,2025-09-05,中京,2400,DIRT,2勝,16,8,H0001750,ウマ1750,牡,2020,小林 蓮,56.0,7,0.026,0.143,0.427,15
149,レース0149,2025-03-04,東京,1200,TURF,G2,1,1,H0001751,ウマ1751,セ,2020,小林 蓮,56.0,16,0.227,0.13,0.525,2
149,レース0149,2025-03-04,東京,1200,TURF,G2,2,1,H0001752,ウマ1752,牝,2022,高橋 大輔,58.0,18,0.108,0.033,0.773,5
149,レース0149,2025-03-04,東京,1200,TURF,G2,3,2,H0001753,ウマ1753,牝,2021,佐藤 健,54.0,29,0.132,0.09,0.422,10
149,レース0149,2025-03-04,東京,1200,TURF,G2,4,2,H0001754,ウマ1754,牝,2021,佐藤 健,57.0,29,0.232,0.057,0.554,3
149,レース0149,2025-03-04,東京,1200,TURF,G2,5,3,H0001755,ウマ1755,牡,2020,佐藤 健,58.0,11,0.071,0.245,0.412,8
149,レース0149,2025-03-04,東京,1200,TURF,G2,6,3,H0001756,ウマ1756,牡,2020,加藤 楓,56.0,22,0.217,0.08,0.655,6
149,レース0149,2025-03-04,東京,1200,TURF,G2,7,4,H0001757,ウマ1757,セ,2021,渡辺 美咲,54.0,28,0.107,0.131,0.584,4
149,レース0149,2025-03-04,東京,1200,TURF,G2,8,4,H0001758,ウマ1758,セ,2020,高橋 大輔,54.0,7,0.234,0.096,0.442,7
149,レース0149,2025-03-04,東京,1200,TURF,G2,9,5,H0001759,ウマ1759,セ,2022,山本 陽,58.0,22,0.115,0.194,0.532,9
149,レース0149,2025-03-04,東京,1200,TURF,G2,10,5,H0001760,ウマ1760,セ,2022,加藤 楓,54.0,12,0.074,0.158,0.841,1
150,レース0150,2025-01-14,阪神,1600,TURF,2勝,1,1,H0001761,ウマ1761,セ,2022,高橋 大輔,57.0,13,0.0,0.061,0.863,3
150,レース0150,2025-01-14,阪神,1600,TURF,2勝,2,1,H0001762,ウマ1762,セ,2020,高橋 大輔,56.0,24,0.245,0.148,0.44,10
150,レース0150,2025-01-14,阪神,1600,TURF,2勝,3,2,H0001763,ウマ1763,牝,2020,中村 駿,54.0,3,0.237,0.108,0.529,9
150,レース0150,2025-01-14,阪神,1600,TURF,2勝,4,2,H0001764,ウマ1764,セ,2021,田中 一郎,56.0,19,0.29,0.03,0.743,1
150,レース0150,2025-01-14,阪神,1600,TURF,2勝,5,3,H0001765,ウマ1765,牝,2022,高橋 大輔,58.0,20,0.279,0.07,0.583,4
150,レース0150,2025-01-14,阪神,1600,TURF,2勝,6,3,H0001766,ウマ1766,牝,2022,渡辺 美咲,54.0,8,0.022,0.108,0.424,13
150,レース0150,2025-01-14,阪神,1600,TURF,2勝,7,4,H0001767,ウマ1767,牡,2020,佐藤 健,55.0,26,0.122,0.121,0.521,2
150,レース0150,2025-01-14,阪神,1600,TURF,2勝,8,4,H0001768,ウマ1768,牝,2020,中村 駿,56.0,9,0.146,0.126,0.441,11
150,レース0150,2025-01-14,阪神,1600,TURF,2勝,9,5,H0001769,ウマ1769,セ,2020,鈴木 花子,58.0,7,0.169,0.083,0.564,8
150,レース0150,2025-01-14,阪神,1600,TURF,2勝,10,5,H0001770,ウマ1770,牡,2021,佐藤 健,54.0,6,0.106,0.198,0.298,7
150,レース0150,2025-01-14,阪神,1600,TURF,2勝,11,6,H0001771,ウマ1771,牡,2021,山本 陽,58.0,11,0.188,0.085,0.208,16
150,レース0150,2025-01-14,阪神,1600,TURF,2勝,12,6,H0001772,ウマ1772,牝,2020,加藤 楓,54.0,11,0.18,0.14,0.385,12
150,レース0150,2025-01-14,阪神,1600,TURF,2勝,13,7,H0001773,ウマ1773,牡,2020,渡辺 美咲,54.0,8,0.149,0.03,0.204,6
150,レース0150,2025-01-14,阪神,1600,TURF,2勝,14,7,H0001774,ウマ1774,セ,2021,田中 一郎,55.0,13,0.017,0.054,0.512,15
150,レース0150,2025-01-14,阪神,1600,TURF,2勝,15,8,H0001775,ウマ1775,牡,2022,小林 蓮,57.0,27,0.277,0.059,0.252,14
150,レース0150,2025-01-14,阪神,1600,TURF,2勝,16,8,H0001776,ウマ1776,牝,2022,小林 蓮,55.0,15,0.247,0.064,0.406,5
151,レース0151,2025-08-07,京都,1200,TURF,G1,1,1,H0001777,ウマ1777,牡,2021,小林 蓮,56.0,5,0.264,0.131,0.968,2
151,レース0151,2025-08-07,京都,1200,TURF,G1,2,1,H0001778,ウマ1778,牡,2022,佐藤 健,58.0,18,0.164,0.145,0.61,5
151,レース0151,2025-08-07,京都,1200,TURF,G1,3,2,H0001779,ウマ1779,セ,2021,高橋 大輔,58.0,12,0.0,0.136,0.525,12
151,レース0151,2025-08-07,京都,1200,TURF,G1,4,2,H0001780,ウマ1780,牡,2021,佐藤 健,54.0,25,0.099,0.079,0.506,7
151,レース0151,2025-08-07,京都,1200,TURF,G1,5,3,H0001781,ウマ1781,セ,2021,鈴木 花子,57.0,18,0.175,0.179,0.644,1
151,レース0151,2025-08-07,京都,1200,TURF,G1,6,3,H0001782,ウマ1782,牝,2021,佐藤 健,54.0,25,0.247,0.115,0.692,4
151,レース0151,2025-08-07,京都,1200,TURF,G1,7,4,H0001783,ウマ1783,牡,2021,渡辺 美咲,54.0,13,0.221,0.145,0.309,11
151,レース0151,2025-08-07,京都,1200,TURF,G1,8,4,H0001784,ウマ1784,牡,2020,田中 一郎,55.0,11,0.161,0.154,0.476,8
151,レース0151,2025-08-07,京都,1200,TURF,G1,9,5,H0001785,ウマ1785,セ,2022,加藤 楓,54.0,12,0.123,0.208,0.562,3
151,レース0151,2025-08-07,京都,1200,TURF,G1,10,5,H0001786,ウマ1786,牡,2021,中村 駿,54.0,5,0.0,0.191,0.404,10
151,レース0151,2025-08-07,京都,1200,TURF,G1,11,6,H0001787,ウマ1787,牝,2020,小林 蓮,58.0,28,0.141,0.097,0.614,13
151,レース0151,2025-08-07,京都,1200,TURF,G1,12,6,H0001788,ウマ1788,セ,2020,鈴木 花子,56.0,13,0.191,0.09,0.722,6
151,レース0151,2025-08-07,京都,1200,TURF,G1,13,7,H0001789,ウマ1789,セ,2022,佐藤 健,54.0,8,0.244,0.193,0.222,9
152,レース0152,2025-10-26,中山,1200,DIRT,3勝,1,1,H0001790,ウマ1790,牡,2021,高橋 大輔,57.0,22,0.104,0.118,0.207,16
152,レース0152,2025-10-26,中山,1200,DIRT,3勝,2,1,H0001791,ウマ1791,牝,2022,伊藤 翼,57.0,11,0.151,0.102,0.387,9
152,レース0152,2025-10-26,中山,1200,DIRT,3勝,3,2,H0001792,ウマ1792,牝,2022,山本 陽,54.0,18,0.166,0.131,0.904,4
152,レース0152,2025-10-26,中山,1200,DIRT,3勝,4,2,H0001793,ウマ1793,セ,2022,鈴木 花子,55.0,24,0.224,0.13,0.299,11
152,レース0152,2025-10-26,中山,1200,DIRT,3勝,5,3,H0001794,ウマ1794,セ,2020,鈴木 花子,55.0,24,0.099,0.131,0.834,1
152,レース0152,2025-10-26,中山,1200,DIRT,3勝,6,3,H0001795,ウマ1795,セ,2020,田中 一郎,54.0,16,0.0,0.21,0.535,12
152,レース0152,2025-10-26,中山,1200,DIRT,3勝,7,4,H0001796,ウマ1796,セ,2020,渡辺 美咲,55.0,13,0.223,0.157,0.626,10
152,レース0152,2025-10-26,中山,1200,DIRT,3勝,8,4,H0001797,ウマ1797,牡,2020,中村 駿,55.0,14,0.267,0.123,0.407,7
152,レース0152,2025-10-26,中山,1200,DIRT,3勝,9,5,H0001798,ウマ1798,牝,2021,田中 一郎,55.0,11,0.171,0.158,0.797,6
152,レース0152,2025-10-26,中山,1200,DIRT,3勝,10,5,H0001799,ウマ1799,セ,2021,高橋 大輔,54.0,16,0.28,0.131,0.9,2
152,レース0152,2025-10-26,中山,1200,DIRT,3勝,11,6,H0001800,ウマ1800,牝,2020,小林 蓮,56.0,28,0.251,0.162,0.645,8
152,レース0152,2025-10-26,中山,1200,DIRT,3勝,12,6,H0001801,ウマ1801,セ,2021,小林 蓮,55.0,15,0.183,0.112,0.403,13
152,レース0152,2025-10-26,中山,1200,DIRT,3勝,13,7,H0001802,ウマ1802,牡,2020,小林 蓮,57.0,15,0.202,0.123,0.754,3
152,レース0152,2025-10-26,中山,1200,DIRT,3勝,14,7,H0001803,ウマ1803,牝,2022,伊藤 翼,54.0,25,0.223,0.249,0.131,15
152,レース0152,2025-10-26,中山,1200,DIRT,3勝,15,8,H0001804,ウマ1804,セ,2021,田中 一郎,58.0,5,0.167,0.211,0.758,5
152,レース0152,2025-10-26,中山,1200,DIRT,3勝,16,8,H0001805,ウマ1805,セ,2022,山本 陽,55.0,21,0.009,0.087,0.558,14
153,レース0153,2025-03-01,中山,2000,DIRT,G1,1,1,H0001806,ウマ1806,牝,2020,小林 蓮,58.0,9,0.253,0.094,0.793,2
153,レース0153,2025-03-01,中山,2000,DIRT,G1,2,1,H0001807,ウマ1807,セ,2021,山本 陽,56.0,21,0.236,0.205,0.516,5
153,レース0153,2025-03-01,中山,2000,DIRT,G1,3,2,H0001808,ウマ1808,牡,2021,田中 一郎,57.0,30,0.087,0.109,0.518,11
153,レース0153,2025-03-01,中山,2000,DIRT,G1,4,2,H0001809,ウマ1809,セ,2020,鈴木 花子,55.0,6,0.128,0.178,0.559,7
153,レース0153,2025-03-01,中山,2000,DIRT,G1,5,3,H0001810,ウマ1810,牡,2021,中村 駿,57.0,20,0.261,0.105,0.511,3
153,レース0153,2025-03-01,中山,2000,DIRT,G1,6,3,H0001811,ウマ1811,牡,2022,高橋 大輔,57.0,9,0.215,0.13,0.343,9
153,レース0153,2025-03-01,中山,2000,DIRT,G1,7,4,H0001812,ウマ1812,牝,2020,伊藤 翼,54.0,23,0.0,0.121,0.586,6
153,レース0153,2025-03-01,中山,2000,DIRT,G1,8,4,H0001813,ウマ1813,牡,2021,山本 陽,55.0,20,0.096,0.101,0.592,10
153,レース0153,2025-03-01,中山,2000,DIRT,G1,9,5,H0001814,ウマ1814,セ,2021,加藤 楓,55.0,8,0.259,0.127,0.125,15
153,レース0153,2025-03-01,中山,2000,DIRT,G1,10,5,H0001815,ウマ1815,牝,2020,鈴木 花子,55.0,19,0.104,0.066,0.896,1
153,レース0153,2025-03-01,中山,2000,DIRT,G1,11,6,H0001816,ウマ1816,セ,2021,渡辺 美咲,56.0,27,0.187,0.031,0.346,16
153,レース0153,2025-03-01,中山,2000,DIRT,G1,12,6,H0001817,ウマ1817,牝,2020,佐藤 健,58.0,29,0.047,0.153,0.63,14
153,レース0153,2025-03-01,中山,2000,DIRT,G1,13,7,H0001818,ウマ1818,牡,2020,佐藤 健,55.0,12,0.187,0.175,0.795,4
153,レース0153,2025-03-01,中山,2000,DIRT,G1,14,7,H0001819,ウマ1819,セ,2020,渡辺 美咲,54.0,23,0.051,0.148,0.565,8
153,レース0153,2025-03-01,中山,2000,DIRT,G1,15,8,H0001820,ウマ1820,牡,2020,小林 蓮,57.0,15,0.228,0.134,0.246,13
153,レース0153,2025-03-01,中山,2000,DIRT,G1,16,8,H0001821,ウマ1821,牡,2020,鈴木 花子,57.0,7,0.267,0.132,0.282,12
154,レース0154,2025-05-23,東京,1400,DIRT,G3,1,1,H0001822,ウマ1822,セ,2022,渡辺 美咲,58.0,17,0.152,0.067,0.521,8
154,レース0154,2025-05-23,東京,1400,DIRT,G3,2,1,H0001823,ウマ1823,セ,2021,伊藤 翼,57.0,13,0.35,0.273,0.322,6
154,レース0154,2025-05-23,東京,1400,DIRT,G3,3,2,H0001824,ウマ1824,牝,2021,加藤 楓,54.0,17,0.156,0.128,0.675,9
154,レース0154,2025-05-23,東京,1400,DIRT,G3,4,2,H0001825,ウマ1825,セ,2022,鈴木 花子,54.0,20,0.345,0.085,0.758,1
154,レース0154,2025-05-23,東京,1400,DIRT,G3,5,3,H0001826,ウマ1826,牡,2020,加藤 楓,58.0,8,0.272,0.03,0.601,7
154,レース0154,2025-05-23,東京,1400,DIRT,G3,6,3,H0001827,ウマ1827,セ,2020,高橋 大輔,58.0,20,0.117,0.121,0.826,2
154,レース0154,2025-05-23,東京,1400,DIRT,G3,7,4,H0001828,ウマ1828,牝,2021,加藤 楓,58.0,7,0.32,0.087,0.497,10
154,レース0154,2025-05-23,東京,1400,DIRT,G3,8,4,H0001829,ウマ1829,牡,2022,鈴木 花子,55.0,19,0.193,0.117,0.207,12
154,レース0154,2025-05-23,東京,1400,DIRT,G3,9,5,H0001830,ウマ1830,セ,2020,渡辺 美咲,57.0,17,0.19,0.162,0.706,3
154,レース0154,2025-05-23,東京,1400,DIRT,G3,10,5,H0001831,ウマ1831,セ,2022,田中 一郎,54.0,30,0.217,0.165,0.575,4
154,レース0154,2025-05-23,東京,1400,DIRT,G3,11,6,H0001832,ウマ1832,セ,2022,山本 陽,56.0,5,0.162,0.135,0.508,13
154,レース0154,2025-05-23,東京,1400,DIRT,G3,12,6,H0001833,ウマ1833,牡,2022,山本 陽,58.0,3,0.231,0.146,0.628,5
154,レース0154,2025-05-23,東京,1400,DIRT,G3,13,7,H0001834,ウマ1834,牡,2022,伊藤 翼,56.0,27,0.168,0.101,0.023,14
154,レース0154,2025-05-23,東京,1400,DIRT,G3,14,7,H0001835,ウマ1835,牝,2021,加藤 楓,58.0,27,0.166,0.158,0.452,11
155,レース0155,2025-06-13,中山,1600,TURF,G1,1,1,H0001836,ウマ1836,セ,2020,田中 一郎,57.0,24,0.166,0.072,0.592,8
155,レース0155,2025-06-13,中山,1600,TURF,G1,2,1,H0001837,ウマ1837,牝,2022,佐藤 健,56.0,15,0.175,0.167,0.457,2
155,レース0155,2025-06-13,中山,1600,TURF,G1,3,2,H0001838,ウマ1838,牝,2022,高橋 大輔,57.0,13,0.248,0.112,0.614,3
155,レース0155,2025-06-13,中山,1600,TURF,G1,4,2,H0001839,ウマ1839,牡,2022,田中 一郎,58.0,23,0.161,0.142,0.509,6
155,レース0155,2025-06-13,中山,1600,TURF,G1,5,3,H0001840,ウマ1840,セ,2022,小林 蓮,55.0,22,0.231,0.08,0.585,1
155,レース0155,2025-06-13,中山,1600,TURF,G1,6,3,H0001841,ウマ1841,牡,2020,伊藤 翼,58.0,28,0.0,0.274,0.594,7
155,レース0155,2025-06-13,中山,1600,TURF,G1,7,4,H0001842,ウマ1842,セ,2020,加藤 楓,57.0,19,0.025,0.154,0.577,9
155,レース0155,2025-06-13,中山,1600,TURF,G1,8,4,H0001843,ウマ1843,牝,2021,高橋 大輔,55.0,19,0.175,0.091,0.502,5
155,レース0155,2025-06-13,中山,1600,TURF,G1,9,5,H0001844,ウマ1844,牡,2021,伊藤 翼,55.0,10,0.0,0.157,0.819,4
156,レース0156,2025-10-22,東京,2400,TURF,1勝,1,1,H0001845,ウマ1845,牡,2020,高橋 大輔,56.0,16,0.165,0.159,0.309,9
156,レース0156,2025-10-22,東京,2400,TURF,1勝,2,1,H0001846,ウマ1846,牡,2021,伊藤 翼,58.0,5,0.122,0.131,0.455,8
156,レース0156,2025-10-22,東京,2400,TURF,1勝,3,2,H0001847,ウマ1847,牝,2021,田中 一郎,57.0,8,0.155,0.133,0.215,10
156,レース0156,2025-10-22,東京,2400,TURF,1勝,4,2,H0001848,ウマ1848,セ,2020,伊藤 翼,56.0,9,0.318,0.1,0.624,3
156,レース0156,2025-10-22,東京,2400,TURF,1勝,5,3,H0001849,ウマ1849,牝,2021,加藤 楓,57.0,21,0.372,0.102,0.625,2
156,レース0156,2025-10-22,東京,2400,TURF,1勝,6,3,H0001850,ウマ1850,セ,2020,渡辺 美咲,54.0,10,0.186,0.19,0.495,4
156,レース0156,2025-10-22,東京,2400,TURF,1勝,7,4,H0001851,ウマ1851,牡,2021,山本 陽,56.0,29,0.08,0.11,0.772,5
156,レース0156,2025-10-22,東京,2400,TURF,1勝,8,4,H0001852,ウマ1852,セ,2022,田中 一郎,56.0,30,0.41,0.106,0.295,7
156,レース0156,2025-10-22,東京,2400,TURF,1勝,9,5,H0001853,ウマ1853,セ,2021,山本 陽,56.0,13,0.164,0.163,0.651,6
156,レース0156,2025-10-22,東京,2400,TURF,1勝,10,5,H0001854,ウマ1854,牡,2020,鈴木 花子,55.0,25,0.413,0.149,0.489,1
157,レース0157,2025-09-02,中京,2400,DIRT,G2,1,1,H0001855,ウマ1855,牡,2021,渡辺 美咲,55.0,10,0.133,0.109,0.338,13
157,レース0157,2025-09-02,中京,2400,DIRT,G2,2,1,H0001856,ウマ1856,牡,2022,加藤 楓,54.0,18,0.11,0.18,0.595,7
157,レース0157,2025-09-02,中京,2400,DIRT,G2,3,2,H0001857,ウマ1857,セ,2022,加藤 楓,58.0,3,0.184,0.086,0.396,10
157,レース0157,2025-09-02,中京,2400,DIRT,G2,4,2,H0001858,ウマ1858,牡,2022,鈴木 花子,54.0,13,0.244,0.162,0.558,1
157,レース0157,2025-09-02,中京,2400,DIRT,G2,5,3,H0001859,ウマ1859,牝,2021,小林 蓮,54.0,23,0.188,0.106,0.718,8
157,レース0157,2025-09-02,中京,2400,DIRT,G2,6,3,H0001860,ウマ1860,セ,2020,中村 駿,56.0,3,0.267,0.119,0.415,5
157,レース0157,2025-09-02,中京,2400,DIRT,G2,7,4,H0001861,ウマ1861,牡,2020,伊藤 翼,56.0,22,0.28,0.079,0.358,12
157,レース0157,2025-09-02,中京,2400,DIRT,G2,8,4,H0001862,ウマ1862,セ,2021,鈴木 花子,58.0,20,0.258,0.153,0.59,4
157,レース0157,2025-09-02,中京,2400,DIRT,G2,9,5,H0001863,ウマ1863,牝,2020,佐藤 健,54.0,29,0.163,0.165,0.388,11
157,レース0157,2025-09-02,中京,2400,DIRT,G2,10,5,H0001864,ウマ1864,牡,2020,高橋 大輔,58.0,17,0.165,0.11,0.127,15
157,レース0157,2025-09-02,中京,2400,DIRT,G2,11,6,H0001865,ウマ1865,セ,2021,佐藤 健,54.0,19,0.167,0.175,0.672,3
157,レース0157,2025-09-02,中京,2400,DIRT,G2,12,6,H0001866,ウマ1866,セ,2020,渡辺 美咲,54.0,10,0.212,0.03,0.454,9
157,レース0157,2025-09-02,中京,2400,DIRT,G2,13,7,H0001867,ウマ1867,牡,2020,佐藤 健,54.0,16,0.09,0.132,0.258,14
157,レース0157,2025-09-02,中京,2400,DIRT,G2,14,7,H0001868,ウマ1868,牡,2022,高橋 大輔,54.0,14,0.243,0.132,0.516,2
157,レース0157,2025-09-02,中京,2400,DIRT,G2,15,8,H0001869,ウマ1869,セ,2021,鈴木 花子,54.0,13,0.035,0.196,0.86,6
158,レース0158,2025-06-12,東京,1400,TURF,3勝,1,1,H0001870,ウマ1870,セ,2020,小林 蓮,58.0,23,0.276,0.18,0.611,3
158,レース0158,2025-06-12,東京,1400,TURF,3勝,2,1,H0001871,ウマ1871,セ,2021,伊藤 翼,58.0,26,0.234,0.087,0.19,11
158,レース0158,2025-06-12,東京,1400,TURF,3勝,3,2,H0001872,ウマ1872,牡,2022,小林 蓮,56.0,27,0.107,0.154,0.529,4
158,レース0158,2025-06-12,東京,1400,TURF,3勝,4,2,H0001873,ウマ1873,セ,2020,中村 駿,58.0,4,0.206,0.17,0.286,9
158,レース0158,2025-06-12,東京,1400,TURF,3勝,5,3,H0001874,ウマ1874,牡,2020,渡辺 美咲,58.0,17,0.199,0.147,0.802,2
158,レース0158,2025-06-12,東京,1400,TURF,3勝,6,3,H0001875,ウマ1875,牡,2021,伊藤 翼,58.0,21,0.174,0.121,0.644,5
158,レース0158,2025-06-12,東京,1400,TURF,3勝,7,4,H0001876,ウマ1876,セ,2020,中村 駿,57.0,27,0.084,0.134,0.579,1
158,レース0158,2025-06-12,東京,1400,TURF,3勝,8,4,H0001877,ウマ1877,牝,2022,伊藤 翼,58.0,29,0.084,0.092,0.726,7
158,レース0158,2025-06-12,東京,1400,TURF,3勝,9,5,H0001878,ウマ1878,セ,2022,小林 蓮,58.0,5,0.147,0.066,0.47,10
158,レース0158,2025-06-12,東京,1400,TURF,3勝,10,5,H0001879,ウマ1879,セ,2020,佐藤 健,57.0,13,0.238,0.103,0.382,8
158,レース0158,2025-06-12,東京,1400,TURF,3勝,11,6,H0001880,ウマ1880,セ,2022,高橋 大輔,58.0,8,0.161,0.092,0.49,6
159,レース0159,2025-03-25,東京,1400,TURF,3勝,1,1,H0001881,ウマ1881,牡,2022,小林 蓮,57.0,7,0.27,0.12,0.156,9
159,レース0159,2025-03-25,東京,1400,TURF,3勝,2,1,H0001882,ウマ1882,牡,2022,小林 蓮,57.0,8,0.102,0.11,0.604,1
159,レース0159,2025-03-25,東京,1400,TURF,3勝,3,2,H0001883,ウマ1883,牝,2022,山本 陽,58.0,14,0.18,0.087,0.821,3
159,レース0159,2025-03-25,東京,1400,TURF,3勝,4,2,H0001884,ウマ1884,セ,2020,伊藤 翼,58.0,29,0.129,0.067,0.238,11
159,レース0159,2025-03-25,東京,1400,TURF,3勝,5,3,H0001885,ウマ1885,セ,2022,中村 駿,55.0,13,0.263,0.131,0.328,5
159,レース0159,2025-03-25,東京,1400,TURF,3勝,6,3,H0001886,ウマ1886,牝,2022,佐藤 健,55.0,16,0.253,0.219,0.611,2
159,レース0159,2025-03-25,東京,1400,TURF,3勝,7,4,H0001887,ウマ1887,牡,2020,田中 一郎,56.0,20,0.159,0.111,0.327,10
159,レース0159,2025-03-25,東京,1400,TURF,3勝,8,4,H0001888,ウマ1888,セ,2021,山本 陽,55.0,13,0.143,0.078,0.571,6
159,レース0159,2025-03-25,東京,1400,TURF,3勝,9,5,H0001889,ウマ1889,牡,2020,山本 陽,56.0,28,0.329,0.12,0.549,4
159,レース0159,2025-03-25,東京,1400,TURF,3勝,10,5,H0001890,ウマ1890,牡,2020,佐藤 健,56.0,18,0.239,0.144,0.203,8
159,レース0159,2025-03-25,東京,1400,TURF,3勝,11,6,H0001891,ウマ1891,牝,2020,田中 一郎,58.0,6,0.18,0.128,0.443,7
160,レース0160,2025-11-07,中京,1200,TURF,G2,1,1,H0001892,ウマ1892,牡,2021,加藤 楓,54.0,4,0.086,0.148,0.401,13
160,レース0160,2025-11-07,中京,1200,TURF,G2,2,1,H0001893,ウマ1893,牝,2020,加藤 楓,56.0,9,0.124,0.104,0.484,11
160,レース0160,2025-11-07,中京,1200,TURF,G2,3,2,H0001894,ウマ1894,牡,2022,渡辺 美咲,57.0,10,0.298,0.215,0.233,4
160,レース0160,2025-11-07,中京,1200,TURF,G2,4,2,H0001895,ウマ1895,牡,2020,小林 蓮,58.0,7,0.134,0.1,0.704,9
160,レース0160,2025-11-07,中京,1200,TURF,G2,5,3,H0001896,ウマ1896,セ,2020,渡辺 美咲,57.0,3,0.121,0.117,0.248,10
160,レース0160,2025-11-07,中京,1200,TURF,G2,6,3,H0001897,ウマ1897,牡,2020,山本 陽,57.0,25,0.143,0.122,0.751,3
160,レース0160,2025-11-07,中京,1200,TURF,G2,7,4,H0001898,ウマ1898,セ,2022,加藤 楓,56.0,11,0.076,0.147,0.522,12
160,レース0160,2025-11-07,中京,1200,TURF,G2,8,4,H0001899,ウマ1899,牝,2021,佐藤 健,55.0,9,0.234,0.143,0.588,1
160,レース0160,2025-11-07,中京,1200,TURF,G2,9,5,H0001900,ウマ1900,牡,2021,田中 一郎,54.0,9,0.243,0.059,0.93,2
160,レース0160,2025-11-07,中京,1200,TURF,G2,10,5,H0001901,ウマ1901,牝,2020,高橋 大輔,58.0,27,0.293,0.043,0.593,6
160,レース0160,2025-11-07,中京,1200,TURF,G2,11,6,H0001902,ウマ1902,牝,2022,山本 陽,56.0,14,0.216,0.048,0.708,5
160,レース0160,2025-11-07,中京,1200,TURF,G2,12,6,H0001903,ウマ1903,牝,2022,田中 一郎,58.0,26,0.138,0.153,0.191,14
160,レース0160,2025-11-07,中京,1200,TURF,G2,13,7,H0001904,ウマ1904,牝,2021,加藤 楓,56.0,4,0.241,0.227,0.463,8
160,レース0160,2025-11-07,中京,1200,TURF,G2,14,7,H0001905,ウマ1905,セ,2021,鈴木 花子,55.0,15,0.22,0.126,0.457,7
161,レース0161,2025-12-26,中京,1400,TURF,未勝利,1,1,H0001906,ウマ1906,牡,2022,鈴木 花子,55.0,18,0.45,0.07,0.55,6
161,レース0161,2025-12-26,中京,1400,TURF,未勝利,2,1,H0001907,ウマ1907,牝,2020,山本 陽,55.0,20,0.274,0.089,0.589,10
161,レース0161,2025-12-26,中京,1400,TURF,未勝利,3,2,H0001908,ウマ1908,牝,2020,加藤 楓,58.0,10,0.143,0.08,0.836,9
161,レース0161,2025-12-26,中京,1400,TURF,未勝利,4,2,H0001909,ウマ1909,牝,2020,山本 陽,56.0,27,0.305,0.062,0.67,7
161,レース0161,2025-12-26,中京,1400,TURF,未勝利,5,3,H0001910,ウマ1910,セ,2022,中村 駿,57.0,15,0.302,0.052,0.642,3
161,レース0161,2025-12-26,中京,1400,TURF,未勝利,6,3,H0001911,ウマ1911,牝,2020,中村 駿,57.0,19,0.058,0.03,0.282,15
161,レース0161,2025-12-26,中京,1400,TURF,未勝利,7,4,H0001912,ウマ1912,牡,2021,加藤 楓,54.0,7,0.22,0.135,0.45,11
161,レース0161,2025-12-26,中京,1400,TURF,未勝利,8,4,H0001913,ウマ1913,牡,2021,渡辺 美咲,56.0,3,0.329,0.178,0.657,1
161,レース0161,2025-12-26,中京,1400,TURF,未勝利,9,5,H0001914,ウマ1914,セ,2021,中村 駿,57.0,21,0.295,0.141,0.329,5
161,レース0161,2025-12-26,中京,1400,TURF,未勝利,10,5,H0001915,ウマ1915,牡,2021,山本 陽,54.0,15,0.201,0.146,0.304,4
161,レース0161,2025-12-26,中京,1400,TURF,未勝利,11,6,H0001916,ウマ1916,セ,2022,伊藤 翼,54.0,10,0.008,0.212,0.491,12
161,レース0161,2025-12-26,中京,1400,TURF,未勝利,12,6,H0001917,ウマ1917,牡,2020,渡辺 美咲,54.0,28,0.068,0.159,0.495,8
161,レース0161,2025-12-26,中京,1400,TURF,未勝利,13,7,H0001918,ウマ1918,セ,2021,山本 陽,55.0,25,0.29,0.197,0.602,2
161,レース0161,2025-12-26,中京,1400,TURF,未勝利,14,7,H0001919,ウマ1919,セ,2022,加藤 楓,58.0,20,0.141,0.074,0.525,14
161,レース0161,2025-12-26,中京,1400,TURF,未勝利,15,8,H0001920,ウマ1920,セ,2022,加藤 楓,56.0,17,0.226,0.08,0.361,13
162,レース0162,2025-04-18,阪神,1600,TURF,G3,1,1,H0001921,ウマ1921,セ,2021,伊藤 翼,55.0,15,0.107,0.159,0.653,8
162,レース0162,2025-04-18,阪神,1600,TURF,G3,2,1,H0001922,ウマ1922,セ,2021,小林 蓮,54.0,22,0.325,0.154,0.095,5
162,レース0162,2025-04-18,阪神,1600,TURF,G3,3,2,H0001923,ウマ1923,セ,2020,佐藤 健,57.0,13,0.093,0.12,0.698,3
162,レース0162,2025-04-18,阪神,1600,TURF,G3,4,2,H0001924,ウマ1924,セ,2021,加藤 楓,54.0,3,0.282,0.097,0.538,1
162,レース0162,2025-04-18,阪神,1600,TURF,G3,5,3,H0001925,ウマ1925,牡,2022,渡辺 美咲,54.0,27,0.134,0.149,0.456,4
162,レース0162,2025-04-18,阪神,1600,TURF,G3,6,3,H0001926,ウマ1926,牝,2022,田中 一郎,58.0,3,0.133,0.179,0.544,7
162,レース0162,2025-04-18,阪神,1600,TURF,G3,7,4,H0001927,ウマ1927,牝,2021,佐藤 健,56.0,19,0.155,0.103,0.64,2
162,レース0162,2025-04-18,阪神,1600,TURF,G3,8,4,H0001928,ウマ1928,セ,2021,佐藤 健,55.0,23,0.147,0.077,0.7,6
163,レース0163,2025-04-18,中山,1800,DIRT,OP,1,1,H0001929,ウマ1929,セ,2022,渡辺 美咲,55.0,8,0.378,0.102,0.7,2
163,レース0163,2025-04-18,中山,1800,DIRT,OP,2,1,H0001930,ウマ1930,牝,2021,佐藤 健,57.0,21,0.147,0.086,0.516,10
163,レース0163,2025-04-18,中山,1800,DIRT,OP,3,2,H0001931,ウマ1931,セ,2021,鈴木 花子,56.0,10,0.283,0.237,0.599,3
163,レース0163,2025-04-18,中山,1800,DIRT,OP,4,2,H0001932,ウマ1932,牝,2021,渡辺 美咲,54.0,3,0.316,0.206,0.222,7
163,レース0163,2025-04-18,中山,1800,DIRT,OP,5,3,H0001933,ウマ1933,セ,2021,小林 蓮,58.0,27,0.28,0.113,0.536,6
163,レース0163,2025-04-18,中山,1800,DIRT,OP,6,3,H0001934,ウマ1934,牝,2022,山本 陽,55.0,6,0.269,0.09,0.246,11
163,レース0163,2025-04-18,中山,1800,DIRT,OP,7,4,H0001935,ウマ1935,セ,2021,佐藤 健,54.0,4,0.317,0.056,0.582,1
163,レース0163,2025-04-18,中山,1800,DIRT,OP,8,4,H0001936,ウマ1936,牝,2020,鈴木 花子,56.0,29,0.148,0.16,0.873,4
163,レース0163,2025-04-18,中山,1800,DIRT,OP,9,5,H0001937,ウマ1937,牝,2020,鈴木 花子,54.0,9,0.121,0.168,0.678,8
163,レース0163,2025-04-18,中山,1800,DIRT,OP,10,5,H0001938,ウマ1938,牝,2022,加藤 楓,55.0,6,0.219,0.124,0.38,5
163,レース0163,2025-04-18,中山,1800,DIRT,OP,11,6,H0001939,ウマ1939,牡,2022,鈴木 花子,58.0,12,0.187,0.183,0.583,9
164,レース0164,2025-07-20,東京,1400,DIRT,未勝利,1,1,H0001940,ウマ1940,セ,2020,山本 陽,58.0,26,0.158,0.03,0.436,9
164,レース0164,2025-07-20,東京,1400,DIRT,未勝利,2,1,H0001941,ウマ1941,セ,2022,渡辺 美咲,55.0,15,0.257,0.058,0.72,2
164,レース0164,2025-07-20,東京,1400,DIRT,未勝利,3,2,H0001942,ウマ1942,牝,2021,田中 一郎,56.0,13,0.184,0.144,0.633,3
164,レース0164,2025-07-20,東京,1400,DIRT,未勝利,4,2,H0001943,ウマ1943,牝,2020,佐藤 健,58.0,18,0.258,0.08,0.29,8
164,レース0164,2025-07-20,東京,1400,DIRT,未勝利,5,3,H0001944,ウマ1944,牝,2022,山本 陽,56.0,16,0.256,0.114,0.343,7
164,レース0164,2025-07-20,東京,1400,DIRT,未勝利,6,3,H0001945,ウマ1945,セ,2020,伊藤 翼,58.0,22,0.337,0.11,0.433,5
164,レース0164,2025-07-20,東京,1400,DIRT,未勝利,7,4,H0001946,ウマ1946,牡,2020,田中 一郎,57.0,4,0.31,0.241,0.299,1
164,レース0164,2025-07-20,東京,1400,DIRT,未勝利,8,4,H0001947,ウマ1947,牡,2020,鈴木 花子,55.0,28,0.336,0.154,0.46,4
164,レース0164,2025-07-20,東京,1400,DIRT,未勝利,9,5,H0001948,ウマ1948,牝,2021,田中 一郎,55.0,19,0.227,0.11,0.69,6
165,レース0165,2025-05-10,阪神,2400,TURF,G2,1,1,H0001949,ウマ1949,牝,2020,小林 蓮,58.0,30,0.157,0.189,0.418,2
165,レース0165,2025-05-10,阪神,2400,TURF,G2,2,1,H0001950,ウマ1950,セ,2021,伊藤 翼,57.0,23,0.12,0.087,0.157,10
165,レース0165,2025-05-10,阪神,2400,TURF,G2,3,2,H0001951,ウマ1951,牝,2020,鈴木 花子,55.0,19,0.052,0.173,0.789,3
165,レース0165,2025-05-10,阪神,2400,TURF,G2,4,2,H0001952,ウマ1952,牡,2022,佐藤 健,58.0,9,0.307,0.148,0.873,1
165,レース0165,2025-05-10,阪神,2400,TURF,G2,5,3,H0001953,ウマ1953,セ,2020,田中 一郎,54.0,15,0.204,0.108,0.26,7
165,レース0165,2025-05-10,阪神,2400,TURF,G2,6,3,H0001954,ウマ1954,牝,2021,佐藤 健,58.0,9,0.065,0.122,0.176,11
165,レース0165,2025-05-10,阪神,2400,TURF,G2,7,4,H0001955,ウマ1955,セ,2020,小林 蓮,57.0,8,0.16,0.075,0.657,5
165,レース0165,2025-05-10,阪神,2400,TURF,G2,8,4,H0001956,ウマ1956,牝,2022,渡辺 美咲,57.0,20,0.188,0.155,0.174,8
165,レース0165,2025-05-10,阪神,2400,TURF,G2,9,5,H0001957,ウマ1957,セ,2020,加藤 楓,54.0,29,0.108,0.089,0.29,9
165,レース0165,2025-05-10,阪神,2400,TURF,G2,10,5,H0001958,ウマ1958,セ,2022,高橋 大輔,57.0,26,0.304,0.142,0.285,6
165,レース0165,2025-05-10,阪神,2400,TURF,G2,11,6,H0001959,ウマ1959,牡,2020,小林 蓮,54.0,24,0.204,0.14,0.745,4
166,レース0166,2025-10-21,中山,2400,DIRT,OP,1,1,H0001960,ウマ1960,牡,2020,山本 陽,54.0,21,0.075,0.102,0.493,10
166,レース0166,2025-10-21,中山,2400,DIRT,OP,2,1,H0001961,ウマ1961,牝,2022,山本 陽,54.0,5,0.233,0.111,0.456,6
166,レース0166,2025-10-21,中山,2400,DIRT,OP,3,2,H0001962,ウマ1962,牡,2021,渡辺 美咲,58.0,25,0.209,0.107,0.448,9
166,レース0166,2025-10-21,中山,2400,DIRT,OP,4,2,H0001963,ウマ1963,牝,2021,中村 駿,56.0,6,0.335,0.11,0.688,2
166,レース0166,2025-10-21,中山,2400,DIRT,OP,5,3,H0001964,ウマ1964,牝,2021,高橋 大輔,57.0,3,0.092,0.058,0.568,11
166,レース0166,2025-10-21,中山,2400,DIRT,OP,6,3,H0001965,ウマ1965,セ,2020,佐藤 健,57.0,17,0.117,0.113,0.542,8
166,レース0166,2025-10-21,中山,2400,DIRT,OP,7,4,H0001966,ウマ1966,牡,2022,佐藤 健,58.0,17,0.344,0.053,0.338,7
166,レース0166,2025-10-21,中山,2400,DIRT,OP,8,4,H0001967,ウマ1967,牝,2022,鈴木 花子,57.0,9,0.208,0.137,0.559,4
166,レース0166,2025-10-21,中山,2400,DIRT,OP,9,5,H0001968,ウマ1968,セ,2022,高橋 大輔,56.0,7,0.374,0.03,0.573,5
166,レース0166,2025-10-21,中山,2400,DIRT,OP,10,5,H0001969,ウマ1969,セ,2020,加藤 楓,56.0,9,0.277,0.204,0.551,3
166,レース0166,2025-10-21,中山,2400,DIRT,OP,11,6,H0001970,ウマ1970,牝,2022,小林 蓮,56.0,19,0.139,0.178,0.881,1
167,レース0167,2025-12-24,中京,1600,DIRT,OP,1,1,H0001971,ウマ1971,牝,2020,田中 一郎,55.0,9,0.148,0.03,0.466,12
167,レース0167,2025-12-24,中京,1600,DIRT,OP,2,1,H0001972,ウマ1972,セ,2020,山本 陽,55.0,30,0.107,0.267,0.604,1
167,レース0167,2025-12-24,中京,1600,DIRT,OP,3,2,H0001973,ウマ1973,セ,2022,鈴木 花子,55.0,3,0.202,0.088,0.389,5
167,レース0167,2025-12-24,中京,1600,DIRT,OP,4,2,H0001974,ウマ1974,セ,2022,渡辺 美咲,55.0,24,0.201,0.143,0.296,9
167,レース0167,2025-12-24,中京,1600,DIRT,OP,5,3,H0001975,ウマ1975,セ,2020,田中 一郎,58.0,21,0.256,0.136,0.29,14
167,レース0167,2025-12-24,中京,1600,DIRT,OP,6,3,H0001976,ウマ1976,牝,2020,山本 陽,55.0,6,0.198,0.081,0.653,6
167,レース0167,2025-12-24,中京,1600,DIRT,OP,7,4,H0001977,ウマ1977,セ,2022,小林 蓮,55.0,16,0.197,0.142,0.61,8
167,レース0167,2025-12-24,中京,1600,DIRT,OP,8,4,H0001978,ウマ1978,セ,2022,鈴木 花子,54.0,6,0.222,0.058,0.605,10
167,レース0167,2025-12-24,中京,1600,DIRT,OP,9,5,H0001979,ウマ1979,牡,2021,佐藤 健,54.0,26,0.249,0.163,0.628,4
167,レース0167,2025-12-24,中京,1600,DIRT,OP,10,5,H0001980,ウマ1980,牡,2020,山本 陽,58.0,26,0.221,0.085,0.797,3
167,レース0167,2025-12-24,中京,1600,DIRT,OP,11,6,H0001981,ウマ1981,牡,2022,佐藤 健,56.0,17,0.177,0.116,0.378,16
167,レース0167,2025-12-24,中京,1600,DIRT,OP,12,6,H0001982,ウマ1982,牡,2020,伊藤 翼,56.0,8,0.138,0.087,0.334,13
167,レース0167,2025-12-24,中京,1600,DIRT,OP,13,7,H0001983,ウマ1983,牝,2020,山本 陽,58.0,24,0.239,0.154,0.618,7
167,レース0167,2025-12-24,中京,1600,DIRT,OP,14,7,H0001984,ウマ1984,牡,2020,山本 陽,58.0,9,0.048,0.118,0.636,15
167,レース0167,2025-12-24,中京,1600,DIRT,OP,15,8,H0001985,ウマ1985,セ,2022,田中 一郎,54.0,28,0.154,0.084,0.832,2
167,レース0167,2025-12-24,中京,1600,DIRT,OP,16,8,H0001986,ウマ1986,牡,2022,山本 陽,58.0,18,0.151,0.202,0.43,11
168,レース0168,2025-03-09,東京,1800,TURF,G2,1,1,H0001987,ウマ1987,牡,2020,田中 一郎,57.0,11,0.257,0.239,0.337,3
168,レース0168,2025-03-09,東京,1800,TURF,G2,2,1,H0001988,ウマ1988,牝,2020,中村 駿,55.0,6,0.146,0.228,0.415,6
168,レース0168,2025-03-09,東京,1800,TURF,G2,3,2,H0001989,ウマ1989,セ,2020,小林 蓮,54.0,26,0.145,0.153,0.575,4
168,レース0168,2025-03-09,東京,1800,TURF,G2,4,2,H0001990,ウマ1990,牡,2021,高橋 大輔,57.0,7,0.284,0.126,0.475,1
168,レース0168,2025-03-09,東京,1800,TURF,G2,5,3,H0001991,ウマ1991,牡,2022,田中 一郎,56.0,10,0.231,0.159,0.323,5
168,レース0168,2025-03-09,東京,1800,TURF,G2,6,3,H0001992,ウマ1992,牡,2020,山本 陽,54.0,14,0.023,0.1,0.206,8
168,レース0168,2025-03-09,東京,1800,TURF,G2,7,4,H0001993,ウマ1993,牝,2022,鈴木 花子,57.0,14,0.257,0.102,0.151,7
168,レース0168,2025-03-09,東京,1800,TURF,G2,8,4,H0001994,ウマ1994,牝,2020,高橋 大輔,56.0,11,0.185,0.06,0.645,2
169,レース0169,2025-07-01,東京,1600,TURF,未勝利,1,1,H0001995,ウマ1995,牡,2020,中村 駿,58.0,20,0.268,0.171,0.589,5
169,レース0169,2025-07-01,東京,1600,TURF,未勝利,2,1,H0001996,ウマ1996,牡,2021,佐藤 健,56.0,16,0.02,0.137,0.745,6
169,レース0169,2025-07-01,東京,1600,TURF,未勝利,3,2,H0001997,ウマ1997,牡,2022,田中 一郎,56.0,30,0.068,0.124,0.223,15
169,レース0169,2025-07-01,東京,1600,TURF,未勝利,4,2,H0001998,ウマ1998,牡,2022,田中 一郎,54.0,16,0.163,0.104,0.072,14
169,レース0169,2025-07-01,東京,1600,TURF,未勝利,5,3,H0001999,ウマ1999,牝,2021,加藤 楓,54.0,11,0.115,0.141,0.424,1
169,レース0169,2025-07-01,東京,1600,TURF,未勝利,6,3,H0002000,ウマ2000,セ,2020,田中 一郎,57.0,3,0.195,0.097,0.556,9
169,レース0169,2025-07-01,東京,1600,TURF,未勝利,7,4,H0002001,ウマ2001,セ,2021,山本 陽,56.0,11,0.128,0.117,0.334,11
169,レース0169,2025-07-01,東京,1600,TURF,未勝利,8,4,H0002002,ウマ2002,牡,2022,高橋 大輔,58.0,22,0.158,0.096,0.553,12
169,レース0169,2025-07-01,東京,1600,TURF,未勝利,9,5,H0002003,ウマ2003,牝,2021,佐藤 健,56.0,5,0.043,0.183,0.719,2
169,レース0169,2025-07-01,東京,1600,TURF,未勝利,10,5,H0002004,ウマ2004,セ,2021,田中 一郎,55.0,4,0.133,0.119,0.602,3
169,レース0169,2025-07-01,東京,1600,TURF,未勝利,11,6,H0002005,ウマ2005,牡,2020,鈴木 花子,56.0,4,0.246,0.144,0.479,4
169,レース0169,2025-07-01,東京,1600,TURF,未勝利,12,6,H0002006,ウマ2006,牝,2020,田中 一郎,57.0,26,0.201,0.076,0.618,8
169,レース0169,2025-07-01,東京,1600,TURF,未勝利,13,7,H0002007,ウマ2007,セ,2022,伊藤 翼,54.0,21,0.113,0.075,0.137,13
169,レース0169,2025-07-01,東京,1600,TURF,未勝利,14,7,H0002008,ウマ2008,牡,2020,伊藤 翼,54.0,22,0.122,0.168,0.553,7
169,レース0169,2025-07-01,東京,1600,TURF,未勝利,15,8,H0002009,ウマ2009,牝,2022,加藤 楓,58.0,18,0.161,0.121,0.33,10
170,レース0170,2025-11-04,東京,1800,TURF,未勝利,1,1,H0002010,ウマ2010,牡,2021,中村 駿,58.0,6,0.111,0.149,0.387,9
170,レース0170,2025-11-04,東京,1800,TURF,未勝利,2,1,H0002011,ウマ2011,牡,2020,渡辺 美咲,58.0,16,0.242,0.176,0.748,3
170,レース0170,2025-11-04,東京,1800,TURF,未勝利,3,2,H0002012,ウマ2012,セ,2021,山本 陽,58.0,21,0.15,0.163,0.819,2
170,レース0170,2025-11-04,東京,1800,TURF,未勝利,4,2,H0002013,ウマ2013,牝,2022,佐藤 健,56.0,3,0.433,0.043,0.521,5
170,レース0170,2025-11-04,東京,1800,TURF,未勝利,5,3,H0002014,ウマ2014,セ,2020,鈴木 花子,57.0,5,0.185,0.134,0.607,4
170,レース0170,2025-11-04,東京,1800,TURF,未勝利,6,3,H0002015,ウマ2015,セ,2020,高橋 大輔,56.0,14,0.034,0.181,0.41,10
170,レース0170,2025-11-04,東京,1800,TURF,未勝利,7,4,H0002016,ウマ2016,セ,2022,小林 蓮,58.0,7,0.068,0.097,0.275,11
170,レース0170,2025-11-04,東京,1800,TURF,未勝利,8,4,H0002017,ウマ2017,セ,2021,加藤 楓,58.0,3,0.21,0.117,0.514,7
170,レース0170,2025-11-04,東京,1800,TURF,未勝利,9,5,H0002018,ウマ2018,牝,2021,加藤 楓,58.0,7,0.187,0.169,0.228,6
170,レース0170,2025-11-04,東京,1800,TURF,未勝利,10,5,H0002019,ウマ2019,牡,2022,小林 蓮,58.0,19,0.204,0.151,0.903,1
170,レース0170,2025-11-04,東京,1800,TURF,未勝利,11,6,H0002020,ウマ2020,牡,2021,加藤 楓,58.0,4,0.119,0.049,0.848,8
171,レース0171,2025-03-27,阪神,1800,DIRT,G2,1,1,H0002021,ウマ2021,セ,2021,山本 陽,54.0,11,0.223,0.19,0.494,4
171,レース0171,2025-03-27,阪神,1800,DIRT,G2,2,1,H0002022,ウマ2022,セ,2020,小林 蓮,57.0,26,0.267,0.147,0.315,10
171,レース0171,2025-03-27,阪神,1800,DIRT,G2,3,2,H0002023,ウマ2023,牡,2021,田中 一郎,57.0,21,0.182,0.064,0.965,5
171,レース0171,2025-03-27,阪神,1800,DIRT,G2,4,2,H0002024,ウマ2024,牡,2022,中村 駿,56.0,6,0.179,0.082,0.775,3
171,レース0171,2025-03-27,阪神,1800,DIRT,G2,5,3,H0002025,ウマ2025,セ,2022,加藤 楓,55.0,20,0.164,0.142,0.758,6
171,レース0171,2025-03-27,阪神,1800,DIRT,G2,6,3,H0002026,ウマ2026,牝,2022,中村 駿,56.0,8,0.104,0.143,0.835,9
171,レース0171,2025-03-27,阪神,1800,DIRT,G2,7,4,H0002027,ウマ2027,牝,2021,加藤 楓,56.0,10,0.173,0.145,0.401,8
171,レース0171,2025-03-27,阪神,1800,DIRT,G2,8,4,H0002028,ウマ2028,牝,2022,伊藤 翼,57.0,7,0.122,0.108,0.136,14
171,レース0171,2025-03-27,阪神,1800,DIRT,G2,9,5,H0002029,ウマ2029,牝,2022,高橋 大輔,55.0,29,0.193,0.133,0.472,11
171,レース0171,2025-03-27,阪神,1800,DIRT,G2,10,5,H0002030,ウマ2030,セ,2022,高橋 大輔,58.0,11,0.164,0.103,0.445,12
171,レース0171,2025-03-27,阪神,1800,DIRT,G2,11,6,H0002031,ウマ2031,牝,2021,小林 蓮,57.0,7,0.072,0.117,0.302,13
171,レース0171,2025-03-27,阪神,1800,DIRT,G2,12,6,H0002032,ウマ2032,牡,2021,田中 一郎,57.0,22,0.179,0.213,0.532,7
171,レース0171,2025-03-27,阪神,1800,DIRT,G2,13,7,H0002033,ウマ2033,セ,2020,渡辺 美咲,54.0,24,0.199,0.111,1.0,2
171,レース0171,2025-03-27,阪神,1800,DIRT,G2,14,7,H0002034,ウマ2034,牡,2022,中村 駿,55.0,6,0.327,0.132,0.307,1
172,レース0172,2025-01-11,中山,2400,DIRT,1勝,1,1,H0002035,ウマ2035,牝,2022,田中 一郎,58.0,8,0.206,0.165,0.688,5
172,レース0172,2025-01-11,中山,2400,DIRT,1勝,2,1,H0002036,ウマ2036,牝,2020,山本 陽,56.0,6,0.141,0.05,0.896,4
172,レース0172,2025-01-11,中山,2400,DIRT,1勝,3,2,H0002037,ウマ2037,セ,2021,中村 駿,56.0,30,0.062,0.161,0.744,7
172,レース0172,2025-01-11,中山,2400,DIRT,1勝,4,2,H0002038,ウマ2038,セ,2020,加藤 楓,57.0,7,0.08,0.207,0.667,3
172,レース0172,2025-01-11,中山,2400,DIRT,1勝,5,3,H0002039,ウマ2039,セ,2020,中村 駿,54.0,17,0.143,0.066,0.347,8
172,レース0172,2025-01-11,中山,2400,DIRT,1勝,6,3,H0002040,ウマ2040,牝,2021,加藤 楓,56.0,30,0.13,0.144,0.463,9
172,レース0172,2025-01-11,中山,2400,DIRT,1勝,7,4,H0002041,ウマ2041,牝,2022,中村 駿,57.0,22,0.338,0.127,0.684,1
172,レース0172,2025-01-11,中山,2400,DIRT,1勝,8,4,H0002042,ウマ2042,セ,2021,山本 陽,55.0,20,0.074,0.094,0.337,10
172,レース0172,2025-01-11,中山,2400,DIRT,1勝,9,5,H0002043,ウマ2043,セ,2021,渡辺 美咲,54.0,28,0.0,0.172,0.436,11
172,レース0172,2025-01-11,中山,2400,DIRT,1勝,10,5,H0002044,ウマ2044,セ,2022,佐藤 健,58.0,4,0.233,0.117,0.476,6
172,レース0172,2025-01-11,中山,2400,DIRT,1勝,11,6,H0002045,ウマ2045,牡,2021,鈴木 花子,57.0,5,0.268,0.058,0.685,2
173,レース0173,2025-04-27,東京,2400,DIRT,G1,1,1,H0002046,ウマ2046,牡,2021,渡辺 美咲,58.0,10,0.178,0.061,0.379,12
173,レース0173,2025-04-27,東京,2400,DIRT,G1,2,1,H0002047,ウマ2047,セ,2020,中村 駿,56.0,18,0.06,0.172,0.702,10
173,レース0173,2025-04-27,東京,2400,DIRT,G1,3,2,H0002048,ウマ2048,牡,2021,加藤 楓,58.0,21,0.257,0.141,0.552,7
173,レース0173,2025-04-27,東京,2400,DIRT,G1,4,2,H0002049,ウマ2049,セ,2022,山本 陽,56.0,16,0.18,0.146,1.0,1
173,レース0173,2025-04-27,東京,2400,DIRT,G1,5,3,H0002050,ウマ2050,牝,2020,田中 一郎,56.0,29,0.023,0.083,0.627,11
173,レース0173,2025-04-27,東京,2400,DIRT,G1,6,3,H0002051,ウマ2051,牡,2022,小林 蓮,57.0,28,0.2,0.088,0.398,15
173,レース0173,2025-04-27,東京,2400,DIRT,G1,7,4,H0002052,ウマ2052,セ,2022,田中 一郎,55.0,16,0.22,0.212,0.46,9
173,レース0173,2025-04-27,東京,2400,DIRT,G1,8,4,H0002053,ウマ2053,セ,2020,中村 駿,57.0,13,0.301,0.202,0.33,4
173,レース0173,2025-04-27,東京,2400,DIRT,G1,9,5,H0002054,ウマ2054,セ,2022,渡辺 美咲,57.0,10,0.298,0.125,0.493,5
173,レース0173,2025-04-27,東京,2400,DIRT,G1,10,5,H0002055,ウマ2055,牡,2021,佐藤 健,55.0,27,0.191,0.127,0.722,6
173,レース0173,2025-04-27,東京,2400,DIRT,G1,11,6,H0002056,ウマ2056,牝,2021,中村 駿,57.0,7,0.141,0.146,0.368,13
173,レース0173,2025-04-27,東京,2400,DIRT,G1,12,6,H0002057,ウマ2057,牡,2020,渡辺 美咲,55.0,30,0.191,0.061,0.485,14
173,レース0173,2025-04-27,東京,2400,DIRT,G1,13,7,H0002058,ウマ2058,セ,2021,田中 一郎,58.0,3,0.207,0.03,0.54,8
173,レース0173,2025-04-27,東京,2400,DIRT,G1,14,7,H0002059,ウマ2059,牝,2022,小林 蓮,58.0,20,0.197,0.03,0.753,2
173,レース0173,2025-04-27,東京,2400,DIRT,G1,15,8,H0002060,ウマ2060,牝,2021,田中 一郎,55.0,28,0.19,0.201,0.814,3
174,レース0174,2025-05-28,阪神,2400,TURF,1勝,1,1,H0002061,ウマ2061,セ,2021,高橋 大輔,55.0,26,0.265,0.208,0.809,4
174,レース0174,2025-05-28,阪神,2400,TURF,1勝,2,1,H0002062,ウマ2062,セ,2022,中村 駿,55.0,30,0.247,0.133,0.345,9
174,レース0174,2025-05-28,阪神,2400,TURF,1勝,3,2,H0002063,ウマ2063,牝,2022,佐藤 健,55.0,12,0.18,0.114,0.092,12
174,レース0174,2025-05-28,阪神,2400,TURF,1勝,4,2,H0002064,ウマ2064,牝,2021,伊藤 翼,55.0,4,0.099,0.182,0.743,7
174,レース0174,2025-05-28,阪神,2400,TURF,1勝,5,3,H0002065,ウマ2065,牝,2022,佐藤 健,56.0,30,0.392,0.154,0.543,2
174,レース0174,2025-05-28,阪神,2400,TURF,1勝,6,3,H0002066,ウマ2066,牡,2020,小林 蓮,54.0,12,0.311,0.164,0.9,1
174,レース0174,2025-05-28,阪神,2400,TURF,1勝,7,4,H0002067,ウマ2067,牡,2021,小林 蓮,58.0,27,0.195,0.061,0.508,8
174,レース0174,2025-05-28,阪神,2400,TURF,1勝,8,4,H0002068,ウマ2068,セ,2022,佐藤 健,56.0,18,0.0,0.103,0.623,10
174,レース0174,2025-05-28,阪神,2400,TURF,1勝,9,5,H0002069,ウマ2069,牝,2021,田中 一郎,55.0,23,0.208,0.159,0.661,3
174,レース0174,2025-05-28,阪神,2400,TURF,1勝,10,5,H0002070,ウマ2070,牝,2020,田中 一郎,54.0,11,0.083,0.043,0.464,11
174,レース0174,2025-05-28,阪神,2400,TURF,1勝,11,6,H0002071,ウマ2071,セ,2022,佐藤 健,55.0,11,0.119,0.192,0.791,5
174,レース0174,2025-05-28,阪神,2400,TURF,1勝,12,6,H0002072,ウマ2072,牡,2020,鈴木 花子,55.0,19,0.206,0.104,0.459,6
175,レース0175,2025-09-03,阪神,1800,DIRT,3勝,1,1,H0002073,ウマ2073,牝,2020,加藤 楓,56.0,9,0.226,0.092,0.615,5
175,レース0175,2025-09-03,阪神,1800,DIRT,3勝,2,1,H0002074,ウマ2074,セ,2020,小林 蓮,54.0,25,0.241,0.173,0.215,7
175,レース0175,2025-09-03,阪神,1800,DIRT,3勝,3,2,H0002075,ウマ2075,セ,2020,佐藤 健,56.0,20,0.189,0.107,0.386,8
175,レース0175,2025-09-03,阪神,1800,DIRT,3勝,4,2,H0002076,ウマ2076,セ,2021,山本 陽,56.0,21,0.078,0.073,0.607,6
175,レース0175,2025-09-03,阪神,1800,DIRT,3勝,5,3,H0002077,ウマ2077,牝,2021,山本 陽,58.0,25,0.0,0.059,0.243,9
175,レース0175,2025-09-03,阪神,1800,DIRT,3勝,6,3,H0002078,ウマ2078,セ,2020,伊藤 翼,56.0,15,0.153,0.168,0.702,3
175,レース0175,2025-09-03,阪神,1800,DIRT,3勝,7,4,H0002079,ウマ2079,牝,2022,伊藤 翼,58.0,8,0.198,0.221,0.891,1
175,レース0175,2025-09-03,阪神,1800,DIRT,3勝,8,4,H0002080,ウマ2080,セ,2021,佐藤 健,58.0,19,0.0,0.118,0.938,4
175,レース0175,2025-09-03,阪神,1800,DIRT,3勝,9,5,H0002081,ウマ2081,牝,2020,山本 陽,58.0,9,0.191,0.195,0.941,2
176,レース0176,2025-03-05,中京,2400,TURF,OP,1,1,H0002082,ウマ2082,牡,2020,田中 一郎,54.0,5,0.328,0.197,0.779,2
176,レース0176,2025-03-05,中京,2400,TURF,OP,2,1,H0002083,ウマ2083,セ,2022,加藤 楓,54.0,28,0.148,0.084,0.469,7
176,レース0176,2025-03-05,中京,2400,TURF,OP,3,2,H0002084,ウマ2084,牡,2021,高橋 大輔,54.0,14,0.198,0.095,0.295,10
176,レース0176,2025-03-05,中京,2400,TURF,OP,4,2,H0002085,ウマ2085,牝,2022,高橋 大輔,58.0,23,0.15,0.145,0.818,5
176,レース0176,2025-03-05,中京,2400,TURF,OP,5,3,H0002086,ウマ2086,牝,2021,加藤 楓,54.0,23,0.235,0.193,0.466,4
176,レース0176,2025-03-05,中京,2400,TURF,OP,6,3,H0002087,ウマ2087,牡,2020,田中 一郎,56.0,9,0.231,0.163,0.12,6
176,レース0176,2025-03-05,中京,2400,TURF,OP,7,4,H0002088,ウマ2088,牝,2020,田中 一郎,57.0,14,0.319,0.113,0.0,9
176,レース0176,2025-03-05,中京,2400,TURF,OP,8,4,H0002089,ウマ2089,牡,2021,田中 一郎,57.0,25,0.21,0.093,0.408,8
176,レース0176,2025-03-05,中京,2400,TURF,OP,9,5,H0002090,ウマ2090,牡,2020,田中 一郎,57.0,23,0.31,0.181,0.605,3
176,レース0176,2025-03-05,中京,2400,TURF,OP,10,5,H0002091,ウマ2091,牡,2021,加藤 楓,55.0,13,0.112,0.16,0.74,1
177,レース0177,2025-01-17,阪神,2000,DIRT,未勝利,1,1,H0002092,ウマ2092,牝,2021,加藤 楓,58.0,9,0.075,0.094,0.436,7
177,レース0177,2025-01-17,阪神,2000,DIRT,未勝利,2,1,H0002093,ウマ2093,牝,2022,小林 蓮,58.0,28,0.166,0.156,0.322,8
177,レース0177,2025-01-17,阪神,2000,DIRT,未勝利,3,2,H0002094,ウマ2094,セ,2022,山本 陽,57.0,6,0.155,0.166,0.563,6
177,レース0177,2025-01-17,阪神,2000,DIRT,未勝利,4,2,H0002095,ウマ2095,牡,2021,山本 陽,58.0,16,0.0,0.158,0.439,9
177,レース0177,2025-01-17,阪神,2000,DIRT,未勝利,5,3,H0002096,ウマ2096,牝,2020,山本 陽,54.0,10,0.092,0.153,0.729,4
177,レース0177,2025-01-17,阪神,2000,DIRT,未勝利,6,3,H0002097,ウマ2097,セ,2022,山本 陽,56.0,20,0.331,0.215,0.8,1
177,レース0177,2025-01-17,阪神,2000,DIRT,未勝利,7,4,H0002098,ウマ2098,牡,2022,田中 一郎,54.0,27,0.318,0.146,0.449,3
177,レース0177,2025-01-17,阪神,2000,DIRT,未勝利,8,4,H0002099,ウマ2099,牝,2021,加藤 楓,54.0,13,0.36,0.093,0.483,2
177,レース0177,2025-01-17,阪神,2000,DIRT,未勝利,9,5,H0002100,ウマ2100,セ,2020,佐藤 健,57.0,18,0.216,0.155,0.534,5
178,レース0178,2025-09-22,阪神,1200,TURF,G2,1,1,H0002101,ウマ2101,牡,2021,伊藤 翼,58.0,8,0.218,0.061,0.599,8
178,レース0178,2025-09-22,阪神,1200,TURF,G2,2,1,H0002102,ウマ2102,セ,2020,小林 蓮,57.0,4,0.211,0.165,0.759,5
178,レース0178,2025-09-22,阪神,1200,TURF,G2,3,2,H0002103,ウマ2103,牡,2020,加藤 楓,56.0,14,0.25,0.034,0.671,7
178,レース0178,2025-09-22,阪神,1200,TURF,G2,4,2,H0002104,ウマ2104,セ,2020,田中 一郎,54.0,30,0.143,0.11,0.392,10
178,レース0178,2025-09-22,阪神,1200,TURF,G2,5,3,H0002105,ウマ2105,牡,2022,田中 一郎,54.0,5,0.139,0.118,0.694,6
178,レース0178,2025-09-22,阪神,1200,TURF,G2,6,3,H0002106,ウマ2106,牡,2021,佐藤 健,56.0,9,0.103,0.106,0.456,11
178,レース0178,2025-09-22,阪神,1200,TURF,G2,7,4,H0002107,ウマ2107,セ,2022,渡辺 美咲,58.0,26,0.214,0.094,0.918,4
178,レース0178,2025-09-22,阪神,1200,TURF,G2,8,4,H0002108,ウマ2108,セ,2022,加藤 楓,54.0,8,0.0,0.16,0.454,12
178,レース0178,2025-09-22,阪神,1200,TURF,G2,9,5,H0002109,ウマ2109,セ,2021,田中 一郎,57.0,18,0.217,0.163,0.475,9
178,レース0178,2025-09-22,阪神,1200,TURF,G2,10,5,H0002110,ウマ2110,牡,2020,鈴木 花子,58.0,21,0.191,0.21,0.677,3
178,レース0178,2025-09-22,阪神,1200,TURF,G2,11,6,H0002111,ウマ2111,セ,2020,渡辺 美咲,54.0,8,0.177,0.132,0.638,1
178,レース0178,2025-09-22,阪神,1200,TURF,G2,12,6,H0002112,ウマ2112,牡,2021,田中 一郎,54.0,29,0.27,0.056,0.682,2
179,レース0179,2025-02-26,中山,1200,TURF,未勝利,1,1,H0002113,ウマ2113,セ,2020,加藤 楓,56.0,21,0.109,0.148,1.0,2
179,レース0179,2025-02-26,中山,1200,TURF,未勝利,2,1,H0002114,ウマ2114,牡,2022,佐藤 健,56.0,28,0.201,0.144,0.324,7
179,レース0179,2025-02-26,中山,1200,TURF,未勝利,3,2,H0002115,ウマ2115,セ,2021,伊藤 翼,57.0,18,0.088,0.107,0.354,10
179,レース0179,2025-02-26,中山,1200,TURF,未勝利,4,2,H0002116,ウマ2116,セ,2022,佐藤 健,54.0,18,0.115,0.135,0.365,5
179,レース0179,2025-02-26,中山,1200,TURF,未勝利,5,3,H0002117,ウマ2117,牝,2020,佐藤 健,54.0,14,0.203,0.171,0.429,8
179,レース0179,2025-02-26,中山,1200,TURF,未勝利,6,3,H0002118,ウマ2118,牡,2020,小林 蓮,57.0,12,0.165,0.141,0.287,9
179,レース0179,2025-02-26,中山,1200,TURF,未勝利,7,4,H0002119,ウマ2119,牡,2021,佐藤 健,56.0,16,0.222,0.231,0.593,3
179,レース0179,2025-02-26,中山,1200,TURF,未勝利,8,4,H0002120,ウマ2120,牝,2020,中村 駿,56.0,17,0.098,0.08,0.516,4
179,レース0179,2025-02-26,中山,1200,TURF,未勝利,9,5,H0002121,ウマ2121,セ,2020,加藤 楓,56.0,12,0.219,0.189,1.0,1
179,レース0179,2025-02-26,中山,1200,TURF,未勝利,10,5,H0002122,ウマ2122,セ,2021,中村 駿,55.0,7,0.16,0.173,0.518,6
180,レース0180,2025-08-27,東京,1600,DIRT,G1,1,1,H0002123,ウマ2123,牡,2021,中村 駿,58.0,8,0.112,0.144,0.712,12
180,レース0180,2025-08-27,東京,1600,DIRT,G1,2,1,H0002124,ウマ2124,セ,2021,渡辺 美咲,54.0,6,0.206,0.139,0.66,7
180,レース0180,2025-08-27,東京,1600,DIRT,G1,3,2,H0002125,ウマ2125,牡,2020,鈴木 花子,58.0,6,0.302,0.149,0.534,11
180,レース0180,2025-08-27,東京,1600,DIRT,G1,4,2,H0002126,ウマ2126,セ,2020,佐藤 健,57.0,13,0.2,0.072,0.6,14
180,レース0180,2025-08-27,東京,1600,DIRT,G1,5,3,H0002127,ウマ2127,牡,2021,山本 陽,55.0,14,0.228,0.057,0.382,15
180,レース0180,2025-08-27,東京,1600,DIRT,G1,6,3,H0002128,ウマ2128,牡,2022,佐藤 健,56.0,3,0.21,0.168,0.474,10
180,レース0180,2025-08-27,東京,1600,DIRT,G1,7,4,H0002129,ウマ2129,牡,2020,佐藤 健,58.0,30,0.284,0.084,0.71,8
180,レース0180,2025-08-27,東京,1600,DIRT,G1,8,4,H0002130,ウマ2130,牡,2021,高橋 大輔,54.0,30,0.356,0.05,0.713,6
180,レース0180,2025-08-27,東京,1600,DIRT,G1,9,5,H0002131,ウマ2131,セ,2022,渡辺 美咲,58.0,4,0.169,0.099,0.889,9
180,レース0180,2025-08-27,東京,1600,DIRT,G1,10,5,H0002132,ウマ2132,牝,2022,高橋 大輔,57.0,30,0.018,0.116,0.57,16
180,レース0180,2025-08-27,東京,1600,DIRT,G1,11,6,H0002133,ウマ2133,セ,2020,高橋 大輔,58.0,24,0.263,0.179,0.71,2
180,レース0180,2025-08-27,東京,1600,DIRT,G1,12,6,H0002134,ウマ2134,牝,2022,山本 陽,54.0,9,0.206,0.13,0.484,1
180,レース0180,2025-08-27,東京,1600,DIRT,G1,13,7,H0002135,ウマ2135,牝,2021,佐藤 健,58.0,4,0.332,0.114,0.825,3
180,レース0180,2025-08-27,東京,1600,DIRT,G1,14,7,H0002136,ウマ2136,牝,2020,鈴木 花子,58.0,20,0.191,0.168,0.418,13
180,レース0180,2025-08-27,東京,1600,DIRT,G1,15,8,H0002137,ウマ2137,セ,2020,加藤 楓,56.0,14,0.142,0.196,0.656,5
180,レース0180,2025-08-27,東京,1600,DIRT,G1,16,8,H0002138,ウマ2138,牝,2020,田中 一郎,56.0,14,0.215,0.083,0.797,4
181,レース0181,2025-08-19,東京,1200,TURF,1勝,1,1,H0002139,ウマ2139,セ,2021,小林 蓮,58.0,18,0.194,0.127,0.783,7
181,レース0181,2025-08-19,東京,1200,TURF,1勝,2,1,H0002140,ウマ2140,セ,2021,佐藤 健,55.0,25,0.194,0.123,0.861,1
181,レース0181,2025-08-19,東京,1200,TURF,1勝,3,2,H0002141,ウマ2141,牝,2020,田中 一郎,56.0,3,0.229,0.108,0.671,6
181,レース0181,2025-08-19,東京,1200,TURF,1勝,4,2,H0002142,ウマ2142,牡,2020,佐藤 健,55.0,23,0.344,0.087,0.675,4
181,レース0181,2025-08-19,東京,1200,TURF,1勝,5,3,H0002143,ウマ2143,牝,2020,伊藤 翼,56.0,6,0.172,0.136,0.027,13
181,レース0181,2025-08-19,東京,1200,TURF,1勝,6,3,H0002144,ウマ2144,牡,2022,山本 陽,58.0,25,0.191,0.093,0.585,11
181,レース0181,2025-08-19,東京,1200,TURF,1勝,7,4,H0002145,ウマ2145,セ,2020,山本 陽,54.0,4,0.192,0.095,0.579,9
181,レース0181,2025-08-19,東京,1200,TURF,1勝,8,4,H0002146,ウマ2146,牡,2022,加藤 楓,54.0,20,0.259,0.064,0.252,12
181,レース0181,2025-08-19,東京,1200,TURF,1勝,9,5,H0002147,ウマ2147,牝,2021,高橋 大輔,54.0,28,0.272,0.099,0.555,8
181,レース0181,2025-08-19,東京,1200,TURF,1勝,10,5,H0002148,ウマ2148,牝,2021,渡辺 美咲,56.0,27,0.232,0.205,0.861,2
181,レース0181,2025-08-19,東京,1200,TURF,1勝,11,6,H0002149,ウマ2149,牡,2020,佐藤 健,56.0,21,0.263,0.085,0.606,3
181,レース0181,2025-08-19,東京,1200,TURF,1勝,12,6,H0002150,ウマ2150,牡,2020,高橋 大輔,56.0,16,0.071,0.123,0.242,14
181,レース0181,2025-08-19,東京,1200,TURF,1勝,13,7,H0002151,ウマ2151,牝,2022,佐藤 健,55.0,5,0.091,0.039,0.66,10
181,レース0181,2025-08-19,東京,1200,TURF,1勝,14,7,H0002152,ウマ2152,牡,2020,小林 蓮,54.0,6,0.001,0.125,1.0,5
182,レース0182,2025-03-07,京都,1400,TURF,G1,1,1,H0002153,ウマ2153,セ,2020,加藤 楓,55.0,21,0.0,0.182,0.811,9
182,レース0182,2025-03-07,京都,1400,TURF,G1,2,1,H0002154,ウマ2154,牝,2020,鈴木 花子,56.0,19,0.273,0.198,0.395,5
182,レース0182,2025-03-07,京都,1400,TURF,G1,3,2,H0002155,ウマ2155,セ,2022,小林 蓮,58.0,25,0.077,0.154,0.437,8
182,レース0182,2025-03-07,京都,1400,TURF,G1,4,2,H0002156,ウマ2156,セ,2020,田中 一郎,54.0,27,0.279,0.16,0.531,3
182,レース0182,2025-03-07,京都,1400,TURF,G1,5,3,H0002157,ウマ2157,牡,2022,中村 駿,58.0,22,0.262,0.128,0.569,2
182,レース0182,2025-03-07,京都,1400,TURF,G1,6,3,H0002158,ウマ2158,牡,2022,伊藤 翼,58.0,13,0.291,0.186,0.474,4
182,レース0182,2025-03-07,京都,1400,TURF,G1,7,4,H0002159,ウマ2159,セ,2021,佐藤 健,58.0,3,0.255,0.12,0.626,7
182,レース0182,2025-03-07,京都,1400,TURF,G1,8,4,H0002160,ウマ2160,牡,2022,高橋 大輔,58.0,7,0.193,0.19,0.626,6
182,レース0182,2025-03-07,京都,1400,TURF,G1,9,5,H0002161,ウマ2161,セ,2020,佐藤 健,57.0,26,0.153,0.105,0.548,1
183,レース0183,2025-10-20,東京,1800,TURF,2勝,1,1,H0002162,ウマ2162,セ,2020,佐藤 健,55.0,4,0.253,0.111,0.279,11
183,レース0183,2025-10-20,東京,1800,TURF,2勝,2,1,H0002163,ウマ2163,牡,2020,小林 蓮,55.0,18,0.014,0.03,0.502,16
183,レース0183,2025-10-20,東京,1800,TURF,2勝,3,2,H0002164,ウマ2164,セ,2020,田中 一郎,54.0,27,0.32,0.057,0.872,4
183,レース0183,2025-10-20,東京,1800,TURF,2勝,4,2,H0002165,ウマ2165,牡,2020,田中 一郎,57.0,14,0.186,0.071,0.223,15
183,レース0183,2025-10-20,東京,1800,TURF,2勝,5,3,H0002166,ウマ2166,牝,2021,山本 陽,57.0,6,0.273,0.115,0.314,12
183,レース0183,2025-10-20,東京,1800,TURF,2勝,6,3,H0002167,ウマ2167,牡,2021,鈴木 花子,55.0,18,0.131,0.107,0.581,3
183,レース0183,2025-10-20,東京,1800,TURF,2勝,7,4,H0002168,ウマ2168,牡,2022,加藤 楓,54.0,9,0.044,0.1,0.894,7
183,レース0183,2025-10-20,東京,1800,TURF,2勝,8,4,H0002169,ウマ2169,牡,2022,中村 駿,58.0,15,0.296,0.19,0.52,5
183,レース0183,2025-10-20,東京,1800,TURF,2勝,9,5,H0002170,ウマ2170,牝,2021,田中 一郎,55.0,19,0.352,0.164,0.748,1
183,レース0183,2025-10-20,東京,1800,TURF,2勝,10,5,H0002171,ウマ2171,牝,2021,田中 一郎,57.0,15,0.266,0.148,0.905,2
183,レース0183,2025-10-20,東京,1800,TURF,2勝,11,6,H0002172,ウマ2172,セ,2021,渡辺 美咲,55.0,14,0.023,0.135,0.729,13
183,レース0183,2025-10-20,東京,1800,TURF,2勝,12,6,H0002173,ウマ2173,牝,2021,中村 駿,56.0,9,0.29,0.154,0.607,6
183,レース0183,2025-10-20,東京,1800,TURF,2勝,13,7,H0002174,ウマ2174,セ,2021,渡辺 美咲,55.0,3,0.025,0.103,0.325,14
183,レース0183,2025-10-20,東京,1800,TURF,2勝,14,7,H0002175,ウマ2175,牝,2020,鈴木 花子,55.0,12,0.14,0.194,0.608,10
183,レース0183,2025-10-20,東京,1800,TURF,2勝,15,8,H0002176,ウマ2176,セ,2021,加藤 楓,57.0,25,0.231,0.168,0.523,9
183,レース0183,2025-10-20,東京,1800,TURF,2勝,16,8,H0002177,ウマ2177,牡,2022,小林 蓮,58.0,22,0.122,0.198,0.724,8
184,レース0184,2025-12-10,中京,1400,DIRT,OP,1,1,H0002178,ウマ2178,牝,2021,高橋 大輔,58.0,9,0.244,0.196,0.394,5
184,レース0184,2025-12-10,中京,1400,DIRT,OP,2,1,H0002179,ウマ2179,牡,2021,田中 一郎,56.0,14,0.029,0.097,0.768,2
184,レース0184,2025-12-10,中京,1400,DIRT,OP,3,2,H0002180,ウマ2180,牡,2022,高橋 大輔,56.0,5,0.087,0.095,0.525,4
184,レース0184,2025-12-10,中京,1400,DIRT,OP,4,2,H0002181,ウマ2181,セ,2021,渡辺 美咲,57.0,30,0.33,0.175,0.678,3
184,レース0184,2025-12-10,中京,1400,DIRT,OP,5,3,H0002182,ウマ2182,牝,2021,小林 蓮,58.0,15,0.09,0.051,0.61,8
184,レース0184,2025-12-10,中京,1400,DIRT,OP,6,3,H0002183,ウマ2183,牝,2020,中村 駿,56.0,14,0.017,0.075,0.592,6
184,レース0184,2025-12-10,中京,1400,DIRT,OP,7,4,H0002184,ウマ2184,セ,2022,加藤 楓,56.0,15,0.112,0.03,0.332,9
184,レース0184,2025-12-10,中京,1400,DIRT,OP,8,4,H0002185,ウマ2185,牝,2021,田中 一郎,54.0,20,0.212,0.126,0.588,7
184,レース0184,2025-12-10,中京,1400,DIRT,OP,9,5,H0002186,ウマ2186,セ,2021,加藤 楓,56.0,5,0.251,0.128,0.529,1
185,レース0185,2025-06-26,中山,2000,DIRT,G3,1,1,H0002187,ウマ2187,牡,2020,小林 蓮,55.0,30,0.29,0.106,0.273,9
185,レース0185,2025-06-26,中山,2000,DIRT,G3,2,1,H0002188,ウマ2188,セ,2020,伊藤 翼,56.0,8,0.285,0.157,0.538,1
185,レース0185,2025-06-26,中山,2000,DIRT,G3,3,2,H0002189,ウマ2189,セ,2020,高橋 大輔,56.0,28,0.023,0.207,0.41,10
185,レース0185,2025-06-26,中山,2000,DIRT,G3,4,2,H0002190,ウマ2190,牝,2021,高橋 大輔,54.0,25,0.45,0.225,0.292,2
185,レース0185,2025-06-26,中山,2000,DIRT,G3,5,3,H0002191,ウマ2191,セ,2020,田中 一郎,57.0,20,0.216,0.079,0.325,12
185,レース0185,2025-06-26,中山,2000,DIRT,G3,6,3,H0002192,ウマ2192,牝,2020,佐藤 健,57.0,6,0.249,0.081,0.319,4
185,レース0185,2025-06-26,中山,2000,DIRT,G3,7,4,H0002193,ウマ2193,牡,2020,渡辺 美咲,58.0,29,0.308,0.169,0.172,8
185,レース0185,2025-06-26,中山,2000,DIRT,G3,8,4,H0002194,ウマ2194,セ,2021,伊藤 翼,55.0,11,0.246,0.17,0.522,3
185,レース0185,2025-06-26,中山,2000,DIRT,G3,9,5,H0002195,ウマ2195,牡,2022,田中 一郎,57.0,25,0.253,0.07,0.525,7
185,レース0185,2025-06-26,中山,2000,DIRT,G3,10,5,H0002196,ウマ2196,牝,2021,小林 蓮,55.0,7,0.154,0.042,0.492,11
185,レース0185,2025-06-26,中山,2000,DIRT,G3,11,6,H0002197,ウマ2197,牝,2020,田中 一郎,57.0,27,0.1,0.106,0.498,13
185,レース0185,2025-06-26,中山,2000,DIRT,G3,12,6,H0002198,ウマ2198,セ,2020,田中 一郎,55.0,14,0.232,0.098,0.427,5
185,レース0185,2025-06-26,中山,2000,DIRT,G3,13,7,H0002199,ウマ2199,セ,2020,佐藤 健,55.0,5,0.13,0.184,0.599,6
186,レース0186,2025-02-14,中山,1800,DIRT,OP,1,1,H0002200,ウマ2200,牡,2020,中村 駿,58.0,19,0.178,0.172,0.575,6
186,レース0186,2025-02-14,中山,1800,DIRT,OP,2,1,H0002201,ウマ2201,牡,2021,山本 陽,54.0,14,0.228,0.058,0.442,11
186,レース0186,2025-02-14,中山,1800,DIRT,OP,3,2,H0002202,ウマ2202,セ,2020,山本 陽,57.0,23,0.182,0.113,0.634,9
186,レース0186,2025-02-14,中山,1800,DIRT,OP,4,2,H0002203,ウマ2203,牝,2022,渡辺 美咲,56.0,29,0.236,0.204,0.745,3
186,レース0186,2025-02-14,中山,1800,DIRT,OP,5,3,H0002204,ウマ2204,牡,2020,佐藤 健,55.0,23,0.056,0.187,0.386,8
186,レース0186,2025-02-14,中山,1800,DIRT,OP,6,3,H0002205,ウマ2205,牡,2020,伊藤 翼,58.0,14,0.122,0.044,0.586,10
186,レース0186,2025-02-14,中山,1800,DIRT,OP,7,4,H0002206,ウマ2206,牡,2020,高橋 大輔,55.0,16,0.303,0.176,0.33,4
186,レース0186,2025-02-14,中山,1800,DIRT,OP,8,4,H0002207,ウマ2207,セ,2021,田中 一郎,54.0,19,0.084,0.156,0.75,2
186,レース0186,2025-02-14,中山,1800,DIRT,OP,9,5,H0002208,ウマ2208,牡,2020,中村 駿,54.0,4,0.162,0.156,0.777,1
186,レース0186,2025-02-14,中山,1800,DIRT,OP,10,5,H0002209,ウマ2209,セ,2022,加藤 楓,58.0,23,0.265,0.164,0.596,7
186,レース0186,2025-02-14,中山,1800,DIRT,OP,11,6,H0002210,ウマ2210,セ,2021,伊藤 翼,57.0,20,0.214,0.206,0.483,5
186,レース0186,2025-02-14,中山,1800,DIRT,OP,12,6,H0002211,ウマ2211,牡,2020,佐藤 健,56.0,7,0.279,0.063,0.392,12
187,レース0187,2025-10-10,中京,2400,TURF,G2,1,1,H0002212,ウマ2212,セ,2022,佐藤 健,58.0,25,0.191,0.129,0.654,1
187,レース0187,2025-10-10,中京,2400,TURF,G2,2,1,H0002213,ウマ2213,牝,2020,山本 陽,56.0,13,0.291,0.03,0.472,7
187,レース0187,2025-10-10,中京,2400,TURF,G2,3,2,H0002214,ウマ2214,セ,2022,小林 蓮,57.0,30,0.138,0.148,0.805,5
187,レース0187,2025-10-10,中京,2400,TURF,G2,4,2,H0002215,ウマ2215,牝,2021,鈴木 花子,56.0,29,0.19,0.112,0.417,9
187,レース0187,2025-10-10,中京,2400,TURF,G2,5,3,H0002216,ウマ2216,セ,2021,鈴木 花子,56.0,23,0.091,0.135,0.757,8
187,レース0187,2025-10-10,中京,2400,TURF,G2,6,3,H0002217,ウマ2217,セ,2020,加藤 楓,57.0,28,0.133,0.119,0.603,10
187,レース0187,2025-10-10,中京,2400,TURF,G2,7,4,H0002218,ウマ2218,牝,2022,渡辺 美咲,58.0,15,0.158,0.118,0.727,2
187,レース0187,2025-10-10,中京,2400,TURF,G2,8,4,H0002219,ウマ2219,牡,2020,鈴木 花子,56.0,14,0.314,0.161,0.564,3
187,レース0187,2025-10-10,中京,2400,TURF,G2,9,5,H0002220,ウマ2220,セ,2022,渡辺 美咲,56.0,13,0.154,0.248,0.806,4
187,レース0187,2025-10-10,中京,2400,TURF,G2,10,5,H0002221,ウマ2221,牡,2022,渡辺 美咲,57.0,17,0.165,0.134,0.622,6
188,レース0188,2025-08-26,阪神,1400,DIRT,G1,1,1,H0002222,ウマ2222,牡,2022,田中 一郎,56.0,5,0.164,0.157,0.55,13
188,レース0188,2025-08-26,阪神,1400,DIRT,G1,2,1,H0002223,ウマ2223,牡,2020,山本 陽,54.0,10,0.086,0.079,0.789,8
188,レース0188,2025-08-26,阪神,1400,DIRT,G1,3,2,H0002224,ウマ2224,セ,2022,小林 蓮,58.0,15,0.263,0.131,0.359,12
188,レース0188,2025-08-26,阪神,1400,DIRT,G1,4,2,H0002225,ウマ2225,牝,2020,鈴木 花子,57.0,28,0.398,0.158,0.48,4
188,レース0188,2025-08-26,阪神,1400,DIRT,G1,5,3,H0002226,ウマ2226,牝,2022,田中 一郎,55.0,17,0.186,0.061,0.365,15
188,レース0188,2025-08-26,阪神,1400,DIRT,G1,6,3,H0002227,ウマ2227,牝,2021,高橋 大輔,57.0,29,0.314,0.11,0.767,1
188,レース0188,2025-08-26,阪神,1400,DIRT,G1,7,4,H0002228,ウマ2228,セ,2022,伊藤 翼,58.0,9,0.155,0.108,0.457,6
188,レース0188,2025-08-26,阪神,1400,DIRT,G1,8,4,H0002229,ウマ2229,セ,2022,山本 陽,55.0,23,0.21,0.145,0.57,10
188,レース0188,2025-08-26,阪神,1400,DIRT,G1,9,5,H0002230,ウマ2230,牡,2022,鈴木 花子,55.0,14,0.1,0.111,0.663,14
188,レース0188,2025-08-26,阪神,1400,DIRT,G1,10,5,H0002231,ウマ2231,牝,2021,小林 蓮,56.0,3,0.265,0.058,0.375,9
188,レース0188,2025-08-26,阪神,1400,DIRT,G1,11,6,H0002232,ウマ2232,牝,2021,伊藤 翼,57.0,12,0.188,0.129,0.541,3
188,レース0188,2025-08-26,阪神,1400,DIRT,G1,12,6,H0002233,ウマ2233,牝,2020,中村 駿,57.0,29,0.033,0.106,0.399,16
188,レース0188,2025-08-26,阪神,1400,DIRT,G1,13,7,H0002234,ウマ2234,牡,2021,渡辺 美咲,57.0,4,0.182,0.162,0.911,2
188,レース0188,2025-08-26,阪神,1400,DIRT,G1,14,7,H0002235,ウマ2235,セ,2021,伊藤 翼,55.0,21,0.247,0.135,0.5,11
188,レース0188,2025-08-26,阪神,1400,DIRT,G1,15,8,H0002236,ウマ2236,牡,2022,山本 陽,57.0,23,0.238,0.101,0.601,5
188,レース0188,2025-08-26,阪神,1400,DIRT,G1,16,8,H0002237,ウマ2237,セ,2021,田中 一郎,54.0,8,0.107,0.18,0.434,7
189,レース0189,2025-08-14,京都,1400,TURF,G3,1,1,H0002238,ウマ2238,牝,2022,伊藤 翼,55.0,19,0.234,0.106,0.381,1
189,レース0189,2025-08-14,京都,1400,TURF,G3,2,1,H0002239,ウマ2239,牝,2021,中村 駿,57.0,10,0.096,0.086,0.403,12
189,レース0189,2025-08-14,京都,1400,TURF,G3,3,2,H0002240,ウマ2240,牝,2022,高橋 大輔,56.0,12,0.145,0.117,0.704,2
189,レース0189,2025-08-14,京都,1400,TURF,G3,4,2,H0002241,ウマ2241,セ,2022,高橋 大輔,54.0,27,0.14,0.045,0.59,8
189,レース0189,2025-08-14,京都,1400,TURF,G3,5,3,H0002242,ウマ2242,牝,2021,高橋 大輔,56.0,21,0.106,0.056,0.337,13
189,レース0189,2025-08-14,京都,1400,TURF,G3,6,3,H0002243,ウマ2243,牡,2020,山本 陽,58.0,13,0.315,0.06,0.531,5
189,レース0189,2025-08-14,京都,1400,TURF,G3,7,4,H0002244,ウマ2244,牡,2022,加藤 楓,57.0,23,0.29,0.104,0.55,3
189,レース0189,2025-08-14,京都,1400,TURF,G3,8,4,H0002245,ウマ2245,牡,2022,小林 蓮,55.0,7,0.194,0.07,0.64,6
189,レース0189,2025-08-14,京都,1400,TURF,G3,9,5,H0002246,ウマ2246,牝,2021,伊藤 翼,57.0,30,0.125,0.159,0.592,4
189,レース0189,2025-08-14,京都,1400,TURF,G3,10,5,H0002247,ウマ2247,セ,2020,佐藤 健,56.0,4,0.122,0.126,0.335,11
189,レース0189,2025-08-14,京都,1400,TURF,G3,11,6,H0002248,ウマ2248,牝,2021,鈴木 花子,56.0,7,0.065,0.131,0.603,7
189,レース0189,2025-08-14,京都,1400,TURF,G3,12,6,H0002249,ウマ2249,牡,2020,小林 蓮,56.0,13,0.169,0.095,0.59,10
189,レース0189,2025-08-14,京都,1400,TURF,G3,13,7,H0002250,ウマ2250,牝,2020,渡辺 美咲,58.0,21,0.187,0.193,0.271,9
190,レース0190,2025-02-19,阪神,2000,TURF,1勝,1,1,H0002251,ウマ2251,セ,2021,中村 駿,56.0,15,0.013,0.054,0.538,12
190,レース0190,2025-02-19,阪神,2000,TURF,1勝,2,1,H0002252,ウマ2252,牡,2020,伊藤 翼,58.0,8,0.265,0.133,0.619,3
190,レース0190,2025-02-19,阪神,2000,TURF,1勝,3,2,H0002253,ウマ2253,牡,2021,小林 蓮,54.0,12,0.214,0.178,0.82,1
190,レース0190,2025-02-19,阪神,2000,TURF,1勝,4,2,H0002254,ウマ2254,牡,2022,小林 蓮,54.0,25,0.119,0.151,0.718,8
190,レース0190,2025-02-19,阪神,2000,TURF,1勝,5,3,H0002255,ウマ2255,セ,2020,田中 一郎,57.0,20,0.086,0.102,0.437,11
190,レース0190,2025-02-19,阪神,2000,TURF,1勝,6,3,H0002256,ウマ2256,牡,2022,伊藤 翼,56.0,15,0.028,0.169,0.03,13
190,レース0190,2025-02-19,阪神,2000,TURF,1勝,7,4,H0002257,ウマ2257,牝,2021,伊藤 翼,54.0,5,0.185,0.03,0.736,5
190,レース0190,2025-02-19,阪神,2000,TURF,1勝,8,4,H0002258,ウマ2258,牝,2020,佐藤 健,54.0,10,0.313,0.098,0.575,4
190,レース0190,2025-02-19,阪神,2000,TURF,1勝,9,5,H0002259,ウマ2259,セ,2021,中村 駿,55.0,15,0.025,0.11,0.513,9
190,レース0190,2025-02-19,阪神,2000,TURF,1勝,10,5,H0002260,ウマ2260,牡,2020,高橋 大輔,56.0,7,0.201,0.101,0.717,2
190,レース0190,2025-02-19,阪神,2000,TURF,1勝,11,6,H0002261,ウマ2261,牝,2022,鈴木 花子,54.0,9,0.128,0.126,0.557,10
190,レース0190,2025-02-19,阪神,2000,TURF,1勝,12,6,H0002262,ウマ2262,牝,2021,小林 蓮,54.0,17,0.168,0.132,0.574,7
190,レース0190,2025-02-19,阪神,2000,TURF,1勝,13,7,H0002263,ウマ2263,牡,2021,中村 駿,57.0,7,0.306,0.162,0.459,6
191,レース0191,2025-12-02,中京,1600,DIRT,OP,1,1,H0002264,ウマ2264,牡,2020,山本 陽,55.0,20,0.097,0.163,0.779,9
191,レース0191,2025-12-02,中京,1600,DIRT,OP,2,1,H0002265,ウマ2265,牡,2020,佐藤 健,56.0,20,0.2,0.039,0.571,6
191,レース0191,2025-12-02,中京,1600,DIRT,OP,3,2,H0002266,ウマ2266,牡,2020,小林 蓮,58.0,25,0.199,0.125,0.615,3
191,レース0191,2025-12-02,中京,1600,DIRT,OP,4,2,H0002267,ウマ2267,セ,2021,伊藤 翼,56.0,24,0.208,0.156,0.594,10
191,レース0191,2025-12-02,中京,1600,DIRT,OP,5,3,H0002268,ウマ2268,牝,2022,小林 蓮,54.0,13,0.108,0.171,0.416,8
191,レース0191,2025-12-02,中京,1600,DIRT,OP,6,3,H0002269,ウマ2269,牡,2021,渡辺 美咲,55.0,23,0.222,0.084,0.305,5
191,レース0191,2025-12-02,中京,1600,DIRT,OP,7,4,H0002270,ウマ2270,セ,2021,佐藤 健,57.0,13,0.062,0.07,0.492,15
191,レース0191,2025-12-02,中京,1600,DIRT,OP,8,4,H0002271,ウマ2271,セ,2022,渡辺 美咲,54.0,15,0.0,0.126,0.617,11
191,レース0191,2025-12-02,中京,1600,DIRT,OP,9,5,H0002272,ウマ2272,セ,2022,佐藤 健,56.0,10,0.251,0.081,0.687,1
191,レース0191,2025-12-02,中京,1600,DIRT,OP,10,5,H0002273,ウマ2273,牡,2020,鈴木 花子,54.0,5,0.054,0.136,0.256,14
191,レース0191,2025-12-02,中京,1600,DIRT,OP,11,6,H0002274,ウマ2274,牡,2020,渡辺 美咲,57.0,25,0.226,0.155,0.538,2
191,レース0191,2025-12-02,中京,1600,DIRT,OP,12,6,H0002275,ウマ2275,牡,2021,伊藤 翼,54.0,25,0.026,0.1,0.547,13
191,レース0191,2025-12-02,中京,1600,DIRT,OP,13,7,H0002276,ウマ2276,牝,2020,山本 陽,55.0,22,0.151,0.199,0.607,4
191,レース0191,2025-12-02,中京,1600,DIRT,OP,14,7,H0002277,ウマ2277,牡,2020,佐藤 健,54.0,18,0.077,0.078,0.619,12
191,レース0191,2025-12-02,中京,1600,DIRT,OP,15,8,H0002278,ウマ2278,牝,2020,佐藤 健,55.0,3,0.251,0.208,0.449,7
192,レース0192,2025-07-06,京都,1400,TURF,G2,1,1,H0002279,ウマ2279,牡,2020,田中 一郎,57.0,25,0.123,0.161,0.64,2
192,レース0192,2025-07-06,京都,1400,TURF,G2,2,1,H0002280,ウマ2280,牝,2020,伊藤 翼,56.0,19,0.068,0.098,0.521,9
192,レース0192,2025-07-06,京都,1400,TURF,G2,3,2,H0002281,ウマ2281,牡,2020,田中 一郎,54.0,30,0.237,0.08,0.22,10
192,レース0192,2025-07-06,京都,1400,TURF,G2,4,2,H0002282,ウマ2282,牡,2022,渡辺 美咲,58.0,9,0.061,0.077,0.744,5
192,レース0192,2025-07-06,京都,1400,TURF,G2,5,3,H0002283,ウマ2283,セ,2022,高橋 大輔,55.0,8,0.203,0.077,0.537,6
192,レース0192,2025-07-06,京都,1400,TURF,G2,6,3,H0002284,ウマ2284,牝,2020,小林 蓮,56.0,18,0.32,0.194,0.472,1
192,レース0192,2025-07-06,京都,1400,TURF,G2,7,4,H0002285,ウマ2285,牡,2021,渡辺 美咲,55.0,20,0.022,0.144,0.641,12
192,レース0192,2025-07-06,京都,1400,TURF,G2,8,4,H0002286,ウマ2286,牝,2022,佐藤 健,55.0,7,0.252,0.209,0.715,3
192,レース0192,2025-07-06,京都,1400,TURF,G2,9,5,H0002287,ウマ2287,牡,2022,渡辺 美咲,57.0,13,0.142,0.116,0.391,11
192,レース0192,2025-07-06,京都,1400,TURF,G2,10,5,H0002288,ウマ2288,牡,2021,佐藤 健,57.0,23,0.342,0.134,0.271,7
192,レース0192,2025-07-06,京都,1400,TURF,G2,11,6,H0002289,ウマ2289,牝,2020,渡辺 美咲,55.0,24,0.039,0.181,0.505,13
192,レース0192,2025-07-06,京都,1400,TURF,G2,12,6,H0002290,ウマ2290,牡,2020,鈴木 花子,58.0,10,0.049,0.127,0.766,8
192,レース0192,2025-07-06,京都,1400,TURF,G2,13,7,H0002291,ウマ2291,牡,2022,佐藤 健,58.0,5,0.094,0.06,0.689,4
193,レース0193,2025-02-12,中山,1200,TURF,G3,1,1,H0002292,ウマ2292,セ,2020,中村 駿,54.0,20,0.198,0.13,0.335,6
193,レース0193,2025-02-12,中山,1200,TURF,G3,2,1,H0002293,ウマ2293,牡,2022,渡辺 美咲,54.0,11,0.088,0.159,0.24,9
193,レース0193,2025-02-12,中山,1200,TURF,G3,3,2,H0002294,ウマ2294,牡,2022,田中 一郎,56.0,4,0.291,0.114,0.528,1
193,レース0193,2025-02-12,中山,1200,TURF,G3,4,2,H0002295,ウマ2295,セ,2021,高橋 大輔,57.0,29,0.196,0.1,0.91,3
193,レース0193,2025-02-12,中山,1200,TURF,G3,5,3,H0002296,ウマ2296,牝,2021,伊藤 翼,57.0,27,0.093,0.113,0.698,5
193,レース0193,2025-02-12,中山,1200,TURF,G3,6,3,H0002297,ウマ2297,牡,2022,中村 駿,55.0,28,0.176,0.063,0.53,7
193,レース0193,2025-02-12,中山,1200,TURF,G3,7,4,H0002298,ウマ2298,セ,2020,田中 一郎,55.0,12,0.118,0.142,0.606,8
193,レース0193,2025-02-12,中山,1200,TURF,G3,8,4,H0002299,ウマ2299,セ,2022,鈴木 花子,56.0,5,0.216,0.163,0.65,4
193,レース0193,2025-02-12,中山,1200,TURF,G3,9,5,H0002300,ウマ2300,牝,2022,山本 陽,55.0,22,0.416,0.062,0.595,2
194,レース0194,2025-09-23,中京,2400,TURF,G3,1,1,H0002301,ウマ2301,牡,2022,佐藤 健,57.0,25,0.226,0.207,0.676,4
194,レース0194,2025-09-23,中京,2400,TURF,G3,2,1,H0002302,ウマ2302,セ,2021,高橋 大輔,55.0,20,0.188,0.135,0.55,7
194,レース0194,2025-09-23,中京,2400,TURF,G3,3,2,H0002303,ウマ2303,牝,2020,加藤 楓,56.0,10,0.035,0.192,0.804,5
194,レース0194,2025-09-23,中京,2400,TURF,G3,4,2,H0002304,ウマ2304,牡,2021,山本 陽,56.0,8,0.183,0.127,0.547,9
194,レース0194,2025-09-23,中京,2400,TURF,G3,5,3,H0002305,ウマ2305,牝,2020,小林 蓮,57.0,27,0.118,0.076,0.502,12
194,レース0194,2025-09-23,中京,2400,TURF,G3,6,3,H0002306,ウマ2306,セ,2020,加藤 楓,55.0,22,0.16,0.096,0.603,10
194,レース0194,2025-09-23,中京,2400,TURF,G3,7,4,H0002307,ウマ2307,セ,2020,加藤 楓,57.0,13,0.285,0.083,0.64,6
194,レース0194,2025-09-23,中京,2400,TURF,G3,8,4,H0002308,ウマ2308,牝,2020,中村 駿,58.0,17,0.139,0.061,0.27,11
194,レース0194,2025-09-23,中京,2400,TURF,G3,9,5,H0002309,ウマ2309,牡,2020,加藤 楓,54.0,28,0.256,0.163,0.445,1
194,レース0194,2025-09-23,中京,2400,TURF,G3,10,5,H0002310,ウマ2310,セ,2022,加藤 楓,58.0,26,0.327,0.189,0.872,2
194,レース0194,2025-09-23,中京,2400,TURF,G3,11,6,H0002311,ウマ2311,牝,2022,田中 一郎,54.0,15,0.262,0.122,0.664,3
194,レース0194,2025-09-23,中京,2400,TURF,G3,12,6,H0002312,ウマ2312,牡,2021,渡辺 美咲,57.0,29,0.316,0.185,0.489,8
195,レース0195,2025-04-25,東京,2400,TURF,3勝,1,1,H0002313,ウマ2313,セ,2022,鈴木 花子,54.0,14,0.222,0.142,0.197,8
195,レース0195,2025-04-25,東京,2400,TURF,3勝,2,1,H0002314,ウマ2314,セ,2022,伊藤 翼,58.0,14,0.04,0.181,0.515,3
195,レース0195,2025-04-25,東京,2400,TURF,3勝,3,2,H0002315,ウマ2315,牝,2021,中村 駿,55.0,20,0.15,0.103,0.302,5
195,レース0195,2025-04-25,東京,2400,TURF,3勝,4,2,H0002316,ウマ2316,牡,2020,渡辺 美咲,56.0,17,0.0,0.107,0.623,6
195,レース0195,2025-04-25,東京,2400,TURF,3勝,5,3,H0002317,ウマ2317,牡,2022,伊藤 翼,55.0,24,0.215,0.196,0.234,4
195,レース0195,2025-04-25,東京,2400,TURF,3勝,6,3,H0002318,ウマ2318,牡,2022,山本 陽,57.0,3,0.075,0.065,0.651,2
195,レース0195,2025-04-25,東京,2400,TURF,3勝,7,4,H0002319,ウマ2319,牝,2020,小林 蓮,57.0,21,0.061,0.154,0.706,1
195,レース0195,2025-04-25,東京,2400,TURF,3勝,8,4,H0002320,ウマ2320,セ,2021,伊藤 翼,58.0,24,0.277,0.088,0.409,9
195,レース0195,2025-04-25,東京,2400,TURF,3勝,9,5,H0002321,ウマ2321,牝,2020,加藤 楓,58.0,9,0.15,0.095,0.401,10
195,レース0195,2025-04-25,東京,2400,TURF,3勝,10,5,H0002322,ウマ2322,牝,2020,伊藤 翼,56.0,29,0.28,0.159,0.244,7
196,レース0196,2025-12-19,中京,1400,DIRT,1勝,1,1,H0002323,ウマ2323,牝,2021,渡辺 美咲,58.0,3,0.072,0.116,0.7,11
196,レース0196,2025-12-19,中京,1400,DIRT,1勝,2,1,H0002324,ウマ2324,牡,2021,佐藤 健,58.0,6,0.179,0.138,0.445,8
196,レース0196,2025-12-19,中京,1400,DIRT,1勝,3,2,H0002325,ウマ2325,牝,2021,加藤 楓,57.0,22,0.316,0.03,0.601,10
196,レース0196,2025-12-19,中京,1400,DIRT,1勝,4,2,H0002326,ウマ2326,セ,2021,渡辺 美咲,58.0,19,0.222,0.138,0.53,12
196,レース0196,2025-12-19,中京,1400,DIRT,1勝,5,3,H0002327,ウマ2327,セ,2020,渡辺 美咲,58.0,18,0.23,0.152,0.34,14
196,レース0196,2025-12-19,中京,1400,DIRT,1勝,6,3,H0002328,ウマ2328,セ,2022,小林 蓮,58.0,11,0.141,0.099,0.861,5
196,レース0196,2025-12-19,中京,1400,DIRT,1勝,7,4,H0002329,ウマ2329,牝,2021,田中 一郎,55.0,4,0.254,0.059,0.681,9
196,レース0196,2025-12-19,中京,1400,DIRT,1勝,8,4,H0002330,ウマ2330,セ,2021,鈴木 花子,56.0,21,0.231,0.145,0.55,3
196,レース0196,2025-12-19,中京,1400,DIRT,1勝,9,5,H0002331,ウマ2331,牡,2022,伊藤 翼,56.0,27,0.3,0.074,0.475,6
196,レース0196,2025-12-19,中京,1400,DIRT,1勝,10,5,H0002332,ウマ2332,牝,2021,小林 蓮,58.0,21,0.228,0.044,0.416,13
196,レース0196,2025-12-19,中京,1400,DIRT,1勝,11,6,H0002333,ウマ2333,牡,2021,田中 一郎,54.0,3,0.324,0.157,0.89,1
196,レース0196,2025-12-19,中京,1400,DIRT,1勝,12,6,H0002334,ウマ2334,セ,2020,田中 一郎,57.0,10,0.078,0.193,0.745,7
196,レース0196,2025-12-19,中京,1400,DIRT,1勝,13,7,H0002335,ウマ2335,牡,2021,小林 蓮,58.0,11,0.17,0.171,0.68,4
196,レース0196,2025-12-19,中京,1400,DIRT,1勝,14,7,H0002336,ウマ2336,牝,2021,佐藤 健,58.0,12,0.159,0.067,0.164,15
196,レース0196,2025-12-19,中京,1400,DIRT,1勝,15,8,H0002337,ウマ2337,セ,2022,中村 駿,56.0,30,0.262,0.112,0.572,2
197,レース0197,2025-03-28,中山,1800,DIRT,G3,1,1,H0002338,ウマ2338,セ,2022,伊藤 翼,56.0,17,0.135,0.159,0.774,9
197,レース0197,2025-03-28,中山,1800,DIRT,G3,2,1,H0002339,ウマ2339,セ,2021,渡辺 美咲,56.0,22,0.199,0.093,0.414,12
197,レース0197,2025-03-28,中山,1800,DIRT,G3,3,2,H0002340,ウマ2340,牡,2022,高橋 大輔,55.0,13,0.361,0.139,0.74,2
197,レース0197,2025-03-28,中山,1800,DIRT,G3,4,2,H0002341,ウマ2341,牡,2022,山本 陽,56.0,4,0.349,0.134,0.695,3
197,レース0197,2025-03-28,中山,1800,DIRT,G3,5,3,H0002342,ウマ2342,牡,2020,小林 蓮,55.0,10,0.166,0.168,0.553,8
197,レース0197,2025-03-28,中山,1800,DIRT,G3,6,3,H0002343,ウマ2343,牝,2022,加藤 楓,55.0,26,0.294,0.097,0.416,10
197,レース0197,2025-03-28,中山,1800,DIRT,G3,7,4,H0002344,ウマ2344,牝,2022,渡辺 美咲,56.0,8,0.105,0.131,0.716,7
197,レース0197,2025-03-28,中山,1800,DIRT,G3,8,4,H0002345,ウマ2345,牝,2020,中村 駿,55.0,6,0.236,0.197,0.716,1
197,レース0197,2025-03-28,中山,1800,DIRT,G3,9,5,H0002346,ウマ2346,牝,2020,田中 一郎,56.0,13,0.332,0.174,0.527,4
197,レース0197,2025-03-28,中山,1800,DIRT,G3,10,5,H0002347,ウマ2347,牝,2021,伊藤 翼,58.0,11,0.276,0.099,0.438,13
197,レース0197,2025-03-28,中山,1800,DIRT,G3,11,6,H0002348,ウマ2348,牡,2021,小林 蓮,55.0,30,0.115,0.046,0.604,14
197,レース0197,2025-03-28,中山,1800,DIRT,G3,12,6,H0002349,ウマ2349,セ,2021,山本 陽,57.0,17,0.034,0.115,0.54,15
197,レース0197,2025-03-28,中山,1800,DIRT,G3,13,7,H0002350,ウマ2350,牝,2020,小林 蓮,58.0,19,0.136,0.143,0.691,11
197,レース0197,2025-03-28,中山,1800,DIRT,G3,14,7,H0002351,ウマ2351,牡,2022,高橋 大輔,54.0,10,0.118,0.122,0.639,6
197,レース0197,2025-03-28,中山,1800,DIRT,G3,15,8,H0002352,ウマ2352,牝,2020,加藤 楓,58.0,18,0.225,0.158,0.356,5
198,レース0198,2025-06-26,中京,2000,TURF,G2,1,1,H0002353,ウマ2353,牝,2022,鈴木 花子,58.0,13,0.232,0.186,0.599,6
198,レース0198,2025-06-26,中京,2000,TURF,G2,2,1,H0002354,ウマ2354,セ,2020,渡辺 美咲,56.0,26,0.25,0.153,0.728,3
198,レース0198,2025-06-26,中京,2000,TURF,G2,3,2,H0002355,ウマ2355,牡,2021,中村 駿,58.0,24,0.204,0.22,0.562,7
198,レース0198,2025-06-26,中京,2000,TURF,G2,4,2,H0002356,ウマ2356,セ,2021,小林 蓮,57.0,26,0.152,0.089,0.57,13
198,レース0198,2025-06-26,中京,2000,TURF,G2,5,3,H0002357,ウマ2357,牡,2020,中村 駿,54.0,7,0.141,0.151,0.637,1
198,レース0198,2025-06-26,中京,2000,TURF,G2,6,3,H0002358,ウマ2358,牝,2021,渡辺 美咲,57.0,4,0.068,0.074,0.427,15
198,レース0198,2025-06-26,中京,2000,TURF,G2,7,4,H0002359,ウマ2359,セ,2022,渡辺 美咲,54.0,18,0.089,0.088,0.619,14
198,レース0198,2025-06-26,中京,2000,TURF,G2,8,4,H0002360,ウマ2360,セ,2022,渡辺 美咲,55.0,8,0.047,0.131,0.583,11
198,レース0198,2025-06-26,中京,2000,TURF,G2,9,5,H0002361,ウマ2361,牡,2022,伊藤 翼,56.0,15,0.211,0.142,0.33,8
198,レース0198,2025-06-26,中京,2000,TURF,G2,10,5,H0002362,ウマ2362,セ,2022,小林 蓮,58.0,21,0.106,0.11,0.968,5
198,レース0198,2025-06-26,中京,2000,TURF,G2,11,6,H0002363,ウマ2363,セ,2022,渡辺 美咲,57.0,27,0.142,0.152,0.697,9
198,レース0198,2025-06-26,中京,2000,TURF,G2,12,6,H0002364,ウマ2364,牡,2020,佐藤 健,54.0,5,0.134,0.03,0.496,12
198,レース0198,2025-06-26,中京,2000,TURF,G2,13,7,H0002365,ウマ2365,牝,2022,加藤 楓,54.0,9,0.069,0.154,0.521,10
198,レース0198,2025-06-26,中京,2000,TURF,G2,14,7,H0002366,ウマ2366,牝,2020,渡辺 美咲,57.0,27,0.057,0.06,0.249,16
198,レース0198,2025-06-26,中京,2000,TURF,G2,15,8,H0002367,ウマ2367,牡,2021,小林 蓮,54.0,27,0.114,0.11,0.951,2
198,レース0198,2025-06-26,中京,2000,TURF,G2,16,8,H0002368,ウマ2368,牡,2020,佐藤 健,57.0,26,0.136,0.173,0.394,4
199,レース0199,2025-07-28,東京,2000,TURF,2勝,1,1,H0002369,ウマ2369,牡,2021,渡辺 美咲,57.0,21,0.029,0.11,0.332,10
199,レース0199,2025-07-28,東京,2000,TURF,2勝,2,1,H0002370,ウマ2370,セ,2022,佐藤 健,58.0,29,0.122,0.223,0.574,4
199,レース0199,2025-07-28,東京,2000,TURF,2勝,3,2,H0002371,ウマ2371,牝,2022,高橋 大輔,58.0,10,0.26,0.165,0.7,1
199,レース0199,2025-07-28,東京,2000,TURF,2勝,4,2,H0002372,ウマ2372,セ,2020,小林 蓮,56.0,26,0.203,0.151,0.394,6
199,レース0199,2025-07-28,東京,2000,TURF,2勝,5,3,H0002373,ウマ2373,セ,2020,鈴木 花子,57.0,21,0.351,0.137,0.511,5
199,レース0199,2025-07-28,東京,2000,TURF,2勝,6,3,H0002374,ウマ2374,セ,2020,山本 陽,54.0,18,0.223,0.134,0.788,3
199,レース0199,2025-07-28,東京,2000,TURF,2勝,7,4,H0002375,ウマ2375,牡,2022,加藤 楓,57.0,13,0.134,0.197,0.514,9
199,レース0199,2025-07-28,東京,2000,TURF,2勝,8,4,H0002376,ウマ2376,牡,2021,渡辺 美咲,58.0,4,0.222,0.171,0.265,7
199,レース0199,2025-07-28,東京,2000,TURF,2勝,9,5,H0002377,ウマ2377,セ,2022,小林 蓮,54.0,9,0.235,0.101,0.523,2
199,レース0199,2025-07-28,東京,2000,TURF,2勝,10,5,H0002378,ウマ2378,セ,2021,加藤 楓,57.0,26,0.12,0.093,0.676,8
199,レース0199,2025-07-28,東京,2000,TURF,2勝,11,6,H0002379,ウマ2379,牡,2022,渡辺 美咲,58.0,20,0.085,0.092,0.584,11
200,レース0200,2025-08-22,阪神,1600,TURF,3勝,1,1,H0002380,ウマ2380,牡,2022,小林 蓮,57.0,21,0.245,0.132,0.811,1
200,レース0200,2025-08-22,阪神,1600,TURF,3勝,2,1,H0002381,ウマ2381,セ,2022,田中 一郎,56.0,24,0.213,0.172,0.61,9
200,レース0200,2025-08-22,阪神,1600,TURF,3勝,3,2,H0002382,ウマ2382,牡,2021,田中 一郎,55.0,30,0.151,0.17,0.71,6
200,レース0200,2025-08-22,阪神,1600,TURF,3勝,4,2,H0002383,ウマ2383,牡,2021,佐藤 健,57.0,19,0.246,0.186,0.811,4
200,レース0200,2025-08-22,阪神,1600,TURF,3勝,5,3,H0002384,ウマ2384,セ,2022,中村 駿,56.0,5,0.177,0.209,0.711,10
200,レース0200,2025-08-22,阪神,1600,TURF,3勝,6,3,H0002385,ウマ2385,牡,2021,加藤 楓,56.0,30,0.221,0.135,0.75,2
200,レース0200,2025-08-22,阪神,1600,TURF,3勝,7,4,H0002386,ウマ2386,牡,2021,鈴木 花子,57.0,4,0.179,0.177,0.183,11
200,レース0200,2025-08-22,阪神,1600,TURF,3勝,8,4,H0002387,ウマ2387,牡,2021,中村 駿,55.0,9,0.223,0.189,0.759,8
200,レース0200,2025-08-22,阪神,1600,TURF,3勝,9,5,H0002388,ウマ2388,牝,2022,伊藤 翼,58.0,24,0.181,0.03,0.747,3
200,レース0200,2025-08-22,阪神,1600,TURF,3勝,10,5,H0002389,ウマ2389,牡,2022,中村 駿,56.0,21,0.174,0.155,0.554,5
200,レース0200,2025-08-22,阪神,1600,TURF,3勝,11,6,H0002390,ウマ2390,セ,2022,田中 一郎,57.0,21,0.115,0.145,0.371,13
200,レース0200,2025-08-22,阪神,1600,TURF,3勝,12,6,H0002391,ウマ2391,牝,2021,渡辺 美咲,58.0,6,0.229,0.183,0.562,7
200,レース0200,2025-08-22,阪神,1600,TURF,3勝,13,7,H0002392,ウマ2392,牝,2020,小林 蓮,56.0,6,0.108,0.153,0.446,12
201,レース0201,2025-09-18,京都,1200,TURF,1勝,1,1,H0002393,ウマ2393,牡,2020,伊藤 翼,56.0,9,0.338,0.122,0.566,1
201,レース0201,2025-09-18,京都,1200,TURF,1勝,2,1,H0002394,ウマ2394,牡,2022,小林 蓮,54.0,17,0.008,0.059,0.386,15
201,レース0201,2025-09-18,京都,1200,TURF,1勝,3,2,H0002395,ウマ2395,牝,2021,田中 一郎,55.0,29,0.131,0.092,0.259,14
201,レース0201,2025-09-18,京都,1200,TURF,1勝,4,2,H0002396,ウマ2396,セ,2020,渡辺 美咲,54.0,9,0.169,0.13,0.681,4
201,レース0201,2025-09-18,京都,1200,TURF,1勝,5,3,H0002397,ウマ2397,牡,2021,伊藤 翼,58.0,28,0.052,0.124,0.516,13
201,レース0201,2025-09-18,京都,1200,TURF,1勝,6,3,H0002398,ウマ2398,牡,2020,鈴木 花子,56.0,22,0.189,0.137,0.594,8
201,レース0201,2025-09-18,京都,1200,TURF,1勝,7,4,H0002399,ウマ2399,牡,2020,田中 一郎,56.0,25,0.308,0.146,0.458,3
201,レース0201,2025-09-18,京都,1200,TURF,1勝,8,4,H0002400,ウマ2400,牡,2020,伊藤 翼,56.0,14,0.195,0.102,0.294,12
201,レース0201,2025-09-18,京都,1200,TURF,1勝,9,5,H0002401,ウマ2401,セ,2021,鈴木 花子,58.0,23,0.247,0.129,0.482,5
201,レース0201,2025-09-18,京都,1200,TURF,1勝,10,5,H0002402,ウマ2402,牝,2020,山本 陽,56.0,26,0.169,0.155,0.504,6
201,レース0201,2025-09-18,京都,1200,TURF,1勝,11,6,H0002403,ウマ2403,牡,2020,渡辺 美咲,58.0,5,0.171,0.074,0.532,10
201,レース0201,2025-09-18,京都,1200,TURF,1勝,12,6,H0002404,ウマ2404,牡,2021,高橋 大輔,55.0,8,0.0,0.226,0.532,11
201,レース0201,2025-09-18,京都,1200,TURF,1勝,13,7,H0002405,ウマ2405,セ,2021,鈴木 花子,55.0,25,0.142,0.142,0.578,7
201,レース0201,2025-09-18,京都,1200,TURF,1勝,14,7,H0002406,ウマ2406,牝,2021,佐藤 健,54.0,4,0.154,0.118,0.589,9
201,レース0201,2025-09-18,京都,1200,TURF,1勝,15,8,H0002407,ウマ2407,牝,2022,佐藤 健,55.0,5,0.227,0.118,0.786,2
202,レース0202,2025-01-11,中山,2000,DIRT,G1,1,1,H0002408,ウマ2408,牝,2020,佐藤 健,54.0,13,0.206,0.064,0.604,10
202,レース0202,2025-01-11,中山,2000,DIRT,G1,2,1,H0002409,ウマ2409,牡,2020,田中 一郎,55.0,23,0.291,0.112,0.871,1
202,レース0202,2025-01-11,中山,2000,DIRT,G1,3,2,H0002410,ウマ2410,牝,2022,田中 一郎,54.0,26,0.192,0.102,0.582,9
202,レース0202,2025-01-11,中山,2000,DIRT,G1,4,2,H0002411,ウマ2411,牝,2021,伊藤 翼,55.0,26,0.0,0.124,0.432,13
202,レース0202,2025-01-11,中山,2000,DIRT,G1,5,3,H0002412,ウマ2412,牡,2022,鈴木 花子,57.0,18,0.093,0.11,0.598,11
202,レース0202,2025-01-11,中山,2000,DIRT,G1,6,3,H0002413,ウマ2413,牝,2021,佐藤 健,55.0,8,0.23,0.082,0.486,6
202,レース0202,2025-01-11,中山,2000,DIRT,G1,7,4,H0002414,ウマ2414,牝,2020,高橋 大輔,57.0,21,0.266,0.116,0.611,8
202,レース0202,2025-01-11,中山,2000,DIRT,G1,8,4,H0002415,ウマ2415,牝,2022,小林 蓮,54.0,28,0.175,0.151,0.932,3
202,レース0202,2025-01-11,中山,2000,DIRT,G1,9,5,H0002416,ウマ2416,牡,2022,佐藤 健,57.0,16,0.124,0.187,0.238,12
202,レース0202,2025-01-11,中山,2000,DIRT,G1,10,5,H0002417,ウマ2417,セ,2021,山本 陽,57.0,29,0.127,0.094,0.888,5
202,レース0202,2025-01-11,中山,2000,DIRT,G1,11,6,H0002418,ウマ2418,牝,2022,渡辺 美咲,55.0,21,0.294,0.11,0.768,4
202,レース0202,2025-01-11,中山,2000,DIRT,G1,12,6,H0002419,ウマ2419,牝,2022,山本 陽,58.0,29,0.138,0.124,0.633,7
202,レース0202,2025-01-11,中山,2000,DIRT,G1,13,7,H0002420,ウマ2420,セ,2021,山本 陽,58.0,28,0.19,0.206,0.726,2
203,レース0203,2025-09-22,阪神,1800,DIRT,1勝,1,1,H0002421,ウマ2421,牝,2021,小林 蓮,54.0,11,0.125,0.146,0.504,12
203,レース0203,2025-09-22,阪神,1800,DIRT,1勝,2,1,H0002422,ウマ2422,セ,2020,山本 陽,57.0,6,0.202,0.212,0.594,6
203,レース0203,2025-09-22,阪神,1800,DIRT,1勝,3,2,H0002423,ウマ2423,牡,2020,中村 駿,54.0,21,0.086,0.105,0.38,15
203,レース0203,2025-09-22,阪神,1800,DIRT,1勝,4,2,H0002424,ウマ2424,セ,2022,佐藤 健,55.0,29,0.1,0.123,0.245,16
203,レース0203,2025-09-22,阪神,1800,DIRT,1勝,5,3,H0002425,ウマ2425,牝,2020,加藤 楓,58.0,8,0.206,0.172,0.577,9
203,レース0203,2025-09-22,阪神,1800,DIRT,1勝,6,3,H0002426,ウマ2426,牝,2021,佐藤 健,58.0,7,0.291,0.178,0.708,5
203,レース0203,2025-09-22,阪神,1800,DIRT,1勝,7,4,H0002427,ウマ2427,セ,2020,田中 一郎,57.0,14,0.177,0.123,0.649,8
203,レース0203,2025-09-22,阪神,1800,DIRT,1勝,8,4,H0002428,ウマ2428,牡,2020,田中 一郎,55.0,3,0.202,0.132,0.544,7
203,レース0203,2025-09-22,阪神,1800,DIRT,1勝,9,5,H0002429,ウマ2429,セ,2020,山本 陽,57.0,3,0.096,0.115,0.63,13
203,レース0203,2025-09-22,阪神,1800,DIRT,1勝,10,5,H0002430,ウマ2430,牡,2021,鈴木 花子,58.0,15,0.037,0.191,0.555,1
203,レース0203,2025-09-22,阪神,1800,DIRT,1勝,11,6,H0002431,ウマ2431,セ,2022,佐藤 健,57.0,29,0.186,0.12,0.887,4
203,レース0203,2025-09-22,阪神,1800,DIRT,1勝,12,6,H0002432,ウマ2432,セ,2022,加藤 楓,55.0,27,0.131,0.137,0.823,2
203,レース0203,2025-09-22,阪神,1800,DIRT,1勝,13,7,H0002433,ウマ2433,セ,2021,伊藤 翼,54.0,20,0.092,0.104,0.539,14
203,レース0203,2025-09-22,阪神,1800,DIRT,1勝,14,7,H0002434,ウマ2434,牝,2021,高橋 大輔,58.0,4,0.153,0.252,0.519,10
203,レース0203,2025-09-22,阪神,1800,DIRT,1勝,15,8,H0002435,ウマ2435,牡,2020,中村 駿,58.0,6,0.373,0.165,0.744,3
203,レース0203,2025-09-22,阪神,1800,DIRT,1勝,16,8,H0002436,ウマ2436,牡,2020,加藤 楓,55.0,5,0.0,0.192,0.367,11
204,レース0204,2025-06-17,東京,2400,DIRT,3勝,1,1,H0002437,ウマ2437,牝,2022,田中 一郎,54.0,5,0.254,0.181,0.585,5
204,レース0204,2025-06-17,東京,2400,DIRT,3勝,2,1,H0002438,ウマ2438,牝,2020,小林 蓮,55.0,13,0.132,0.101,0.671,8
204,レース0204,2025-06-17,東京,2400,DIRT,3勝,3,2,H0002439,ウマ2439,牝,2021,佐藤 健,56.0,25,0.097,0.176,0.43,7
204,レース0204,2025-06-17,東京,2400,DIRT,3勝,4,2,H0002440,ウマ2440,セ,2022,田中 一郎,55.0,28,0.138,0.146,0.571,9
204,レース0204,2025-06-17,東京,2400,DIRT,3勝,5,3,H0002441,ウマ2441,セ,2020,加藤 楓,55.0,17,0.279,0.196,0.782,2
204,レース0204,2025-06-17,東京,2400,DIRT,3勝,6,3,H0002442,ウマ2442,牝,2020,田中 一郎,54.0,19,0.107,0.06,0.375,13
204,レース0204,2025-06-17,東京,2400,DIRT,3勝,7,4,H0002443,ウマ2443,牝,2022,高橋 大輔,55.0,16,0.073,0.216,0.275,12
204,レース0204,2025-06-17,東京,2400,DIRT,3勝,8,4,H0002444,ウマ2444,牝,2020,田中 一郎,55.0,12,0.183,0.084,0.959,4
204,レース0204,2025-06-17,東京,2400,DIRT,3勝,9,5,H0002445,ウマ2445,牝,2020,加藤 楓,55.0,6,0.287,0.166,0.78,3
204,レース0204,2025-06-17,東京,2400,DIRT,3勝,10,5,H0002446,ウマ2446,牝,2021,山本 陽,55.0,3,0.175,0.084,0.158,11
204,レース0204,2025-06-17,東京,2400,DIRT,3勝,11,6,H0002447,ウマ2447,牡,2020,田中 一郎,54.0,11,0.139,0.228,0.251,10
204,レース0204,2025-06-17,東京,2400,DIRT,3勝,12,6,H0002448,ウマ2448,牡,2022,佐藤 健,54.0,17,0.292,0.12,0.568,6
204,レース0204,2025-06-17,東京,2400,DIRT,3勝,13,7,H0002449,ウマ2449,牡,2022,中村 駿,55.0,5,0.213,0.141,0.834,1
205,レース0205,2025-09-23,東京,1200,TURF,3勝,1,1,H0002450,ウマ2450,牝,2020,伊藤 翼,57.0,12,0.045,0.089,0.7,11
205,レース0205,2025-09-23,東京,1200,TURF,3勝,2,1,H0002451,ウマ2451,牝,2020,伊藤 翼,55.0,15,0.16,0.14,0.736,2
205,レース0205,2025-09-23,東京,1200,TURF,3勝,3,2,H0002452,ウマ2452,牡,2020,渡辺 美咲,58.0,18,0.087,0.135,0.514,13
205,レース0205,2025-09-23,東京,1200,TURF,3勝,4,2,H0002453,ウマ2453,牡,2021,高橋 大輔,56.0,14,0.149,0.042,1.0,6
205,レース0205,2025-09-23,東京,1200,TURF,3勝,5,3,H0002454,ウマ2454,セ,2020,佐藤 健,57.0,13,0.155,0.081,0.482,1
205,レース0205,2025-09-23,東京,1200,TURF,3勝,6,3,H0002455,ウマ2455,牡,2022,中村 駿,55.0,30,0.186,0.047,0.69,9
205,レース0205,2025-09-23,東京,1200,TURF,3勝,7,4,H0002456,ウマ2456,牝,2020,佐藤 健,56.0,11,0.251,0.051,0.711,3
205,レース0205,2025-09-23,東京,1200,TURF,3勝,8,4,H0002457,ウマ2457,牝,2022,伊藤 翼,57.0,28,0.404,0.117,0.409,5
205,レース0205,2025-09-23,東京,1200,TURF,3勝,9,5,H0002458,ウマ2458,セ,2020,高橋 大輔,54.0,14,0.113,0.09,0.407,12
205,レース0205,2025-09-23,東京,1200,TURF,3勝,10,5,H0002459,ウマ2459,牝,2021,佐藤 健,56.0,7,0.272,0.135,0.847,4
205,レース0205,2025-09-23,東京,1200,TURF,3勝,11,6,H0002460,ウマ2460,牝,2022,中村 駿,55.0,26,0.113,0.139,0.908,7
205,レース0205,2025-09-23,東京,1200,TURF,3勝,12,6,H0002461,ウマ2461,牝,2021,山本 陽,56.0,26,0.183,0.067,0.647,8
205,レース0205,2025-09-23,東京,1200,TURF,3勝,13,7,H0002462,ウマ2462,牡,2020,中村 駿,56.0,24,0.163,0.13,0.442,10
206,レース0206,2025-11-23,京都,1200,TURF,G2,1,1,H0002463,ウマ2463,牡,2022,中村 駿,55.0,10,0.062,0.074,0.479,11
206,レース0206,2025-11-23,京都,1200,TURF,G2,2,1,H0002464,ウマ2464,セ,2022,佐藤 健,58.0,26,0.169,0.114,0.703,5
206,レース0206,2025-11-23,京都,1200,TURF,G2,3,2,H0002465,ウマ2465,牝,2021,田中 一郎,54.0,14,0.28,0.154,0.389,1
206,レース0206,2025-11-23,京都,1200,TURF,G2,4,2,H0002466,ウマ2466,牡,2021,伊藤 翼,54.0,9,0.131,0.183,0.278,12
206,レース0206,2025-11-23,京都,1200,TURF,G2,5,3,H0002467,ウマ2467,牝,2020,伊藤 翼,54.0,22,0.14,0.096,0.587,9
206,レース0206,2025-11-23,京都,1200,TURF,G2,6,3,H0002468,ウマ2468,牡,2021,佐藤 健,54.0,6,0.125,0.128,0.33,7
206,レース0206,2025-11-23,京都,1200,TURF,G2,7,4,H0002469,ウマ2469,牡,2022,高橋 大輔,54.0,6,0.151,0.06,0.491,10
206,レース0206,2025-11-23,京都,1200,TURF,G2,8,4,H0002470,ウマ2470,牡,2020,鈴木 花子,58.0,28,0.179,0.078,0.422,8
206,レース0206,2025-11-23,京都,1200,TURF,G2,9,5,H0002471,ウマ2471,牡,2020,小林 蓮,57.0,26,0.145,0.246,0.651,4
206,レース0206,2025-11-23,京都,1200,TURF,G2,10,5,H0002472,ウマ2472,セ,2020,中村 駿,58.0,7,0.375,0.206,0.745,2
206,レース0206,2025-11-23,京都,1200,TURF,G2,11,6,H0002473,ウマ2473,牝,2020,山本 陽,54.0,23,0.194,0.03,0.449,6
206,レース0206,2025-11-23,京都,1200,TURF,G2,12,6,H0002474,ウマ2474,牝,2021,田中 一郎,57.0,23,0.066,0.1,1.0,3
207,レース0207,2025-04-11,東京,1800,TURF,2勝,1,1,H0002475,ウマ2475,牝,2022,田中 一郎,58.0,18,0.042,0.115,0.953,4
207,レース0207,2025-04-11,東京,1800,TURF,2勝,2,1,H0002476,ウマ2476,牝,2020,中村 駿,54.0,6,0.209,0.166,0.704,1
207,レース0207,2025-04-11,東京,1800,TURF,2勝,3,2,H0002477,ウマ2477,牡,2020,高橋 大輔,57.0,24,0.078,0.158,0.238,7
207,レース0207,2025-04-11,東京,1800,TURF,2勝,4,2,H0002478,ウマ2478,牝,2020,加藤 楓,57.0,9,0.168,0.061,0.378,9
207,レース0207,2025-04-11,東京,1800,TURF,2勝,5,3,H0002479,ウマ2479,牡,2020,伊藤 翼,58.0,20,0.009,0.139,0.908,2
207,レース0207,2025-04-11,東京,1800,TURF,2勝,6,3,H0002480,ウマ2480,牝,2021,加藤 楓,58.0,4,0.226,0.21,0.577,5
207,レース0207,2025-04-11,東京,1800,TURF,2勝,7,4,H0002481,ウマ2481,牝,2020,佐藤 健,55.0,29,0.31,0.137,0.477,6
207,レース0207,2025-04-11,東京,1800,TURF,2勝,8,4,H0002482,ウマ2482,牝,2022,渡辺 美咲,57.0,30,0.115,0.178,0.715,3
207,レース0207,2025-04-11,東京,1800,TURF,2勝,9,5,H0002483,ウマ2483,牝,2020,中村 駿,57.0,22,0.093,0.144,0.374,8
208,レース0208,2025-02-11,中山,2400,DIRT,G3,1,1,H0002484,ウマ2484,牡,2021,鈴木 花子,57.0,3,0.196,0.153,0.58,2
208,レース0208,2025-02-11,中山,2400,DIRT,G3,2,1,H0002485,ウマ2485,牡,2021,高橋 大輔,58.0,25,0.168,0.131,0.568,5
208,レース0208,2025-02-11,中山,2400,DIRT,G3,3,2,H0002486,ウマ2486,セ,2020,伊藤 翼,58.0,20,0.206,0.13,0.462,4
208,レース0208,2025-02-11,中山,2400,DIRT,G3,4,2,H0002487,ウマ2487,セ,2020,田中 一郎,54.0,13,0.245,0.083,0.555,3
208,レース0208,2025-02-11,中山,2400,DIRT,G3,5,3,H0002488,ウマ2488,牡,2021,小林 蓮,54.0,26,0.193,0.14,0.507,7
208,レース0208,2025-02-11,中山,2400,DIRT,G3,6,3,H0002489,ウマ2489,牡,2020,山本 陽,56.0,30,0.072,0.198,0.38,9
208,レース0208,2025-02-11,中山,2400,DIRT,G3,7,4,H0002490,ウマ2490,牝,2020,鈴木 花子,54.0,27,0.152,0.109,0.686,8
208,レース0208,2025-02-11,中山,2400,DIRT,G3,8,4,H0002491,ウマ2491,セ,2021,鈴木 花子,57.0,13,0.163,0.188,0.516,6
208,レース0208,2025-02-11,中山,2400,DIRT,G3,9,5,H0002492,ウマ2492,牡,2020,加藤 楓,56.0,27,0.45,0.068,0.589,1
209,レース0209,2025-03-08,阪神,1600,DIRT,G2,1,1,H0002493,ウマ2493,牝,2022,田中 一郎,56.0,27,0.052,0.083,0.468,9
209,レース0209,2025-03-08,阪神,1600,DIRT,G2,2,1,H0002494,ウマ2494,牝,2020,佐藤 健,55.0,12,0.181,0.098,0.336,8
209,レース0209,2025-03-08,阪神,1600,DIRT,G2,3,2,H0002495,ウマ2495,牝,2021,佐藤 健,56.0,4,0.202,0.078,0.509,3
209,レース0209,2025-03-08,阪神,1600,DIRT,G2,4,2,H0002496,ウマ2496,牡,2022,小林 蓮,54.0,6,0.0,0.096,0.701,6
209,レース0209,2025-03-08,阪神,1600,DIRT,G2,5,3,H0002497,ウマ2497,セ,2020,高橋 大輔,55.0,6,0.075,0.199,0.556,5
209,レース0209,2025-03-08,阪神,1600,DIRT,G2,6,3,H0002498,ウマ2498,牡,2021,伊藤 翼,55.0,29,0.077,0.087,0.563,7
209,レース0209,2025-03-08,阪神,1600,DIRT,G2,7,4,H0002499,ウマ2499,牡,2022,佐藤 健,55.0,13,0.248,0.149,0.711,1
209,レース0209,2025-03-08,阪神,1600,DIRT,G2,8,4,H0002500,ウマ2500,牡,2021,佐藤 健,58.0,20,0.064,0.125,0.85,2
209,レース0209,2025-03-08,阪神,1600,DIRT,G2,9,5,H0002501,ウマ2501,牝,2022,中村 駿,56.0,24,0.104,0.126,0.729,4
210,レース0210,2025-06-07,中山,1200,DIRT,OP,1,1,H0002502,ウマ2502,セ,2020,渡辺 美咲,57.0,22,0.206,0.111,0.085,11
210,レース0210,2025-06-07,中山,1200,DIRT,OP,2,1,H0002503,ウマ2503,牝,2022,田中 一郎,57.0,28,0.314,0.205,0.356,6
210,レース0210,2025-06-07,中山,1200,DIRT,OP,3,2,H0002504,ウマ2504,セ,2022,高橋 大輔,58.0,8,0.225,0.121,0.952,1
210,レース0210,2025-06-07,中山,1200,DIRT,OP,4,2,H0002505,ウマ2505,牡,2022,加藤 楓,54.0,29,0.256,0.146,0.459,10
210,レース0210,2025-06-07,中山,1200,DIRT,OP,5,3,H0002506,ウマ2506,セ,2020,渡辺 美咲,55.0,22,0.228,0.108,0.489,9
210,レース0210,2025-06-07,中山,1200,DIRT,OP,6,3,H0002507,ウマ2507,セ,2021,中村 駿,55.0,17,0.238,0.088,0.549,7
210,レース0210,2025-06-07,中山,1200,DIRT,OP,7,4,H0002508,ウマ2508,牝,2022,渡辺 美咲,58.0,14,0.192,0.183,0.622,3
210,レース0210,2025-06-07,中山,1200,DIRT,OP,8,4,H0002509,ウマ2509,セ,2021,佐藤 健,54.0,30,0.177,0.184,0.799,5
210,レース0210,2025-06-07,中山,1200,DIRT,OP,9,5,H0002510,ウマ2510,牡,2021,高橋 大輔,57.0,8,0.245,0.144,0.662,2
210,レース0210,2025-06-07,中山,1200,DIRT,OP,10,5,H0002511,ウマ2511,牡,2021,渡辺 美咲,54.0,23,0.232,0.141,0.645,8
210,レース0210,2025-06-07,中山,1200,DIRT,OP,11,6,H0002512,ウマ2512,牡,2021,佐藤 健,54.0,4,0.162,0.17,0.426,4
211,レース0211,2025-05-27,中山,1200,DIRT,3勝,1,1,H0002513,ウマ2513,セ,2020,高橋 大輔,54.0,21,0.068,0.109,0.569,7
211,レース0211,2025-05-27,中山,1200,DIRT,3勝,2,1,H0002514,ウマ2514,セ,2021,山本 陽,54.0,28,0.267,0.149,0.461,3
211,レース0211,2025-05-27,中山,1200,DIRT,3勝,3,2,H0002515,ウマ2515,牡,2020,中村 駿,57.0,20,0.142,0.123,0.69,8
211,レース0211,2025-05-27,中山,1200,DIRT,3勝,4,2,H0002516,ウマ2516,牡,2020,鈴木 花子,57.0,15,0.171,0.149,0.561,4
211,レース0211,2025-05-27,中山,1200,DIRT,3勝,5,3,H0002517,ウマ2517,牝,2022,高橋 大輔,54.0,9,0.267,0.105,0.617,1
211,レース0211,2025-05-27,中山,1200,DIRT,3勝,6,3,H0002518,ウマ2518,牝,2021,山本 陽,55.0,10,0.0,0.168,0.863,9
211,レース0211,2025-05-27,中山,1200,DIRT,3勝,7,4,H0002519,ウマ2519,牡,2022,田中 一郎,57.0,20,0.288,0.05,0.334,10
211,レース0211,2025-05-27,中山,1200,DIRT,3勝,8,4,H0002520,ウマ2520,牝,2021,田中 一郎,57.0,8,0.222,0.141,0.778,2
211,レース0211,2025-05-27,中山,1200,DIRT,3勝,9,5,H0002521,ウマ2521,セ,2020,山本 陽,56.0,10,0.271,0.083,0.148,12
211,レース0211,2025-05-27,中山,1200,DIRT,3勝,10,5,H0002522,ウマ2522,牡,2020,山本 陽,57.0,6,0.008,0.184,0.75,11
211,レース0211,2025-05-27,中山,1200,DIRT,3勝,11,6,H0002523,ウマ2523,牡,2020,中村 駿,58.0,25,0.208,0.098,0.463,6
211,レース0211,2025-05-27,中山,1200,DIRT,3勝,12,6,H0002524,ウマ2524,牝,2020,加藤 楓,56.0,23,0.118,0.086,0.637,5
212,レース0212,2025-05-20,京都,2000,TURF,未勝利,1,1,H0002525,ウマ2525,牝,2021,田中 一郎,58.0,16,0.179,0.064,0.835,2
212,レース0212,2025-05-20,京都,2000,TURF,未勝利,2,1,H0002526,ウマ2526,牡,2020,田中 一郎,57.0,20,0.201,0.128,0.0,11
212,レース0212,2025-05-20,京都,2000,TURF,未勝利,3,2,H0002527,ウマ2527,牡,2020,鈴木 花子,55.0,14,0.322,0.135,0.914,1
212,レース0212,2025-05-20,京都,2000,TURF,未勝利,4,2,H0002528,ウマ2528,牝,2021,加藤 楓,55.0,21,0.318,0.15,0.123,9
212,レース0212,2025-05-20,京都,2000,TURF,未勝利,5,3,H0002529,ウマ2529,牡,2020,佐藤 健,55.0,10,0.282,0.096,0.599,6
212,レース0212,2025-05-20,京都,2000,TURF,未勝利,6,3,H0002530,ウマ2530,牝,2021,田中 一郎,56.0,6,0.227,0.121,0.591,3
212,レース0212,2025-05-20,京都,2000,TURF,未勝利,7,4,H0002531,ウマ2531,牝,2022,加藤 楓,54.0,29,0.073,0.075,0.697,10
212,レース0212,2025-05-20,京都,2000,TURF,未勝利,8,4,H0002532,ウマ2532,牡,2020,佐藤 健,55.0,12,0.175,0.07,0.473,8
212,レース0212,2025-05-20,京都,2000,TURF,未勝利,9,5,H0002533,ウマ2533,牡,2021,山本 陽,54.0,26,0.233,0.089,0.648,4
212,レース0212,2025-05-20,京都,2000,TURF,未勝利,10,5,H0002534,ウマ2534,牝,2021,鈴木 花子,55.0,8,0.261,0.118,0.0,12
212,レース0212,2025-05-20,京都,2000,TURF,未勝利,11,6,H0002535,ウマ2535,セ,2022,山本 陽,57.0,7,0.203,0.118,0.606,7
212,レース0212,2025-05-20,京都,2000,TURF,未勝利,12,6,H0002536,ウマ2536,牝,2020,鈴木 花子,55.0,18,0.033,0.154,0.523,5
213,レース0213,2025-02-01,京都,1600,DIRT,G3,1,1,H0002537,ウマ2537,牝,2021,山本 陽,58.0,28,0.09,0.175,0.723,10
213,レース0213,2025-02-01,京都,1600,DIRT,G3,2,1,H0002538,ウマ2538,セ,2020,鈴木 花子,57.0,18,0.084,0.152,0.605,13
213,レース0213,2025-02-01,京都,1600,DIRT,G3,3,2,H0002539,ウマ2539,牡,2022,加藤 楓,56.0,23,0.08,0.188,0.681,6
213,レース0213,2025-02-01,京都,1600,DIRT,G3,4,2,H0002540,ウマ2540,牡,2022,田中 一郎,54.0,22,0.248,0.163,0.482,4
213,レース0213,2025-02-01,京都,1600,DIRT,G3,5,3,H0002541,ウマ2541,セ,2022,加藤 楓,58.0,11,0.092,0.155,0.554,12
213,レース0213,2025-02-01,京都,1600,DIRT,G3,6,3,H0002542,ウマ2542,セ,2020,鈴木 花子,54.0,14,0.159,0.119,0.64,9
213,レース0213,2025-02-01,京都,1600,DIRT,G3,7,4,H0002543,ウマ2543,牡,2020,山本 陽,56.0,23,0.115,0.038,0.454,14
213,レース0213,2025-02-01,京都,1600,DIRT,G3,8,4,H0002544,ウマ2544,牝,2021,山本 陽,54.0,17,0.242,0.159,0.631,5
213,レース0213,2025-02-01,京都,1600,DIRT,G3,9,5,H0002545,ウマ2545,牡,2020,加藤 楓,56.0,20,0.135,0.1,0.476,7
213,レース0213,2025-02-01,京都,1600,DIRT,G3,10,5,H0002546,ウマ2546,セ,2020,山本 陽,56.0,8,0.151,0.138,0.881,2
213,レース0213,2025-02-01,京都,1600,DIRT,G3,11,6,H0002547,ウマ2547,牝,2022,中村 駿,57.0,29,0.159,0.03,0.477,15
213,レース0213,2025-02-01,京都,1600,DIRT,G3,12,6,H0002548,ウマ2548,セ,2022,加藤 楓,55.0,16,0.287,0.03,0.342,8
213,レース0213,2025-02-01,京都,1600,DIRT,G3,13,7,H0002549,ウマ2549,セ,2022,伊藤 翼,56.0,16,0.128,0.167,0.504,11
213,レース0213,2025-02-01,京都,1600,DIRT,G3,14,7,H0002550,ウマ2550,牝,2022,加藤 楓,56.0,19,0.159,0.114,0.919,3
213,レース0213,2025-02-01,京都,1600,DIRT,G3,15,8,H0002551,ウマ2551,牝,2020,中村 駿,57.0,28,0.232,0.207,0.697,1
214,レース0214,2025-03-22,東京,1800,DIRT,未勝利,1,1,H0002552,ウマ2552,セ,2021,渡辺 美咲,56.0,5,0.317,0.104,0.495,2
214,レース0214,2025-03-22,東京,1800,DIRT,未勝利,2,1,H0002553,ウマ2553,牡,2022,佐藤 健,56.0,14,0.2,0.081,0.446,9
214,レース0214,2025-03-22,東京,1800,DIRT,未勝利,3,2,H0002554,ウマ2554,牝,2021,佐藤 健,57.0,20,0.161,0.12,0.287,10
214,レース0214,2025-03-22,東京,1800,DIRT,未勝利,4,2,H0002555,ウマ2555,牡,2020,高橋 大輔,54.0,11,0.078,0.165,0.549,8
214,レース0214,2025-03-22,東京,1800,DIRT,未勝利,5,3,H0002556,ウマ2556,牡,2022,中村 駿,55.0,15,0.237,0.185,0.672,3
214,レース0214,2025-03-22,東京,1800,DIRT,未勝利,6,3,H0002557,ウマ2557,牝,2020,山本 陽,54.0,14,0.247,0.197,0.729,4
214,レース0214,2025-03-22,東京,1800,DIRT,未勝利,7,4,H0002558,ウマ2558,セ,2020,田中 一郎,57.0,25,0.203,0.101,0.599,5
214,レース0214,2025-03-22,東京,1800,DIRT,未勝利,8,4,H0002559,ウマ2559,牡,2022,山本 陽,55.0,8,0.184,0.15,0.544,6
214,レース0214,2025-03-22,東京,1800,DIRT,未勝利,9,5,H0002560,ウマ2560,セ,2020,中村 駿,57.0,30,0.142,0.158,0.663,7
214,レース0214,2025-03-22,東京,1800,DIRT,未勝利,10,5,H0002561,ウマ2561,セ,2020,渡辺 美咲,55.0,15,0.208,0.131,0.957,1
215,レース0215,2025-01-16,阪神,2400,TURF,1勝,1,1,H0002562,ウマ2562,セ,2022,渡辺 美咲,57.0,3,0.135,0.23,0.494,9
215,レース0215,2025-01-16,阪神,2400,TURF,1勝,2,1,H0002563,ウマ2563,牝,2022,佐藤 健,57.0,30,0.26,0.134,0.433,10
215,レース0215,2025-01-16,阪神,2400,TURF,1勝,3,2,H0002564,ウマ2564,牡,2020,山本 陽,55.0,11,0.194,0.134,0.636,4
215,レース0215,2025-01-16,阪神,2400,TURF,1勝,4,2,H0002565,ウマ2565,牝,2021,伊藤 翼,55.0,29,0.172,0.152,0.46,7
215,レース0215,2025-01-16,阪神,2400,TURF,1勝,5,3,H0002566,ウマ2566,牝,2021,中村 駿,55.0,19,0.199,0.104,0.939,2
215,レース0215,2025-01-16,阪神,2400,TURF,1勝,6,3,H0002567,ウマ2567,牡,2021,山本 陽,57.0,12,0.037,0.224,0.787,3
215,レース0215,2025-01-16,阪神,2400,TURF,1勝,7,4,H0002568,ウマ2568,牡,2021,渡辺 美咲,56.0,30,0.087,0.188,0.992,1
215,レース0215,2025-01-16,阪神,2400,TURF,1勝,8,4,H0002569,ウマ2569,セ,2020,佐藤 健,57.0,12,0.122,0.181,0.0,12
215,レース0215,2025-01-16,阪神,2400,TURF,1勝,9,5,H0002570,ウマ2570,牡,2021,伊藤 翼,55.0,11,0.294,0.125,0.501,6
215,レース0215,2025-01-16,阪神,2400,TURF,1勝,10,5,H0002571,ウマ2571,牝,2020,加藤 楓,56.0,29,0.185,0.11,0.423,11
215,レース0215,2025-01-16,阪神,2400,TURF,1勝,11,6,H0002572,ウマ2572,牡,2020,渡辺 美咲,58.0,30,0.182,0.101,0.639,5
215,レース0215,2025-01-16,阪神,2400,TURF,1勝,12,6,H0002573,ウマ2573,セ,2020,伊藤 翼,55.0,25,0.15,0.19,0.545,8
216,レース0216,2025-12-23,中山,2000,TURF,1勝,1,1,H0002574,ウマ2574,牡,2022,渡辺 美咲,54.0,23,0.092,0.123,0.81,6
216,レース0216,2025-12-23,中山,2000,TURF,1勝,2,1,H0002575,ウマ2575,牡,2021,山本 陽,57.0,22,0.258,0.092,0.655,3
216,レース0216,2025-12-23,中山,2000,TURF,1勝,3,2,H0002576,ウマ2576,牝,2022,鈴木 花子,58.0,11,0.161,0.219,0.582,5
216,レース0216,2025-12-23,中山,2000,TURF,1勝,4,2,H0002577,ウマ2577,牝,2020,小林 蓮,57.0,19,0.166,0.116,0.291,12
216,レース0216,2025-12-23,中山,2000,TURF,1勝,5,3,H0002578,ウマ2578,牡,2021,中村 駿,56.0,5,0.189,0.189,0.491,9
216,レース0216,2025-12-23,中山,2000,TURF,1勝,6,3,H0002579,ウマ2579,牝,2021,佐藤 健,57.0,24,0.085,0.116,0.345,15
216,レース0216,2025-12-23,中山,2000,TURF,1勝,7,4,H0002580,ウマ2580,牡,2021,伊藤 翼,57.0,25,0.035,0.19,0.339,14
216,レース0216,2025-12-23,中山,2000,TURF,1勝,8,4,H0002581,ウマ2581,牡,2021,小林 蓮,54.0,25,0.254,0.155,0.305,4
216,レース0216,2025-12-23,中山,2000,TURF,1勝,9,5,H0002582,ウマ2582,牝,2021,田中 一郎,54.0,25,0.166,0.178,0.85,1
216,レース0216,2025-12-23,中山,2000,TURF,1勝,10,5,H0002583,ウマ2583,牝,2020,渡辺 美咲,55.0,4,0.014,0.157,0.516,13
216,レース0216,2025-12-23,中山,2000,TURF,1勝,11,6,H0002584,ウマ2584,セ,2022,高橋 大輔,56.0,9,0.173,0.135,0.685,2
216,レース0216,2025-12-23,中山,2000,TURF,1勝,12,6,H0002585,ウマ2585,牡,2022,佐藤 健,57.0,8,0.282,0.14,0.435,8
216,レース0216,2025-12-23,中山,2000,TURF,1勝,13,7,H0002586,ウマ2586,セ,2021,鈴木 花子,57.0,22,0.203,0.125,0.363,7
216,レース0216,2025-12-23,中山,2000,TURF,1勝,14,7,H0002587,ウマ2587,牝,2022,山本 陽,56.0,28,0.287,0.136,0.336,11
216,レース0216,2025-12-23,中山,2000,TURF,1勝,15,8,H0002588,ウマ2588,牡,2021,佐藤 健,55.0,25,0.175,0.153,0.392,10
217,レース0217,2025-12-28,中京,1800,DIRT,G1,1,1,H0002589,ウマ2589,牡,2020,小林 蓮,56.0,4,0.065,0.277,0.533,8
217,レース0217,2025-12-28,中京,1800,DIRT,G1,2,1,H0002590,ウマ2590,牡,2022,中村 駿,57.0,24,0.197,0.122,0.904,2
217,レース0217,2025-12-28,中京,1800,DIRT,G1,3,2,H0002591,ウマ2591,牝,2020,山本 陽,54.0,24,0.176,0.118,0.46,7
217,レース0217,2025-12-28,中京,1800,DIRT,G1,4,2,H0002592,ウマ2592,セ,2022,佐藤 健,55.0,27,0.217,0.137,0.531,4
217,レース0217,2025-12-28,中京,1800,DIRT,G1,5,3,H0002593,ウマ2593,牝,2020,加藤 楓,58.0,7,0.269,0.048,1.0,1
217,レース0217,2025-12-28,中京,1800,DIRT,G1,6,3,H0002594,ウマ2594,牡,2021,鈴木 花子,55.0,17,0.322,0.091,0.628,3
217,レース0217,2025-12-28,中京,1800,DIRT,G1,7,4,H0002595,ウマ2595,牡,2021,山本 陽,56.0,12,0.164,0.03,0.223,14
217,レース0217,2025-12-28,中京,1800,DIRT,G1,8,4,H0002596,ウマ2596,セ,2020,鈴木 花子,58.0,24,0.145,0.149,0.652,6
217,レース0217,2025-12-28,中京,1800,DIRT,G1,9,5,H0002597,ウマ2597,牡,2021,渡辺 美咲,58.0,27,0.21,0.03,0.374,12
217,レース0217,2025-12-28,中京,1800,DIRT,G1,10,5,H0002598,ウマ2598,牝,2022,佐藤 健,57.0,5,0.437,0.03,0.35,11
217,レース0217,2025-12-28,中京,1800,DIRT,G1,11,6,H0002599,ウマ2599,セ,2020,伊藤 翼,56.0,10,0.056,0.068,0.539,5
217,レース0217,2025-12-28,中京,1800,DIRT,G1,12,6,H0002600,ウマ2600,牡,2020,佐藤 健,56.0,28,0.182,0.074,0.469,9
217,レース0217,2025-12-28,中京,1800,DIRT,G1,13,7,H0002601,ウマ2601,牝,2022,田中 一郎,58.0,15,0.274,0.076,0.538,10
217,レース0217,2025-12-28,中京,1800,DIRT,G1,14,7,H0002602,ウマ2602,セ,2020,渡辺 美咲,56.0,23,0.079,0.047,0.217,16
217,レース0217,2025-12-28,中京,1800,DIRT,G1,15,8,H0002603,ウマ2603,牝,2022,佐藤 健,54.0,30,0.003,0.113,0.572,13
217,レース0217,2025-12-28,中京,1800,DIRT,G1,16,8,H0002604,ウマ2604,牝,2020,鈴木 花子,54.0,18,0.0,0.117,0.484,15
218,レース0218,2025-01-15,中京,1800,TURF,3勝,1,1,H0002605,ウマ2605,牡,2021,佐藤 健,58.0,15,0.224,0.107,0.327,7
218,レース0218,2025-01-15,中京,1800,TURF,3勝,2,1,H0002606,ウマ2606,セ,2021,伊藤 翼,57.0,29,0.171,0.148,0.638,2
218,レース0218,2025-01-15,中京,1800,TURF,3勝,3,2,H0002607,ウマ2607,セ,2022,山本 陽,57.0,13,0.032,0.116,0.895,5
218,レース0218,2025-01-15,中京,1800,TURF,3勝,4,2,H0002608,ウマ2608,牡,2020,中村 駿,57.0,20,0.213,0.16,0.516,3
218,レース0218,2025-01-15,中京,1800,TURF,3勝,5,3,H0002609,ウマ2609,牡,2021,中村 駿,57.0,15,0.392,0.132,0.437,1
218,レース0218,2025-01-15,中京,1800,TURF,3勝,6,3,H0002610,ウマ2610,牡,2020,山本 陽,58.0,6,0.048,0.173,0.72,8
218,レース0218,2025-01-15,中京,1800,TURF,3勝,7,4,H0002611,ウマ2611,牝,2021,伊藤 翼,57.0,9,0.057,0.149,0.744,6
218,レース0218,2025-01-15,中京,1800,TURF,3勝,8,4,H0002612,ウマ2612,牝,2022,小林 蓮,55.0,3,0.0,0.099,0.765,4
219,レース0219,2025-11-22,中山,2400,TURF,3勝,1,1,H0002613,ウマ2613,牡,2020,高橋 大輔,58.0,17,0.213,0.153,0.64,5
219,レース0219,2025-11-22,中山,2400,TURF,3勝,2,1,H0002614,ウマ2614,セ,2021,中村 駿,58.0,29,0.136,0.126,0.568,3
219,レース0219,2025-11-22,中山,2400,TURF,3勝,3,2,H0002615,ウマ2615,牝,2020,中村 駿,57.0,13,0.237,0.059,0.55,8
219,レース0219,2025-11-22,中山,2400,TURF,3勝,4,2,H0002616,ウマ2616,牝,2020,中村 駿,56.0,11,0.268,0.187,0.777,1
219,レース0219,2025-11-22,中山,2400,TURF,3勝,5,3,H0002617,ウマ2617,牝,2022,田中 一郎,56.0,10,0.143,0.13,0.36,6
219,レース0219,2025-11-22,中山,2400,TURF,3勝,6,3,H0002618,ウマ2618,セ,2022,佐藤 健,56.0,6,0.16,0.196,0.31,4
219,レース0219,2025-11-22,中山,2400,TURF,3勝,7,4,H0002619,ウマ2619,セ,2021,中村 駿,58.0,7,0.094,0.194,0.348,9
219,レース0219,2025-11-22,中山,2400,TURF,3勝,8,4,H0002620,ウマ2620,牝,2021,小林 蓮,55.0,22,0.212,0.257,0.547,2
219,レース0219,2025-11-22,中山,2400,TURF,3勝,9,5,H0002621,ウマ2621,牝,2022,小林 蓮,55.0,30,0.218,0.03,0.35,7
220,レース0220,2025-10-17,中山,1600,TURF,G3,1,1,H0002622,ウマ2622,牡,2020,中村 駿,57.0,16,0.245,0.107,0.621,4
220,レース0220,2025-10-17,中山,1600,TURF,G3,2,1,H0002623,ウマ2623,牝,2021,山本 陽,57.0,21,0.0,0.208,0.772,7
220,レース0220,2025-10-17,中山,1600,TURF,G3,3,2,H0002624,ウマ2624,セ,2022,加藤 楓,55.0,10,0.143,0.232,0.312,8
220,レース0220,2025-10-17,中山,1600,TURF,G3,4,2,H0002625,ウマ2625,牝,2022,小林 蓮,57.0,17,0.212,0.211,0.516,5
220,レース0220,2025-10-17,中山,1600,TURF,G3,5,3,H0002626,ウマ2626,牡,2020,伊藤 翼,57.0,19,0.001,0.093,0.439,10
220,レース0220,2025-10-17,中山,1600,TURF,G3,6,3,H0002627,ウマ2627,牡,2021,高橋 大輔,58.0,22,0.231,0.184,0.642,2
220,レース0220,2025-10-17,中山,1600,TURF,G3,7,4,H0002628,ウマ2628,牡,2021,田中 一郎,58.0,3,0.129,0.098,0.53,9
220,レース0220,2025-10-17,中山,1600,TURF,G3,8,4,H0002629,ウマ2629,牡,2022,鈴木 花子,57.0,28,0.213,0.131,0.473,3
220,レース0220,2025-10-17,中山,1600,TURF,G3,9,5,H0002630,ウマ2630,牝,2022,山本 陽,55.0,5,0.305,0.105,0.796,1
220,レース0220,2025-10-17,中山,1600,TURF,G3,10,5,H0002631,ウマ2631,セ,2022,小林 蓮,57.0,7,0.189,0.155,0.643,6
221,レース0221,2025-11-13,中京,2400,DIRT,2勝,1,1,H0002632,ウマ2632,牡,2021,山本 陽,55.0,25,0.338,0.106,0.834,1
221,レース0221,2025-11-13,中京,2400,DIRT,2勝,2,1,H0002633,ウマ2633,牝,2021,中村 駿,55.0,22,0.162,0.116,0.617,6
221,レース0221,2025-11-13,中京,2400,DIRT,2勝,3,2,H0002634,ウマ2634,セ,2021,佐藤 健,56.0,21,0.254,0.152,0.52,3
221,レース0221,2025-11-13,中京,2400,DIRT,2勝,4,2,H0002635,ウマ2635,牝,2021,加藤 楓,54.0,7,0.337,0.096,0.086,5
221,レース0221,2025-11-13,中京,2400,DIRT,2勝,5,3,H0002636,ウマ2636,牡,2021,山本 陽,56.0,16,0.112,0.145,0.498,7
221,レース0221,2025-11-13,中京,2400,DIRT,2勝,6,3,H0002637,ウマ2637,セ,2022,伊藤 翼,57.0,30,0.002,0.193,0.403,8
221,レース0221,2025-11-13,中京,2400,DIRT,2勝,7,4,H0002638,ウマ2638,牡,2022,佐藤 健,56.0,13,0.214,0.155,0.423,4
221,レース0221,2025-11-13,中京,2400,DIRT,2勝,8,4,H0002639,ウマ2639,牡,2020,田中 一郎,56.0,18,0.185,0.149,0.641,2
222,レース0222,2025-02-16,阪神,2400,TURF,G3,1,1,H0002640,ウマ2640,セ,2022,佐藤 健,55.0,4,0.304,0.176,0.54,3
222,レース0222,2025-02-16,阪神,2400,TURF,G3,2,1,H0002641,ウマ2641,セ,2020,加藤 楓,58.0,18,0.229,0.166,0.304,12
222,レース0222,2025-02-16,阪神,2400,TURF,G3,3,2,H0002642,ウマ2642,牡,2021,伊藤 翼,55.0,11,0.061,0.149,0.737,11
222,レース0222,2025-02-16,阪神,2400,TURF,G3,4,2,H0002643,ウマ2643,牝,2022,加藤 楓,57.0,16,0.222,0.096,0.307,14
222,レース0222,2025-02-16,阪神,2400,TURF,G3,5,3,H0002644,ウマ2644,牡,2022,小林 蓮,56.0,16,0.081,0.187,0.318,6
222,レース0222,2025-02-16,阪神,2400,TURF,G3,6,3,H0002645,ウマ2645,セ,2022,渡辺 美咲,54.0,5,0.112,0.208,0.304,5
222,レース0222,2025-02-16,阪神,2400,TURF,G3,7,4,H0002646,ウマ2646,セ,2021,鈴木 花子,55.0,11,0.081,0.093,0.564,10
222,レース0222,2025-02-16,阪神,2400,TURF,G3,8,4,H0002647,ウマ2647,牝,2022,田中 一郎,54.0,14,0.145,0.156,0.541,9
222,レース0222,2025-02-16,阪神,2400,TURF,G3,9,5,H0002648,ウマ2648,牝,2021,伊藤 翼,54.0,25,0.303,0.083,0.794,1
222,レース0222,2025-02-16,阪神,2400,TURF,G3,10,5,H0002649,ウマ2649,牡,2022,小林 蓮,54.0,29,0.208,0.083,0.387,7
222,レース0222,2025-02-16,阪神,2400,TURF,G3,11,6,H0002650,ウマ2650,牡,2022,伊藤 翼,54.0,13,0.271,0.114,0.56,4
222,レース0222,2025-02-16,阪神,2400,TURF,G3,12,6,H0002651,ウマ2651,セ,2022,佐藤 健,55.0,8,0.215,0.114,0.544,8
222,レース0222,2025-02-16,阪神,2400,TURF,G3,13,7,H0002652,ウマ2652,牝,2020,田中 一郎,55.0,10,0.197,0.184,0.66,2
222,レース0222,2025-02-16,阪神,2400,TURF,G3,14,7,H0002653,ウマ2653,セ,2022,田中 一郎,56.0,24,0.0,0.12,0.375,15
222,レース0222,2025-02-16,阪神,2400,TURF,G3,15,8,H0002654,ウマ2654,牡,2022,渡辺 美咲,55.0,5,0.155,0.071,0.626,13
223,レース0223,2025-04-24,京都,2400,DIRT,OP,1,1,H0002655,ウマ2655,牝,2021,伊藤 翼,55.0,30,0.192,0.21,0.591,4
223,レース0223,2025-04-24,京都,2400,DIRT,OP,2,1,H0002656,ウマ2656,牝,2021,田中 一郎,54.0,19,0.202,0.238,0.601,1
223,レース0223,2025-04-24,京都,2400,DIRT,OP,3,2,H0002657,ウマ2657,セ,2022,鈴木 花子,58.0,22,0.157,0.063,0.079,14
223,レース0223,2025-04-24,京都,2400,DIRT,OP,4,2,H0002658,ウマ2658,牡,2020,高橋 大輔,56.0,24,0.205,0.123,0.475,7
223,レース0223,2025-04-24,京都,2400,DIRT,OP,5,3,H0002659,ウマ2659,セ,2021,加藤 楓,56.0,4,0.211,0.108,0.486,9
223,レース0223,2025-04-24,京都,2400,DIRT,OP,6,3,H0002660,ウマ2660,牡,2020,山本 陽,55.0,23,0.206,0.081,0.82,6
223,レース0223,2025-04-24,京都,2400,DIRT,OP,7,4,H0002661,ウマ2661,牝,2020,山本 陽,55.0,18,0.118,0.154,0.288,13
223,レース0223,2025-04-24,京都,2400,DIRT,OP,8,4,H0002662,ウマ2662,牝,2021,小林 蓮,56.0,26,0.218,0.105,0.366,10
223,レース0223,2025-04-24,京都,2400,DIRT,OP,9,5,H0002663,ウマ2663,牡,2020,小林 蓮,55.0,27,0.129,0.046,0.728,3
223,レース0223,2025-04-24,京都,2400,DIRT,OP,10,5,H0002664,ウマ2664,セ,2021,高橋 大輔,54.0,21,0.077,0.176,0.62,8
223,レース0223,2025-04-24,京都,2400,DIRT,OP,11,6,H0002665,ウマ2665,牝,2020,高橋 大輔,57.0,13,0.154,0.231,0.372,12
223,レース0223,2025-04-24,京都,2400,DIRT,OP,12,6,H0002666,ウマ2666,牡,2020,中村 駿,54.0,5,0.188,0.111,0.324,11
223,レース0223,2025-04-24,京都,2400,DIRT,OP,13,7,H0002667,ウマ2667,牡,2020,中村 駿,58.0,19,0.175,0.088,0.692,2
223,レース0223,2025-04-24,京都,2400,DIRT,OP,14,7,H0002668,ウマ2668,牡,2021,中村 駿,54.0,10,0.256,0.094,0.644,5
224,レース0224,2025-12-17,東京,1200,DIRT,G3,1,1,H0002669,ウマ2669,セ,2020,田中 一郎,54.0,30,0.209,0.116,0.455,7
224,レース0224,2025-12-17,東京,1200,DIRT,G3,2,1,H0002670,ウマ2670,牡,2022,高橋 大輔,54.0,23,0.127,0.133,0.603,1
224,レース0224,2025-12-17,東京,1200,DIRT,G3,3,2,H0002671,ウマ2671,牝,2021,山本 陽,55.0,17,0.264,0.139,0.689,2
224,レース0224,2025-12-17,東京,1200,DIRT,G3,4,2,H0002672,ウマ2672,牡,2021,田中 一郎,54.0,4,0.19,0.114,0.388,10
224,レース0224,2025-12-17,東京,1200,DIRT,G3,5,3,H0002673,ウマ2673,牝,2021,渡辺 美咲,57.0,11,0.101,0.087,0.896,6
224,レース0224,2025-12-17,東京,1200,DIRT,G3,6,3,H0002674,ウマ2674,牡,2021,伊藤 翼,58.0,26,0.228,0.183,0.079,8
224,レース0224,2025-12-17,東京,1200,DIRT,G3,7,4,H0002675,ウマ2675,牡,2022,田中 一郎,55.0,23,0.065,0.106,0.407,13
224,レース0224,2025-12-17,東京,1200,DIRT,G3,8,4,H0002676,ウマ2676,セ,2021,加藤 楓,58.0,9,0.0,0.056,0.443,14
224,レース0224,2025-12-17,東京,1200,DIRT,G3,9,5,H0002677,ウマ2677,牡,2022,渡辺 美咲,57.0,7,0.144,0.223,0.517,11
224,レース0224,2025-12-17,東京,1200,DIRT,G3,10,5,H0002678,ウマ2678,牝,2021,田中 一郎,54.0,10,0.259,0.179,0.724,3
224,レース0224,2025-12-17,東京,1200,DIRT,G3,11,6,H0002679,ウマ2679,牡,2021,田中 一郎,56.0,12,0.271,0.12,0.679,4
224,レース0224,2025-12-17,東京,1200,DIRT,G3,12,6,H0002680,ウマ2680,牝,2020,佐藤 健,57.0,9,0.02,0.062,0.631,9
224,レース0224,2025-12-17,東京,1200,DIRT,G3,13,7,H0002681,ウマ2681,牡,2022,田中 一郎,54.0,5,0.005,0.258,0.436,12
224,レース0224,2025-12-17,東京,1200,DIRT,G3,14,7,H0002682,ウマ2682,牡,2021,中村 駿,54.0,4,0.244,0.06,0.648,5
225,レース0225,2025-06-05,中京,2000,DIRT,G1,1,1,H0002683,ウマ2683,牝,2020,中村 駿,56.0,11,0.213,0.168,0.611,4
225,レース0225,2025-06-05,中京,2000,DIRT,G1,2,1,H0002684,ウマ2684,牝,2022,小林 蓮,54.0,21,0.296,0.125,0.379,5
225,レース0225,2025-06-05,中京,2000,DIRT,G1,3,2,H0002685,ウマ2685,セ,2022,山本 陽,54.0,20,0.316,0.157,0.85,1
225,レース0225,2025-06-05,中京,2000,DIRT,G1,4,2,H0002686,ウマ2686,牝,2022,高橋 大輔,56.0,16,0.326,0.03,0.828,2
225,レース0225,2025-06-05,中京,2000,DIRT,G1,5,3,H0002687,ウマ2687,牝,2021,加藤 楓,56.0,17,0.09,0.221,0.438,9
225,レース0225,2025-06-05,中京,2000,DIRT,G1,6,3,H0002688,ウマ2688,牡,2020,高橋 大輔,56.0,26,0.16,0.031,0.822,3
225,レース0225,2025-06-05,中京,2000,DIRT,G1,7,4,H0002689,ウマ2689,牡,2022,鈴木 花子,56.0,21,0.12,0.039,0.575,12
225,レース0225,2025-06-05,中京,2000,DIRT,G1,8,4,H0002690,ウマ2690,牡,2020,高橋 大輔,56.0,30,0.143,0.134,0.588,8
225,レース0225,2025-06-05,中京,2000,DIRT,G1,9,5,H0002691,ウマ2691,牝,2021,伊藤 翼,55.0,4,0.237,0.06,0.387,11
225,レース0225,2025-06-05,中京,2000,DIRT,G1,10,5,H0002692,ウマ2692,牡,2021,小林 蓮,55.0,15,0.118,0.155,0.762,6
225,レース0225,2025-06-05,中京,2000,DIRT,G1,11,6,H0002693,ウマ2693,セ,2022,佐藤 健,57.0,10,0.091,0.085,0.592,7
225,レース0225,2025-06-05,中京,2000,DIRT,G1,12,6,H0002694,ウマ2694,牡,2022,佐藤 健,55.0,3,0.23,0.112,0.194,13
225,レース0225,2025-06-05,中京,2000,DIRT,G1,13,7,H0002695,ウマ2695,牡,2022,伊藤 翼,58.0,12,0.119,0.113,0.616,10
226,レース0226,2025-10-19,中山,1800,DIRT,G2,1,1,H0002696,ウマ2696,牝,2021,渡辺 美咲,54.0,30,0.178,0.03,0.49,7
226,レース0226,2025-10-19,中山,1800,DIRT,G2,2,1,H0002697,ウマ2697,牝,2021,中村 駿,57.0,21,0.329,0.178,0.516,3
226,レース0226,2025-10-19,中山,1800,DIRT,G2,3,2,H0002698,ウマ2698,牡,2020,田中 一郎,55.0,3,0.136,0.104,0.317,10
226,レース0226,2025-10-19,中山,1800,DIRT,G2,4,2,H0002699,ウマ2699,牝,2022,佐藤 健,55.0,7,0.161,0.081,0.521,9
226,レース0226,2025-10-19,中山,1800,DIRT,G2,5,3,H0002700,ウマ2700,牡,2021,加藤 楓,55.0,25,0.246,0.074,0.559,8
226,レース0226,2025-10-19,中山,1800,DIRT,G2,6,3,H0002701,ウマ2701,牝,2020,高橋 大輔,57.0,20,0.397,0.099,0.426,6
226,レース0226,2025-10-19,中山,1800,DIRT,G2,7,4,H0002702,ウマ2702,牝,2020,山本 陽,54.0,19,0.224,0.106,0.651,2
226,レース0226,2025-10-19,中山,1800,DIRT,G2,8,4,H0002703,ウマ2703,セ,2021,田中 一郎,54.0,7,0.194,0.104,0.482,5
226,レース0226,2025-10-19,中山,1800,DIRT,G2,9,5,H0002704,ウマ2704,牝,2022,佐藤 健,57.0,16,0.321,0.162,0.464,1
226,レース0226,2025-10-19,中山,1800,DIRT,G2,10,5,H0002705,ウマ2705,牡,2020,高橋 大輔,57.0,25,0.133,0.138,0.539,4
227,レース0227,2025-05-14,中山,2400,DIRT,1勝,1,1,H0002706,ウマ2706,セ,2021,山本 陽,57.0,9,0.177,0.125,0.405,12
227,レース0227,2025-05-14,中山,2400,DIRT,1勝,2,1,H0002707,ウマ2707,セ,2022,加藤 楓,58.0,25,0.342,0.2,0.827,1
227,レース0227,2025-05-14,中山,2400,DIRT,1勝,3,2,H0002708,ウマ2708,セ,2022,中村 駿,54.0,4,0.163,0.1,1.0,2
227,レース0227,2025-05-14,中山,2400,DIRT,1勝,4,2,H0002709,ウマ2709,セ,2020,佐藤 健,56.0,29,0.074,0.093,0.488,13
227,レース0227,2025-05-14,中山,2400,DIRT,1勝,5,3,H0002710,ウマ2710,牡,2022,高橋 大輔,56.0,21,0.252,0.042,0.732,4
227,レース0227,2025-05-14,中山,2400,DIRT,1勝,6,3,H0002711,ウマ2711,セ,2022,鈴木 花子,58.0,24,0.176,0.179,0.622,3
227,レース0227,2025-05-14,中山,2400,DIRT,1勝,7,4,H0002712,ウマ2712,牝,2020,伊藤 翼,58.0,3,0.219,0.146,0.487,7
227,レース0227,2025-05-14,中山,2400,DIRT,1勝,8,4,H0002713,ウマ2713,牡,2022,加藤 楓,55.0,25,0.215,0.131,0.473,9
227,レース0227,2025-05-14,中山,2400,DIRT,1勝,9,5,H0002714,ウマ2714,セ,2020,渡辺 美咲,56.0,15,0.091,0.232,0.334,14
227,レース0227,2025-05-14,中山,2400,DIRT,1勝,10,5,H0002715,ウマ2715,セ,2020,佐藤 健,58.0,9,0.148,0.049,0.528,6
227,レース0227,2025-05-14,中山,2400,DIRT,1勝,11,6,H0002716,ウマ2716,セ,2022,伊藤 翼,57.0,5,0.149,0.062,0.629,11
227,レース0227,2025-05-14,中山,2400,DIRT,1勝,12,6,H0002717,ウマ2717,牝,2022,渡辺 美咲,55.0,15,0.158,0.14,0.378,8
227,レース0227,2025-05-14,中山,2400,DIRT,1勝,13,7,H0002718,ウマ2718,牝,2021,田中 一郎,58.0,27,0.0,0.101,0.83,5
227,レース0227,2025-05-14,中山,2400,DIRT,1勝,14,7,H0002719,ウマ2719,牝,2020,加藤 楓,58.0,10,0.134,0.076,0.453,10
228,レース0228,2025-07-26,中京,1400,DIRT,OP,1,1,H0002720,ウマ2720,牡,2021,鈴木 花子,54.0,15,0.064,0.2,0.785,5
228,レース0228,2025-07-26,中京,1400,DIRT,OP,2,1,H0002721,ウマ2721,セ,2022,中村 駿,56.0,11,0.171,0.134,0.403,6
228,レース0228,2025-07-26,中京,1400,DIRT,OP,3,2,H0002722,ウマ2722,牝,2021,渡辺 美咲,58.0,18,0.221,0.094,0.783,2
228,レース0228,2025-07-26,中京,1400,DIRT,OP,4,2,H0002723,ウマ2723,牡,2021,加藤 楓,56.0,17,0.014,0.253,0.645,8
228,レース0228,2025-07-26,中京,1400,DIRT,OP,5,3,H0002724,ウマ2724,牡,2021,田中 一郎,57.0,14,0.27,0.084,0.82,3
228,レース0228,2025-07-26,中京,1400,DIRT,OP,6,3,H0002725,ウマ2725,牝,2021,鈴木 花子,55.0,27,0.26,0.151,0.547,4
228,レース0228,2025-07-26,中京,1400,DIRT,OP,7,4,H0002726,ウマ2726,牡,2020,加藤 楓,56.0,16,0.223,0.061,0.531,7
228,レース0228,2025-07-26,中京,1400,DIRT,OP,8,4,H0002727,ウマ2727,牡,2022,鈴木 花子,56.0,17,0.45,0.037,0.859,1
229,レース0229,2025-10-10,中山,1400,DIRT,G1,1,1,H0002728,ウマ2728,牝,2020,佐藤 健,55.0,4,0.197,0.145,0.418,6
229,レース0229,2025-10-10,中山,1400,DIRT,G1,2,1,H0002729,ウマ2729,セ,2021,鈴木 花子,58.0,9,0.204,0.087,0.786,3
229,レース0229,2025-10-10,中山,1400,DIRT,G1,3,2,H0002730,ウマ2730,セ,2020,山本 陽,58.0,18,0.217,0.122,0.785,1
229,レース0229,2025-10-10,中山,1400,DIRT,G1,4,2,H0002731,ウマ2731,牝,2021,佐藤 健,57.0,20,0.031,0.073,0.884,7
229,レース0229,2025-10-10,中山,1400,DIRT,G1,5,3,H0002732,ウマ2732,セ,2020,伊藤 翼,57.0,13,0.087,0.126,0.673,5
229,レース0229,2025-10-10,中山,1400,DIRT,G1,6,3,H0002733,ウマ2733,セ,2020,山本 陽,57.0,13,0.266,0.101,0.362,8
229,レース0229,2025-10-10,中山,1400,DIRT,G1,7,4,H0002734,ウマ2734,セ,2020,渡辺 美咲,55.0,21,0.303,0.059,0.553,2
229,レース0229,2025-10-10,中山,1400,DIRT,G1,8,4,H0002735,ウマ2735,セ,2022,伊藤 翼,57.0,11,0.252,0.055,0.803,4
230,レース0230,2025-09-20,東京,1200,TURF,2勝,1,1,H0002736,ウマ2736,牡,2021,高橋 大輔,58.0,30,0.217,0.157,0.535,8
230,レース0230,2025-09-20,東京,1200,TURF,2勝,2,1,H0002737,ウマ2737,セ,2021,小林 蓮,57.0,14,0.17,0.143,0.794,3
230,レース0230,2025-09-20,東京,1200,TURF,2勝,3,2,H0002738,ウマ2738,牡,2022,中村 駿,54.0,26,0.265,0.034,0.264,10
230,レース0230,2025-09-20,東京,1200,TURF,2勝,4,2,H0002739,ウマ2739,セ,2020,山本 陽,54.0,13,0.159,0.239,0.445,6
230,レース0230,2025-09-20,東京,1200,TURF,2勝,5,3,H0002740,ウマ2740,牝,2020,山本 陽,57.0,16,0.172,0.144,0.338,9
230,レース0230,2025-09-20,東京,1200,TURF,2勝,6,3,H0002741,ウマ2741,セ,2021,加藤 楓,57.0,15,0.25,0.191,0.64,5
230,レース0230,2025-09-20,東京,1200,TURF,2勝,7,4,H0002742,ウマ2742,牝,2021,加藤 楓,55.0,9,0.415,0.112,0.254,4
230,レース0230,2025-09-20,東京,1200,TURF,2勝,8,4,H0002743,ウマ2743,セ,2020,鈴木 花子,57.0,14,0.388,0.212,0.554,1
230,レース0230,2025-09-20,東京,1200,TURF,2勝,9,5,H0002744,ウマ2744,セ,2020,伊藤 翼,54.0,27,0.186,0.206,0.73,2
230,レース0230,2025-09-20,東京,1200,TURF,2勝,10,5,H0002745,ウマ2745,セ,2022,田中 一郎,56.0,16,0.233,0.169,0.444,7
231,レース0231,2025-04-21,中山,1800,TURF,G3,1,1,H0002746,ウマ2746,牡,2020,佐藤 健,58.0,10,0.243,0.076,0.582,1
231,レース0231,2025-04-21,中山,1800,TURF,G3,2,1,H0002747,ウマ2747,牝,2022,加藤 楓,57.0,23,0.014,0.147,0.815,8
231,レース0231,2025-04-21,中山,1800,TURF,G3,3,2,H0002748,ウマ2748,牝,2021,山本 陽,58.0,13,0.229,0.119,0.504,7
231,レース0231,2025-04-21,中山,1800,TURF,G3,4,2,H0002749,ウマ2749,セ,2022,鈴木 花子,56.0,29,0.17,0.112,0.598,6
231,レース0231,2025-04-21,中山,1800,TURF,G3,5,3,H0002750,ウマ2750,牝,2022,高橋 大輔,58.0,17,0.089,0.175,0.394,10
231,レース0231,2025-04-21,中山,1800,TURF,G3,6,3,H0002751,ウマ2751,牝,2021,加藤 楓,54.0,22,0.096,0.126,0.743,4
231,レース0231,2025-04-21,中山,1800,TURF,G3,7,4,H0002752,ウマ2752,セ,2020,加藤 楓,55.0,11,0.222,0.135,0.298,9
231,レース0231,2025-04-21,中山,1800,TURF,G3,8,4,H0002753,ウマ2753,セ,2021,中村 駿,55.0,5,0.087,0.113,0.561,2
231,レース0231,2025-04-21,中山,1800,TURF,G3,9,5,H0002754,ウマ2754,セ,2022,山本 陽,54.0,3,0.199,0.169,0.746,3
231,レース0231,2025-04-21,中山,1800,TURF,G3,10,5,H0002755,ウマ2755,セ,2022,加藤 楓,58.0,19,0.125,0.097,0.864,5
232,レース0232,2025-01-13,東京,1200,TURF,未勝利,1,1,H0002756,ウマ2756,牡,2020,小林 蓮,58.0,21,0.277,0.066,0.747,7
232,レース0232,2025-01-13,東京,1200,TURF,未勝利,2,1,H0002757,ウマ2757,牡,2020,伊藤 翼,57.0,25,0.25,0.172,0.688,2
232,レース0232,2025-01-13,東京,1200,TURF,未勝利,3,2,H0002758,ウマ2758,セ,2021,田中 一郎,57.0,10,0.271,0.03,0.52,8
232,レース0232,2025-01-13,東京,1200,TURF,未勝利,4,2,H0002759,ウマ2759,セ,2022,高橋 大輔,58.0,9,0.174,0.115,0.35,12
232,レース0232,2025-01-13,東京,1200,TURF,未勝利,5,3,H0002760,ウマ2760,牝,2020,鈴木 花子,54.0,27,0.186,0.09,0.784,1
232,レース0232,2025-01-13,東京,1200,TURF,未勝利,6,3,H0002761,ウマ2761,セ,2020,渡辺 美咲,56.0,17,0.258,0.209,0.652,5
232,レース0232,2025-01-13,東京,1200,TURF,未勝利,7,4,H0002762,ウマ2762,セ,2021,山本 陽,55.0,22,0.143,0.124,0.508,9
232,レース0232,2025-01-13,東京,1200,TURF,未勝利,8,4,H0002763,ウマ2763,牝,2021,加藤 楓,56.0,20,0.113,0.057,0.268,14
232,レース0232,2025-01-13,東京,1200,TURF,未勝利,9,5,H0002764,ウマ2764,牝,2020,鈴木 花子,56.0,27,0.165,0.164,1.0,4
232,レース0232,2025-01-13,東京,1200,TURF,未勝利,10,5,H0002765,ウマ2765,セ,2021,鈴木 花子,54.0,13,0.217,0.159,0.455,10
232,レース0232,2025-01-13,東京,1200,TURF,未勝利,11,6,H0002766,ウマ2766,セ,2020,山本 陽,58.0,23,0.116,0.095,0.42,11
232,レース0232,2025-01-13,東京,1200,TURF,未勝利,12,6,H0002767,ウマ2767,牝,2022,伊藤 翼,55.0,14,0.011,0.169,0.385,13
232,レース0232,2025-01-13,東京,1200,TURF,未勝利,13,7,H0002768,ウマ2768,セ,2021,田中 一郎,57.0,27,0.105,0.093,0.617,3
232,レース0232,2025-01-13,東京,1200,TURF,未勝利,14,7,H0002769,ウマ2769,牡,2021,高橋 大輔,56.0,7,0.346,0.124,0.236,6
233,レース0233,2025-02-12,阪神,1800,TURF,OP,1,1,H0002770,ウマ2770,牡,2022,佐藤 健,57.0,24,0.262,0.079,0.446,6
233,レース0233,2025-02-12,阪神,1800,TURF,OP,2,1,H0002771,ウマ2771,牡,2022,鈴木 花子,55.0,13,0.141,0.139,0.369,9
233,レース0233,2025-02-12,阪神,1800,TURF,OP,3,2,H0002772,ウマ2772,牡,2020,佐藤 健,56.0,12,0.251,0.03,0.402,8
233,レース0233,2025-02-12,阪神,1800,TURF,OP,4,2,H0002773,ウマ2773,牝,2022,高橋 大輔,56.0,21,0.329,0.183,0.544,2
233,レース0233,2025-02-12,阪神,1800,TURF,OP,5,3,H0002774,ウマ2774,牝,2021,中村 駿,57.0,30,0.146,0.085,0.623,5
233,レース0233,2025-02-12,阪神,1800,TURF,OP,6,3,H0002775,ウマ2775,牝,2022,鈴木 花子,58.0,23,0.112,0.137,0.591,10
233,レース0233,2025-02-12,阪神,1800,TURF,OP,7,4,H0002776,ウマ2776,牡,2021,田中 一郎,58.0,13,0.221,0.048,0.574,12
233,レース0233,2025-02-12,阪神,1800,TURF,OP,8,4,H0002777,ウマ2777,セ,2020,伊藤 翼,54.0,6,0.233,0.132,0.659,4
233,レース0233,2025-02-12,阪神,1800,TURF,OP,9,5,H0002778,ウマ2778,牝,2022,田中 一郎,56.0,25,0.273,0.142,0.853,1
233,レース0233,2025-02-12,阪神,1800,TURF,OP,10,5,H0002779,ウマ2779,セ,2020,山本 陽,57.0,28,0.04,0.08,0.61,13
233,レース0233,2025-02-12,阪神,1800,TURF,OP,11,6,H0002780,ウマ2780,セ,2020,高橋 大輔,57.0,27,0.28,0.125,0.459,7
233,レース0233,2025-02-12,阪神,1800,TURF,OP,12,6,H0002781,ウマ2781,セ,2020,山本 陽,56.0,26,0.331,0.093,0.236,3
233,レース0233,2025-02-12,阪神,1800,TURF,OP,13,7,H0002782,ウマ2782,牡,2021,中村 駿,55.0,17,0.26,0.1,0.409,11
234,レース0234,2025-07-03,東京,1800,DIRT,1勝,1,1,H0002783,ウマ2783,牡,2020,佐藤 健,56.0,7,0.45,0.132,0.541,3
234,レース0234,2025-07-03,東京,1800,DIRT,1勝,2,1,H0002784,ウマ2784,セ,2020,鈴木 花子,56.0,9,0.0,0.071,0.098,15
234,レース0234,2025-07-03,東京,1800,DIRT,1勝,3,2,H0002785,ウマ2785,セ,2020,鈴木 花子,57.0,18,0.143,0.03,0.192,14
234,レース0234,2025-07-03,東京,1800,DIRT,1勝,4,2,H0002786,ウマ2786,牝,2021,中村 駿,56.0,6,0.117,0.175,0.363,13
234,レース0234,2025-07-03,東京,1800,DIRT,1勝,5,3,H0002787,ウマ2787,牝,2021,渡辺 美咲,56.0,16,0.177,0.142,0.619,9
234,レース0234,2025-07-03,東京,1800,DIRT,1勝,6,3,H0002788,ウマ2788,牡,2022,中村 駿,57.0,10,0.238,0.15,0.483,4
234,レース0234,2025-07-03,東京,1800,DIRT,1勝,7,4,H0002789,ウマ2789,セ,2021,山本 陽,56.0,23,0.133,0.132,0.596,8
234,レース0234,2025-07-03,東京,1800,DIRT,1勝,8,4,H0002790,ウマ2790,牝,2022,小林 蓮,55.0,15,0.294,0.096,0.755,1
234,レース0234,2025-07-03,東京,1800,DIRT,1勝,9,5,H0002791,ウマ2791,セ,2021,田中 一郎,54.0,8,0.222,0.099,0.756,5
234,レース0234,2025-07-03,東京,1800,DIRT,1勝,10,5,H0002792,ウマ2792,牡,2021,伊藤 翼,54.0,24,0.248,0.128,0.388,7
234,レース0234,2025-07-03,東京,1800,DIRT,1勝,11,6,H0002793,ウマ2793,牡,2021,小林 蓮,58.0,27,0.176,0.193,0.437,11
234,レース0234,2025-07-03,東京,1800,DIRT,1勝,12,6,H0002794,ウマ2794,牝,2021,鈴木 花子,56.0,14,0.187,0.132,0.681,2
234,レース0234,2025-07-03,東京,1800,DIRT,1勝,13,7,H0002795,ウマ2795,セ,2022,小林 蓮,54.0,19,0.151,0.092,0.599,10
234,レース0234,2025-07-03,東京,1800,DIRT,1勝,14,7,H0002796,ウマ2796,牡,2022,田中 一郎,56.0,12,0.135,0.064,0.524,12
234,レース0234,2025-07-03,東京,1800,DIRT,1勝,15,8,H0002797,ウマ2797,セ,2020,田中 一郎,57.0,25,0.259,0.134,0.558,6
235,レース0235,2025-12-23,京都,1200,TURF,G2,1,1,H0002798,ウマ2798,セ,2020,渡辺 美咲,54.0,5,0.285,0.03,0.446,13
235,レース0235,2025-12-23,京都,1200,TURF,G2,2,1,H0002799,ウマ2799,牡,2021,加藤 楓,55.0,5,0.243,0.116,0.347,11
235,レース0235,2025-12-23,京都,1200,TURF,G2,3,2,H0002800,ウマ2800,セ,2022,渡辺 美咲,58.0,16,0.225,0.108,0.525,3
235,レース0235,2025-12-23,京都,1200,TURF,G2,4,2,H0002801,ウマ2801,牡,2020,中村 駿,58.0,29,0.155,0.173,0.493,9
235,レース0235,2025-12-23,京都,1200,TURF,G2,5,3,H0002802,ウマ2802,牝,2020,高橋 大輔,54.0,3,0.188,0.101,0.494,14
235,レース0235,2025-12-23,京都,1200,TURF,G2,6,3,H0002803,ウマ2803,牝,2022,渡辺 美咲,58.0,25,0.156,0.139,0.589,12
235,レース0235,2025-12-23,京都,1200,TURF,G2,7,4,H0002804,ウマ2804,セ,2020,鈴木 花子,55.0,12,0.234,0.174,0.569,5
235,レース0235,2025-12-23,京都,1200,TURF,G2,8,4,H0002805,ウマ2805,牝,2022,山本 陽,56.0,21,0.185,0.119,0.509,15
235,レース0235,2025-12-23,京都,1200,TURF,G2,9,5,H0002806,ウマ2806,牡,2020,加藤 楓,57.0,7,0.193,0.144,0.613,4
235,レース0235,2025-12-23,京都,1200,TURF,G2,10,5,H0002807,ウマ2807,セ,2020,佐藤 健,56.0,24,0.302,0.201,0.542,2
235,レース0235,2025-12-23,京都,1200,TURF,G2,11,6,H0002808,ウマ2808,牡,2022,山本 陽,55.0,27,0.202,0.152,0.705,1
235,レース0235,2025-12-23,京都,1200,TURF,G2,12,6,H0002809,ウマ2809,セ,2020,高橋 大輔,56.0,10,0.214,0.136,0.557,10
235,レース0235,2025-12-23,京都,1200,TURF,G2,13,7,H0002810,ウマ2810,牡,2020,佐藤 健,58.0,10,0.111,0.1,0.417,16
235,レース0235,2025-12-23,京都,1200,TURF,G2,14,7,H0002811,ウマ2811,牡,2021,佐藤 健,56.0,19,0.173,0.092,0.642,8
235,レース0235,2025-12-23,京都,1200,TURF,G2,15,8,H0002812,ウマ2812,牝,2020,佐藤 健,56.0,11,0.099,0.06,0.732,6
235,レース0235,2025-12-23,京都,1200,TURF,G2,16,8,H0002813,ウマ2813,セ,2021,高橋 大輔,54.0,16,0.097,0.103,0.589,7
236,レース0236,2025-03-20,阪神,1600,TURF,2勝,1,1,H0002814,ウマ2814,牡,2021,佐藤 健,57.0,15,0.232,0.094,0.573,2
236,レース0236,2025-03-20,阪神,1600,TURF,2勝,2,1,H0002815,ウマ2815,牝,2020,渡辺 美咲,54.0,28,0.271,0.124,0.641,5
236,レース0236,2025-03-20,阪神,1600,TURF,2勝,3,2,H0002816,ウマ2816,牝,2021,伊藤 翼,54.0,6,0.073,0.132,0.807,6
236,レース0236,2025-03-20,阪神,1600,TURF,2勝,4,2,H0002817,ウマ2817,牡,2021,小林 蓮,58.0,27,0.164,0.217,0.457,11
236,レース0236,2025-03-20,阪神,1600,TURF,2勝,5,3,H0002818,ウマ2818,牝,2022,高橋 大輔,57.0,13,0.23,0.17,0.543,8
236,レース0236,2025-03-20,阪神,1600,TURF,2勝,6,3,H0002819,ウマ2819,セ,2022,渡辺 美咲,55.0,26,0.211,0.194,0.397,7
236,レース0236,2025-03-20,阪神,1600,TURF,2勝,7,4,H0002820,ウマ2820,セ,2020,伊藤 翼,57.0,6,0.0,0.13,0.699,15
236,レース0236,2025-03-20,阪神,1600,TURF,2勝,8,4,H0002821,ウマ2821,セ,2022,加藤 楓,57.0,10,0.16,0.148,0.323,9
236,レース0236,2025-03-20,阪神,1600,TURF,2勝,9,5,H0002822,ウマ2822,牝,2022,中村 駿,56.0,10,0.041,0.115,0.661,14
236,レース0236,2025-03-20,阪神,1600,TURF,2勝,10,5,H0002823,ウマ2823,セ,2021,山本 陽,58.0,23,0.17,0.12,0.589,13
236,レース0236,2025-03-20,阪神,1600,TURF,2勝,11,6,H0002824,ウマ2824,牡,2021,鈴木 花子,58.0,14,0.092,0.136,0.796,4
236,レース0236,2025-03-20,阪神,1600,TURF,2勝,12,6,H0002825,ウマ2825,セ,2021,鈴木 花子,58.0,3,0.266,0.072,0.467,10
236,レース0236,2025-03-20,阪神,1600,TURF,2勝,13,7,H0002826,ウマ2826,牝,2020,小林 蓮,55.0,25,0.18,0.132,0.761,3
236,レース0236,2025-03-20,阪神,1600,TURF,2勝,14,7,H0002827,ウマ2827,牝,2022,田中 一郎,58.0,20,0.265,0.211,0.631,1
236,レース0236,2025-03-20,阪神,1600,TURF,2勝,15,8,H0002828,ウマ2828,牡,2020,鈴木 花子,56.0,12,0.181,0.169,0.442,12
237,レース0237,2025-03-11,中山,1800,DIRT,1勝,1,1,H0002829,ウマ2829,セ,2021,渡辺 美咲,55.0,27,0.073,0.056,0.545,13
237,レース0237,2025-03-11,中山,1800,DIRT,1勝,2,1,H0002830,ウマ2830,牝,2020,山本 陽,55.0,30,0.0,0.038,0.775,10
237,レース0237,2025-03-11,中山,1800,DIRT,1勝,3,2,H0002831,ウマ2831,セ,2020,鈴木 花子,58.0,8,0.224,0.064,0.511,11
237,レース0237,2025-03-11,中山,1800,DIRT,1勝,4,2,H0002832,ウマ2832,セ,2021,鈴木 花子,57.0,22,0.24,0.081,0.332,8
237,レース0237,2025-03-11,中山,1800,DIRT,1勝,5,3,H0002833,ウマ2833,牝,2020,山本 陽,58.0,6,0.0,0.211,0.819,7
237,レース0237,2025-03-11,中山,1800,DIRT,1勝,6,3,H0002834,ウマ2834,セ,2020,鈴木 花子,54.0,15,0.202,0.252,0.642,3
237,レース0237,2025-03-11,中山,1800,DIRT,1勝,7,4,H0002835,ウマ2835,牡,2020,高橋 大輔,54.0,10,0.191,0.093,0.316,9
237,レース0237,2025-03-11,中山,1800,DIRT,1勝,8,4,H0002836,ウマ2836,牝,2021,高橋 大輔,57.0,24,0.093,0.124,0.692,2
237,レース0237,2025-03-11,中山,1800,DIRT,1勝,9,5,H0002837,ウマ2837,牝,2020,田中 一郎,58.0,5,0.156,0.218,0.484,5
237,レース0237,2025-03-11,中山,1800,DIRT,1勝,10,5,H0002838,ウマ2838,牝,2022,鈴木 花子,55.0,6,0.345,0.169,0.392,6
237,レース0237,2025-03-11,中山,1800,DIRT,1勝,11,6,H0002839,ウマ2839,牡,2021,佐藤 健,54.0,4,0.0,0.21,0.3,14
237,レース0237,2025-03-11,中山,1800,DIRT,1勝,12,6,H0002840,ウマ2840,牡,2021,加藤 楓,57.0,4,0.113,0.168,0.738,1
237,レース0237,2025-03-11,中山,1800,DIRT,1勝,13,7,H0002841,ウマ2841,牡,2021,加藤 楓,56.0,26,0.18,0.111,0.513,12
237,レース0237,2025-03-11,中山,1800,DIRT,1勝,14,7,H0002842,ウマ2842,牡,2020,渡辺 美咲,56.0,9,0.162,0.169,0.489,4
238,レース0238,2025-10-22,阪神,2400,TURF,未勝利,1,1,H0002843,ウマ2843,牡,2021,小林 蓮,58.0,6,0.321,0.184,0.624,3
238,レース0238,2025-10-22,阪神,2400,TURF,未勝利,2,1,H0002844,ウマ2844,牡,2022,鈴木 花子,57.0,21,0.162,0.194,0.255,8
238,レース0238,2025-10-22,阪神,2400,TURF,未勝利,3,2,H0002845,ウマ2845,セ,2020,佐藤 健,56.0,19,0.095,0.03,0.796,4
238,レース0238,2025-10-22,阪神,2400,TURF,未勝利,4,2,H0002846,ウマ2846,牡,2022,小林 蓮,56.0,30,0.0,0.061,0.46,9
238,レース0238,2025-10-22,阪神,2400,TURF,未勝利,5,3,H0002847,ウマ2847,セ,2020,中村 駿,54.0,18,0.127,0.098,0.902,2
238,レース0238,2025-10-22,阪神,2400,TURF,未勝利,6,3,H0002848,ウマ2848,牝,2020,山本 陽,57.0,5,0.066,0.158,0.41,6
238,レース0238,2025-10-22,阪神,2400,TURF,未勝利,7,4,H0002849,ウマ2849,牡,2022,中村 駿,57.0,6,0.191,0.218,0.903,1
238,レース0238,2025-10-22,阪神,2400,TURF,未勝利,8,4,H0002850,ウマ2850,牡,2020,渡辺 美咲,55.0,12,0.277,0.167,0.0,7
238,レース0238,2025-10-22,阪神,2400,TURF,未勝利,9,5,H0002851,ウマ2851,牝,2022,中村 駿,55.0,24,0.206,0.116,0.582,5
239,レース0239,2025-06-11,阪神,1800,TURF,3勝,1,1,H0002852,ウマ2852,牡,2020,佐藤 健,57.0,23,0.382,0.152,0.688,1
239,レース0239,2025-06-11,阪神,1800,TURF,3勝,2,1,H0002853,ウマ2853,セ,2022,山本 陽,57.0,11,0.112,0.174,0.701,6
239,レース0239,2025-06-11,阪神,1800,TURF,3勝,3,2,H0002854,ウマ2854,セ,2021,加藤 楓,56.0,21,0.0,0.03,0.498,10
239,レース0239,2025-06-11,阪神,1800,TURF,3勝,4,2,H0002855,ウマ2855,セ,2022,渡辺 美咲,54.0,16,0.301,0.122,0.595,4
239,レース0239,2025-06-11,阪神,1800,TURF,3勝,5,3,H0002856,ウマ2856,牝,2022,伊藤 翼,57.0,7,0.177,0.03,0.678,9
239,レース0239,2025-06-11,阪神,1800,TURF,3勝,6,3,H0002857,ウマ2857,牡,2022,渡辺 美咲,55.0,15,0.214,0.104,0.501,8
239,レース0239,2025-06-11,阪神,1800,TURF,3勝,7,4,H0002858,ウマ2858,セ,2020,鈴木 花子,54.0,12,0.151,0.104,0.653,7
239,レース0239,2025-06-11,阪神,1800,TURF,3勝,8,4,H0002859,ウマ2859,牝,2022,中村 駿,54.0,30,0.263,0.074,0.497,3
239,レース0239,2025-06-11,阪神,1800,TURF,3勝,9,5,H0002860,ウマ2860,牡,2020,田中 一郎,58.0,23,0.35,0.136,0.597,5
239,レース0239,2025-06-11,阪神,1800,TURF,3勝,10,5,H0002861,ウマ2861,牡,2021,佐藤 健,56.0,20,0.272,0.124,0.489,2
240,レース0240,2025-04-17,東京,1800,DIRT,G3,1,1,H0002862,ウマ2862,牡,2022,佐藤 健,55.0,8,0.172,0.125,0.46,8
240,レース0240,2025-04-17,東京,1800,DIRT,G3,2,1,H0002863,ウマ2863,セ,2020,渡辺 美咲,56.0,22,0.204,0.156,0.695,1
240,レース0240,2025-04-17,東京,1800,DIRT,G3,3,2,H0002864,ウマ2864,牡,2022,加藤 楓,54.0,11,0.186,0.095,0.468,7
240,レース0240,2025-04-17,東京,1800,DIRT,G3,4,2,H0002865,ウマ2865,牡,2021,田中 一郎,54.0,29,0.025,0.157,0.602,5
240,レース0240,2025-04-17,東京,1800,DIRT,G3,5,3,H0002866,ウマ2866,牝,2020,佐藤 健,55.0,27,0.367,0.182,0.302,2
240,レース0240,2025-04-17,東京,1800,DIRT,G3,6,3,H0002867,ウマ2867,セ,2022,渡辺 美咲,57.0,18,0.105,0.078,0.57,9
240,レース0240,2025-04-17,東京,1800,DIRT,G3,7,4,H0002868,ウマ2868,牡,2020,加藤 楓,57.0,3,0.175,0.116,0.532,4
240,レース0240,2025-04-17,東京,1800,DIRT,G3,8,4,H0002869,ウマ2869,牡,2022,渡辺 美咲,56.0,30,0.192,0.121,0.472,6
240,レース0240,2025-04-17,東京,1800,DIRT,G3,9,5,H0002870,ウマ2870,牡,2022,伊藤 翼,58.0,12,0.299,0.135,0.234,3
240,レース0240,2025-04-17,東京,1800,DIRT,G3,10,5,H0002871,ウマ2871,牡,2020,加藤 楓,55.0,24,0.089,0.14,0.27,10
241,レース0241,2025-04-25,中京,1200,TURF,1勝,1,1,H0002872,ウマ2872,牡,2022,高橋 大輔,58.0,17,0.222,0.051,0.971,1
241,レース0241,2025-04-25,中京,1200,TURF,1勝,2,1,H0002873,ウマ2873,セ,2021,伊藤 翼,58.0,10,0.035,0.099,0.51,15
241,レース0241,2025-04-25,中京,1200,TURF,1勝,3,2,H0002874,ウマ2874,牝,2022,渡辺 美咲,58.0,14,0.145,0.152,0.386,16
241,レース0241,2025-04-25,中京,1200,TURF,1勝,4,2,H0002875,ウマ2875,牝,2020,山本 陽,54.0,26,0.316,0.085,0.421,6
241,レース0241,2025-04-25,中京,1200,TURF,1勝,5,3,H0002876,ウマ2876,牡,2022,伊藤 翼,57.0,14,0.138,0.182,0.551,8
241,レース0241,2025-04-25,中京,1200,TURF,1勝,6,3,H0002877,ウマ2877,牡,2021,渡辺 美咲,57.0,16,0.266,0.093,0.61,9
241,レース0241,2025-04-25,中京,1200,TURF,1勝,7,4,H0002878,ウマ2878,牡,2020,中村 駿,56.0,13,0.09,0.095,0.583,14
241,レース0241,2025-04-25,中京,1200,TURF,1勝,8,4,H0002879,ウマ2879,セ,2022,田中 一郎,58.0,7,0.238,0.171,0.718,5
241,レース0241,2025-04-25,中京,1200,TURF,1勝,9,5,H0002880,ウマ2880,牝,2022,中村 駿,58.0,22,0.138,0.086,0.749,10
241,レース0241,2025-04-25,中京,1200,TURF,1勝,10,5,H0002881,ウマ2881,牝,2020,渡辺 美咲,56.0,28,0.083,0.083,0.638,13
241,レース0241,2025-04-25,中京,1200,TURF,1勝,11,6,H0002882,ウマ2882,牡,2022,佐藤 健,56.0,11,0.119,0.135,0.533,11
241,レース0241,2025-04-25,中京,1200,TURF,1勝,12,6,H0002883,ウマ2883,牡,2021,鈴木 花子,54.0,26,0.215,0.168,0.596,2
241,レース0241,2025-04-25,中京,1200,TURF,1勝,13,7,H0002884,ウマ2884,牝,2022,渡辺 美咲,57.0,13,0.181,0.112,0.668,4
241,レース0241,2025-04-25,中京,1200,TURF,1勝,14,7,H0002885,ウマ2885,セ,2021,田中 一郎,55.0,8,0.012,0.155,0.513,12
241,レース0241,2025-04-25,中京,1200,TURF,1勝,15,8,H0002886,ウマ2886,牡,2020,佐藤 健,54.0,22,0.169,0.122,0.72,7
241,レース0241,2025-04-25,中京,1200,TURF,1勝,16,8,H0002887,ウマ2887,牝,2022,加藤 楓,55.0,28,0.218,0.058,0.521,3
242,レース0242,2025-05-01,中京,1400,DIRT,G1,1,1,H0002888,ウマ2888,セ,2022,山本 陽,57.0,5,0.235,0.153,0.498,5
242,レース0242,2025-05-01,中京,1400,DIRT,G1,2,1,H0002889,ウマ2889,牡,2021,鈴木 花子,55.0,16,0.142,0.138,0.52,3
242,レース0242,2025-05-01,中京,1400,DIRT,G1,3,2,H0002890,ウマ2890,牝,2022,高橋 大輔,55.0,21,0.23,0.03,0.642,1
242,レース0242,2025-05-01,中京,1400,DIRT,G1,4,2,H0002891,ウマ2891,牡,2021,田中 一郎,54.0,9,0.221,0.176,0.388,7
242,レース0242,2025-05-01,中京,1400,DIRT,G1,5,3,H0002892,ウマ2892,牝,2022,渡辺 美咲,55.0,3,0.118,0.156,0.64,4
242,レース0242,2025-05-01,中京,1400,DIRT,G1,6,3,H0002893,ウマ2893,セ,2020,高橋 大輔,54.0,14,0.191,0.144,0.747,2
242,レース0242,2025-05-01,中京,1400,DIRT,G1,7,4,H0002894,ウマ2894,牡,2020,田中 一郎,57.0,23,0.247,0.087,0.408,9
242,レース0242,2025-05-01,中京,1400,DIRT,G1,8,4,H0002895,ウマ2895,牝,2021,伊藤 翼,57.0,25,0.32,0.141,0.436,6
242,レース0242,2025-05-01,中京,1400,DIRT,G1,9,5,H0002896,ウマ2896,セ,2021,田中 一郎,56.0,26,0.103,0.07,0.561,8
242,レース0242,2025-05-01,中京,1400,DIRT,G1,10,5,H0002897,ウマ2897,牝,2022,高橋 大輔,54.0,7,0.0,0.184,0.588,10
243,レース0243,2025-08-26,東京,2400,DIRT,未勝利,1,1,H0002898,ウマ2898,牝,2022,伊藤 翼,56.0,29,0.134,0.111,0.535,7
243,レース0243,2025-08-26,東京,2400,DIRT,未勝利,2,1,H0002899,ウマ2899,セ,2022,鈴木 花子,56.0,5,0.18,0.138,0.535,5
243,レース0243,2025-08-26,東京,2400,DIRT,未勝利,3,2,H0002900,ウマ2900,セ,2021,渡辺 美咲,57.0,4,0.056,0.065,0.124,9
243,レース0243,2025-08-26,東京,2400,DIRT,未勝利,4,2,H0002901,ウマ2901,セ,2020,加藤 楓,54.0,5,0.106,0.191,0.368,10
243,レース0243,2025-08-26,東京,2400,DIRT,未勝利,5,3,H0002902,ウマ2902,牝,2022,鈴木 花子,57.0,28,0.058,0.161,0.316,11
243,レース0243,2025-08-26,東京,2400,DIRT,未勝利,6,3,H0002903,ウマ2903,セ,2022,小林 蓮,54.0,3,0.174,0.113,0.596,4
243,レース0243,2025-08-26,東京,2400,DIRT,未勝利,7,4,H0002904,ウマ2904,牡,2020,佐藤 健,57.0,9,0.205,0.059,0.77,2
243,レース0243,2025-08-26,東京,2400,DIRT,未勝利,8,4,H0002905,ウマ2905,セ,2022,伊藤 翼,55.0,23,0.161,0.107,0.486,6
243,レース0243,2025-08-26,東京,2400,DIRT,未勝利,9,5,H0002906,ウマ2906,牝,2020,山本 陽,57.0,12,0.221,0.078,0.535,8
243,レース0243,2025-08-26,東京,2400,DIRT,未勝利,10,5,H0002907,ウマ2907,牡,2022,加藤 楓,56.0,21,0.189,0.143,0.675,1
243,レース0243,2025-08-26,東京,2400,DIRT,未勝利,11,6,H0002908,ウマ2908,牡,2020,佐藤 健,55.0,11,0.155,0.154,0.494,3
244,レース0244,2025-03-16,京都,1800,DIRT,OP,1,1,H0002909,ウマ2909,セ,2021,中村 駿,58.0,13,0.183,0.068,0.54,12
244,レース0244,2025-03-16,京都,1800,DIRT,OP,2,1,H0002910,ウマ2910,セ,2020,田中 一郎,56.0,6,0.284,0.036,0.391,6
244,レース0244,2025-03-16,京都,1800,DIRT,OP,3,2,H0002911,ウマ2911,牝,2021,伊藤 翼,56.0,8,0.239,0.153,0.777,3
244,レース0244,2025-03-16,京都,1800,DIRT,OP,4,2,H0002912,ウマ2912,牝,2020,佐藤 健,55.0,18,0.06,0.039,0.701,10
244,レース0244,2025-03-16,京都,1800,DIRT,OP,5,3,H0002913,ウマ2913,牝,2022,中村 駿,55.0,13,0.21,0.167,0.669,4
244,レース0244,2025-03-16,京都,1800,DIRT,OP,6,3,H0002914,ウマ2914,牝,2022,小林 蓮,57.0,19,0.158,0.175,0.475,2
244,レース0244,2025-03-16,京都,1800,DIRT,OP,7,4,H0002915,ウマ2915,牝,2020,田中 一郎,58.0,12,0.154,0.181,0.719,8
244,レース0244,2025-03-16,京都,1800,DIRT,OP,8,4,H0002916,ウマ2916,セ,2020,山本 陽,54.0,16,0.322,0.107,0.604,1
244,レース0244,2025-03-16,京都,1800,DIRT,OP,9,5,H0002917,ウマ2917,牡,2021,中村 駿,54.0,25,0.128,0.185,0.506,5
244,レース0244,2025-03-16,京都,1800,DIRT,OP,10,5,H0002918,ウマ2918,セ,2020,山本 陽,55.0,17,0.218,0.063,0.562,7
244,レース0244,2025-03-16,京都,1800,DIRT,OP,11,6,H0002919,ウマ2919,セ,2020,伊藤 翼,55.0,16,0.126,0.112,0.493,13
244,レース0244,2025-03-16,京都,1800,DIRT,OP,12,6,H0002920,ウマ2920,牡,2021,小林 蓮,54.0,17,0.115,0.18,0.357,14
244,レース0244,2025-03-16,京都,1800,DIRT,OP,13,7,H0002921,ウマ2921,牝,2021,山本 陽,54.0,17,0.011,0.099,0.806,11
244,レース0244,2025-03-16,京都,1800,DIRT,OP,14,7,H0002922,ウマ2922,牝,2022,田中 一郎,54.0,17,0.125,0.147,0.474,9
245,レース0245,2025-02-10,中山,2400,TURF,G3,1,1,H0002923,ウマ2923,牡,2021,佐藤 健,55.0,25,0.05,0.152,1.0,1
245,レース0245,2025-02-10,中山,2400,TURF,G3,2,1,H0002924,ウマ2924,セ,2021,小林 蓮,56.0,15,0.094,0.191,0.63,4
245,レース0245,2025-02-10,中山,2400,TURF,G3,3,2,H0002925,ウマ2925,セ,2021,高橋 大輔,55.0,3,0.19,0.076,0.404,6
245,レース0245,2025-02-10,中山,2400,TURF,G3,4,2,H0002926,ウマ2926,牡,2022,加藤 楓,55.0,12,0.236,0.243,0.9,2
245,レース0245,2025-02-10,中山,2400,TURF,G3,5,3,H0002927,ウマ2927,牡,2021,小林 蓮,58.0,24,0.109,0.129,0.445,8
245,レース0245,2025-02-10,中山,2400,TURF,G3,6,3,H0002928,ウマ2928,セ,2022,山本 陽,58.0,15,0.225,0.12,0.532,5
245,レース0245,2025-02-10,中山,2400,TURF,G3,7,4,H0002929,ウマ2929,セ,2022,伊藤 翼,54.0,22,0.032,0.131,0.655,3
245,レース0245,2025-02-10,中山,2400,TURF,G3,8,4,H0002930,ウマ2930,セ,2021,中村 駿,58.0,11,0.211,0.221,0.362,7
246,レース0246,2025-10-12,東京,1400,TURF,3勝,1,1,H0002931,ウマ2931,牡,2020,鈴木 花子,54.0,13,0.183,0.108,0.435,3
246,レース0246,2025-10-12,東京,1400,TURF,3勝,2,1,H0002932,ウマ2932,セ,2022,田中 一郎,56.0,20,0.156,0.124,0.634,2
246,レース0246,2025-10-12,東京,1400,TURF,3勝,3,2,H0002933,ウマ2933,セ,2020,田中 一郎,54.0,12,0.225,0.106,0.338,8
246,レース0246,2025-10-12,東京,1400,TURF,3勝,4,2,H0002934,ウマ2934,セ,2021,鈴木 花子,56.0,24,0.164,0.164,0.6,4
246,レース0246,2025-10-12,東京,1400,TURF,3勝,5,3,H0002935,ウマ2935,牡,2021,伊藤 翼,56.0,17,0.198,0.174,0.29,7
246,レース0246,2025-10-12,東京,1400,TURF,3勝,6,3,H0002936,ウマ2936,セ,2020,鈴木 花子,55.0,15,0.162,0.105,0.743,5
246,レース0246,2025-10-12,東京,1400,TURF,3勝,7,4,H0002937,ウマ2937,牡,2020,山本 陽,57.0,4,0.102,0.126,0.533,6
246,レース0246,2025-10-12,東京,1400,TURF,3勝,8,4,H0002938,ウマ2938,セ,2022,加藤 楓,54.0,23,0.223,0.161,0.716,1
247,レース0247,2025-02-12,阪神,1800,TURF,G2,1,1,H0002939,ウマ2939,セ,2022,小林 蓮,57.0,29,0.091,0.125,0.766,10
247,レース0247,2025-02-12,阪神,1800,TURF,G2,2,1,H0002940,ウマ2940,セ,2020,高橋 大輔,58.0,8,0.167,0.156,0.381,9
247,レース0247,2025-02-12,阪神,1800,TURF,G2,3,2,H0002941,ウマ2941,セ,2020,渡辺 美咲,54.0,9,0.092,0.159,0.703,7
247,レース0247,2025-02-12,阪神,1800,TURF,G2,4,2,H0002942,ウマ2942,牝,2021,小林 蓮,54.0,25,0.2,0.127,0.808,1
247,レース0247,2025-02-12,阪神,1800,TURF,G2,5,3,H0002943,ウマ2943,セ,2022,佐藤 健,55.0,12,0.231,0.169,0.462,4
247,レース0247,2025-02-12,阪神,1800,TURF,G2,6,3,H0002944,ウマ2944,セ,2021,渡辺 美咲,55.0,20,0.23,0.157,0.703,3
247,レース0247,2025-02-12,阪神,1800,TURF,G2,7,4,H0002945,ウマ2945,牝,2022,高橋 大輔,57.0,3,0.311,0.15,0.412,5
247,レース0247,2025-02-12,阪神,1800,TURF,G2,8,4,H0002946,ウマ2946,セ,2021,高橋 大輔,54.0,8,0.163,0.164,0.264,11
247,レース0247,2025-02-12,阪神,1800,TURF,G2,9,5,H0002947,ウマ2947,セ,2020,伊藤 翼,58.0,13,0.261,0.098,0.374,8
247,レース0247,2025-02-12,阪神,1800,TURF,G2,10,5,H0002948,ウマ2948,牡,2022,渡辺 美咲,54.0,12,0.192,0.174,0.623,6
247,レース0247,2025-02-12,阪神,1800,TURF,G2,11,6,H0002949,ウマ2949,牡,2022,山本 陽,55.0,18,0.0,0.189,0.776,2
248,レース0248,2025-08-26,東京,1400,DIRT,G3,1,1,H0002950,ウマ2950,セ,2021,佐藤 健,54.0,13,0.183,0.076,0.581,6
248,レース0248,2025-08-26,東京,1400,DIRT,G3,2,1,H0002951,ウマ2951,セ,2020,田中 一郎,55.0,17,0.281,0.189,0.316,8
248,レース0248,2025-08-26,東京,1400,DIRT,G3,3,2,H0002952,ウマ2952,セ,2021,佐藤 健,54.0,9,0.014,0.154,0.494,5
248,レース0248,2025-08-26,東京,1400,DIRT,G3,4,2,H0002953,ウマ2953,セ,2021,小林 蓮,54.0,18,0.159,0.17,0.606,4
248,レース0248,2025-08-26,東京,1400,DIRT,G3,5,3,H0002954,ウマ2954,セ,2022,山本 陽,57.0,23,0.312,0.188,0.689,1
248,レース0248,2025-08-26,東京,1400,DIRT,G3,6,3,H0002955,ウマ2955,牝,2021,伊藤 翼,57.0,4,0.094,0.138,0.502,7
248,レース0248,2025-08-26,東京,1400,DIRT,G3,7,4,H0002956,ウマ2956,牡,2020,伊藤 翼,57.0,27,0.087,0.067,0.37,9
248,レース0248,2025-08-26,東京,1400,DIRT,G3,8,4,H0002957,ウマ2957,セ,2021,渡辺 美咲,56.0,9,0.178,0.139,0.526,2
248,レース0248,2025-08-26,東京,1400,DIRT,G3,9,5,H0002958,ウマ2958,牡,2022,鈴木 花子,55.0,27,0.13,0.143,0.303,10
248,レース0248,2025-08-26,東京,1400,DIRT,G3,10,5,H0002959,ウマ2959,牝,2022,高橋 大輔,56.0,16,0.166,0.274,0.492,3
249,レース0249,2025-02-11,東京,1800,DIRT,G2,1,1,H0002960,ウマ2960,セ,2020,中村 駿,54.0,3,0.085,0.206,0.615,7
249,レース0249,2025-02-11,東京,1800,DIRT,G2,2,1,H0002961,ウマ2961,牝,2021,山本 陽,55.0,17,0.203,0.132,0.362,6
249,レース0249,2025-02-11,東京,1800,DIRT,G2,3,2,H0002962,ウマ2962,牝,2022,加藤 楓,55.0,25,0.247,0.203,0.245,8
249,レース0249,2025-02-11,東京,1800,DIRT,G2,4,2,H0002963,ウマ2963,牝,2022,鈴木 花子,56.0,29,0.208,0.186,0.648,4
249,レース0249,2025-02-11,東京,1800,DIRT,G2,5,3,H0002964,ウマ2964,セ,2021,伊藤 翼,58.0,24,0.211,0.129,0.684,1
249,レース0249,2025-02-11,東京,1800,DIRT,G2,6,3,H0002965,ウマ2965,セ,2021,中村 駿,57.0,14,0.261,0.05,0.672,3
249,レース0249,2025-02-11,東京,1800,DIRT,G2,7,4,H0002966,ウマ2966,牝,2021,山本 陽,56.0,8,0.189,0.167,0.723,5
249,レース0249,2025-02-11,東京,1800,DIRT,G2,8,4,H0002967,ウマ2967,セ,2022,佐藤 健,54.0,3,0.285,0.126,0.559,2
250,レース0250,2025-11-24,阪神,1200,TURF,3勝,1,1,H0002968,ウマ2968,セ,2021,伊藤 翼,54.0,9,0.185,0.123,0.574,9
250,レース0250,2025-11-24,阪神,1200,TURF,3勝,2,1,H0002969,ウマ2969,セ,2022,高橋 大輔,55.0,10,0.227,0.078,0.886,4
250,レース0250,2025-11-24,阪神,1200,TURF,3勝,3,2,H0002970,ウマ2970,セ,2020,田中 一郎,55.0,5,0.327,0.108,0.72,5
250,レース0250,2025-11-24,阪神,1200,TURF,3勝,4,2,H0002971,ウマ2971,牡,2022,小林 蓮,58.0,19,0.206,0.121,0.607,8
250,レース0250,2025-11-24,阪神,1200,TURF,3勝,5,3,H0002972,ウマ2972,セ,2020,佐藤 健,56.0,19,0.187,0.133,0.56,7
250,レース0250,2025-11-24,阪神,1200,TURF,3勝,6,3,H0002973,ウマ2973,セ,2020,山本 陽,54.0,24,0.044,0.034,0.322,16
250,レース0250,2025-11-24,阪神,1200,TURF,3勝,7,4,H0002974,ウマ2974,セ,2020,小林 蓮,54.0,16,0.37,0.208,0.642,1
250,レース0250,2025-11-24,阪神,1200,TURF,3勝,8,4,H0002975,ウマ2975,牡,2020,佐藤 健,54.0,24,0.12,0.147,0.454,11
250,レース0250,2025-11-24,阪神,1200,TURF,3勝,9,5,H0002976,ウマ2976,セ,2021,小林 蓮,56.0,25,0.207,0.09,0.386,10
250,レース0250,2025-11-24,阪神,1200,TURF,3勝,10,5,H0002977,ウマ2977,牡,2020,渡辺 美咲,55.0,24,0.333,0.12,0.758,6
250,レース0250,2025-11-24,阪神,1200,TURF,3勝,11,6,H0002978,ウマ2978,セ,2021,小林 蓮,55.0,9,0.03,0.097,0.513,15
250,レース0250,2025-11-24,阪神,1200,TURF,3勝,12,6,H0002979,ウマ2979,牡,2022,伊藤 翼,58.0,7,0.081,0.088,0.525,13
250,レース0250,2025-11-24,阪神,1200,TURF,3勝,13,7,H0002980,ウマ2980,セ,2021,田中 一郎,57.0,27,0.228,0.096,0.337,3
250,レース0250,2025-11-24,阪神,1200,TURF,3勝,14,7,H0002981,ウマ2981,牝,2021,佐藤 健,54.0,24,0.168,0.079,0.345,14
250,レース0250,2025-11-24,阪神,1200,TURF,3勝,15,8,H0002982,ウマ2982,牡,2021,加藤 楓,55.0,19,0.189,0.041,0.487,12
250,レース0250,2025-11-24,阪神,1200,TURF,3勝,16,8,H0002983,ウマ2983,セ,2020,小林 蓮,57.0,15,0.291,0.089,0.837,2
251,レース0251,2025-07-14,中京,1400,TURF,1勝,1,1,H0002984,ウマ2984,セ,2022,高橋 大輔,58.0,17,0.202,0.042,0.667,8
251,レース0251,2025-07-14,中京,1400,TURF,1勝,2,1,H0002985,ウマ2985,セ,2022,加藤 楓,55.0,22,0.156,0.113,0.288,9
251,レース0251,2025-07-14,中京,1400,TURF,1勝,3,2,H0002986,ウマ2986,牝,2022,加藤 楓,58.0,6,0.282,0.172,0.551,3
251,レース0251,2025-07-14,中京,1400,TURF,1勝,4,2,H0002987,ウマ2987,セ,2021,中村 駿,57.0,12,0.234,0.164,0.351,6
251,レース0251,2025-07-14,中京,1400,TURF,1勝,5,3,H0002988,ウマ2988,セ,2022,田中 一郎,58.0,13,0.195,0.224,0.604,2
251,レース0251,2025-07-14,中京,1400,TURF,1勝,6,3,H0002989,ウマ2989,牡,2021,渡辺 美咲,54.0,18,0.214,0.134,0.447,1
251,レース0251,2025-07-14,中京,1400,TURF,1勝,7,4,H0002990,ウマ2990,牡,2022,渡辺 美咲,54.0,30,0.0,0.099,0.513,4
251,レース0251,2025-07-14,中京,1400,TURF,1勝,8,4,H0002991,ウマ2991,牝,2022,中村 駿,54.0,4,0.051,0.184,0.36,7
251,レース0251,2025-07-14,中京,1400,TURF,1勝,9,5,H0002992,ウマ2992,セ,2020,伊藤 翼,54.0,11,0.159,0.198,0.64,5
251,レース0251,2025-07-14,中京,1400,TURF,1勝,10,5,H0002993,ウマ2993,牝,2020,高橋 大輔,57.0,23,0.074,0.09,0.356,10
252,レース0252,2025-02-24,中山,1200,TURF,G2,1,1,H0002994,ウマ2994,セ,2021,田中 一郎,54.0,18,0.166,0.163,0.436,7
252,レース0252,2025-02-24,中山,1200,TURF,G2,2,1,H0002995,ウマ2995,牡,2020,高橋 大輔,58.0,30,0.161,0.194,0.729,4
252,レース0252,2025-02-24,中山,1200,TURF,G2,3,2,H0002996,ウマ2996,牡,2021,佐藤 健,54.0,4,0.162,0.155,0.777,2
252,レース0252,2025-02-24,中山,1200,TURF,G2,4,2,H0002997,ウマ2997,牡,2021,中村 駿,55.0,7,0.401,0.141,0.527,1
252,レース0252,2025-02-24,中山,1200,TURF,G2,5,3,H0002998,ウマ2998,牝,2022,伊藤 翼,57.0,3,0.166,0.125,0.875,3
252,レース0252,2025-02-24,中山,1200,TURF,G2,6,3,H0002999,ウマ2999,セ,2022,渡辺 美咲,56.0,16,0.154,0.088,0.756,6
252,レース0252,2025-02-24,中山,1200,TURF,G2,7,4,H0003000,ウマ3000,牝,2022,小林 蓮,56.0,28,0.088,0.082,0.196,8
252,レース0252,2025-02-24,中山,1200,TURF,G2,8,4,H0003001,ウマ3001,牡,2021,中村 駿,56.0,23,0.214,0.2,0.547,5
253,レース0253,2025-11-24,中京,1600,DIRT,OP,1,1,H0003002,ウマ3002,牡,2022,渡辺 美咲,56.0,23,0.267,0.171,0.396,7
253,レース0253,2025-11-24,中京,1600,DIRT,OP,2,1,H0003003,ウマ3003,牝,2021,加藤 楓,57.0,13,0.089,0.115,0.65,11
253,レース0253,2025-11-24,中京,1600,DIRT,OP,3,2,H0003004,ウマ3004,セ,2021,田中 一郎,57.0,19,0.259,0.131,0.594,6
253,レース0253,2025-11-24,中京,1600,DIRT,OP,4,2,H0003005,ウマ3005,セ,2022,高橋 大輔,57.0,24,0.241,0.106,0.752,2
253,レース0253,2025-11-24,中京,1600,DIRT,OP,5,3,H0003006,ウマ3006,セ,2021,山本 陽,55.0,25,0.337,0.148,0.429,1
253,レース0253,2025-11-24,中京,1600,DIRT,OP,6,3,H0003007,ウマ3007,牡,2021,田中 一郎,56.0,22,0.122,0.183,0.361,12
253,レース0253,2025-11-24,中京,1600,DIRT,OP,7,4,H0003008,ウマ3008,牡,2020,小林 蓮,57.0,9,0.3,0.148,0.677,5
253,レース0253,2025-11-24,中京,1600,DIRT,OP,8,4,H0003009,ウマ3009,牝,2021,高橋 大輔,58.0,26,0.142,0.24,0.566,9
253,レース0253,2025-11-24,中京,1600,DIRT,OP,9,5,H0003010,ウマ3010,セ,2021,田中 一郎,58.0,10,0.028,0.102,0.556,14
253,レース0253,2025-11-24,中京,1600,DIRT,OP,10,5,H0003011,ウマ3011,牡,2022,佐藤 健,56.0,25,0.16,0.125,0.407,13
253,レース0253,2025-11-24,中京,1600,DIRT,OP,11,6,H0003012,ウマ3012,牡,2022,鈴木 花子,56.0,12,0.218,0.128,0.533,10
253,レース0253,2025-11-24,中京,1600,DIRT,OP,12,6,H0003013,ウマ3013,セ,2022,高橋 大輔,58.0,29,0.196,0.165,0.912,3
253,レース0253,2025-11-24,中京,1600,DIRT,OP,13,7,H0003014,ウマ3014,セ,2022,鈴木 花子,56.0,6,0.258,0.14,0.757,4
253,レース0253,2025-11-24,中京,1600,DIRT,OP,14,7,H0003015,ウマ3015,牡,2021,伊藤 翼,55.0,7,0.262,0.187,0.422,8
254,レース0254,2025-02-23,阪神,1400,DIRT,2勝,1,1,H0003016,ウマ3016,セ,2022,渡辺 美咲,55.0,14,0.147,0.175,0.604,9
254,レース0254,2025-02-23,阪神,1400,DIRT,2勝,2,1,H0003017,ウマ3017,セ,2020,山本 陽,54.0,10,0.121,0.25,0.532,7
254,レース0254,2025-02-23,阪神,1400,DIRT,2勝,3,2,H0003018,ウマ3018,牝,2021,高橋 大輔,56.0,25,0.331,0.121,0.615,5
254,レース0254,2025-02-23,阪神,1400,DIRT,2勝,4,2,H0003019,ウマ3019,牡,2021,小林 蓮,55.0,9,0.158,0.134,0.559,10
254,レース0254,2025-02-23,阪神,1400,DIRT,2勝,5,3,H0003020,ウマ3020,牡,2020,渡辺 美咲,54.0,29,0.132,0.131,0.687,2
254,レース0254,2025-02-23,阪神,1400,DIRT,2勝,6,3,H0003021,ウマ3021,牝,2020,佐藤 健,55.0,27,0.0,0.15,0.491,13
254,レース0254,2025-02-23,阪神,1400,DIRT,2勝,7,4,H0003022,ウマ3022,セ,2021,中村 駿,58.0,8,0.03,0.077,0.649,16
254,レース0254,2025-02-23,阪神,1400,DIRT,2勝,8,4,H0003023,ウマ3023,牝,2020,田中 一郎,54.0,28,0.305,0.136,0.768,3
254,レース0254,2025-02-23,阪神,1400,DIRT,2勝,9,5,H0003024,ウマ3024,牡,2021,小林 蓮,58.0,4,0.223,0.193,0.212,14
254,レース0254,2025-02-23,阪神,1400,DIRT,2勝,10,5,H0003025,ウマ3025,牡,2022,中村 駿,58.0,17,0.171,0.142,0.43,11
254,レース0254,2025-02-23,阪神,1400,DIRT,2勝,11,6,H0003026,ウマ3026,牡,2021,高橋 大輔,55.0,29,0.289,0.143,0.872,1
254,レース0254,2025-02-23,阪神,1400,DIRT,2勝,12,6,H0003027,ウマ3027,牡,2022,伊藤 翼,58.0,23,0.212,0.03,0.501,12
254,レース0254,2025-02-23,阪神,1400,DIRT,2勝,13,7,H0003028,ウマ3028,牝,2021,渡辺 美咲,58.0,4,0.175,0.146,0.632,6
254,レース0254,2025-02-23,阪神,1400,DIRT,2勝,14,7,H0003029,ウマ3029,牡,2021,渡辺 美咲,54.0,27,0.212,0.108,0.68,8
254,レース0254,2025-02-23,阪神,1400,DIRT,2勝,15,8,H0003030,ウマ3030,牡,2020,渡辺 美咲,55.0,12,0.309,0.096,0.677,4
254,レース0254,2025-02-23,阪神,1400,DIRT,2勝,16,8,H0003031,ウマ3031,セ,2020,伊藤 翼,54.0,10,0.054,0.085,0.468,15
255,レース0255,2025-01-22,中京,1400,DIRT,G2,1,1,H0003032,ウマ3032,牡,2022,鈴木 花子,58.0,13,0.137,0.113,0.464,10
255,レース0255,2025-01-22,中京,1400,DIRT,G2,2,1,H0003033,ウマ3033,牝,2021,鈴木 花子,57.0,17,0.231,0.133,0.172,11
255,レース0255,2025-01-22,中京,1400,DIRT,G2,3,2,H0003034,ウマ3034,牡,2022,山本 陽,54.0,5,0.069,0.137,0.654,1
255,レース0255,2025-01-22,中京,1400,DIRT,G2,4,2,H0003035,ウマ3035,セ,2022,高橋 大輔,55.0,15,0.174,0.049,0.217,14
255,レース0255,2025-01-22,中京,1400,DIRT,G2,5,3,H0003036,ウマ3036,セ,2021,中村 駿,56.0,27,0.191,0.112,0.521,5
255,レース0255,2025-01-22,中京,1400,DIRT,G2,6,3,H0003037,ウマ3037,牝,2022,伊藤 翼,57.0,14,0.026,0.139,0.403,12
255,レース0255,2025-01-22,中京,1400,DIRT,G2,7,4,H0003038,ウマ3038,牡,2020,伊藤 翼,54.0,11,0.27,0.178,0.311,4
255,レース0255,2025-01-22,中京,1400,DIRT,G2,8,4,H0003039,ウマ3039,セ,2020,加藤 楓,57.0,18,0.175,0.137,0.569,2
255,レース0255,2025-01-22,中京,1400,DIRT,G2,9,5,H0003040,ウマ3040,牝,2022,渡辺 美咲,55.0,4,0.179,0.118,0.534,3
255,レース0255,2025-01-22,中京,1400,DIRT,G2,10,5,H0003041,ウマ3041,牡,2021,田中 一郎,54.0,22,0.218,0.168,0.304,8
255,レース0255,2025-01-22,中京,1400,DIRT,G2,11,6,H0003042,ウマ3042,セ,2021,渡辺 美咲,56.0,12,0.27,0.147,0.239,7
255,レース0255,2025-01-22,中京,1400,DIRT,G2,12,6,H0003043,ウマ3043,牡,2020,鈴木 花子,57.0,10,0.101,0.086,0.528,9
255,レース0255,2025-01-22,中京,1400,DIRT,G2,13,7,H0003044,ウマ3044,牡,2021,鈴木 花子,57.0,10,0.114,0.166,0.317,13
255,レース0255,2025-01-22,中京,1400,DIRT,G2,14,7,H0003045,ウマ3045,牡,2022,加藤 楓,55.0,8,0.183,0.178,0.675,6
256,レース0256,2025-11-24,中山,1200,TURF,OP,1,1,H0003046,ウマ3046,セ,2022,中村 駿,57.0,10,0.226,0.204,0.69,2
256,レース0256,2025-11-24,中山,1200,TURF,OP,2,1,H0003047,ウマ3047,セ,2021,高橋 大輔,54.0,26,0.17,0.133,0.287,11
256,レース0256,2025-11-24,中山,1200,TURF,OP,3,2,H0003048,ウマ3048,牝,2022,小林 蓮,58.0,16,0.148,0.124,0.57,7
256,レース0256,2025-11-24,中山,1200,TURF,OP,4,2,H0003049,ウマ3049,牡,2020,小林 蓮,56.0,3,0.153,0.132,0.644,5
256,レース0256,2025-11-24,中山,1200,TURF,OP,5,3,H0003050,ウマ3050,牡,2022,加藤 楓,56.0,29,0.187,0.079,0.602,6
256,レース0256,2025-11-24,中山,1200,TURF,OP,6,3,H0003051,ウマ3051,牡,2022,鈴木 花子,56.0,22,0.147,0.115,0.554,13
256,レース0256,2025-11-24,中山,1200,TURF,OP,7,4,H0003052,ウマ3052,牝,2021,山本 陽,56.0,18,0.19,0.123,0.807,4
256,レース0256,2025-11-24,中山,1200,TURF,OP,8,4,H0003053,ウマ3053,牝,2021,鈴木 花子,58.0,10,0.237,0.169,0.373,10
256,レース0256,2025-11-24,中山,1200,TURF,OP,9,5,H0003054,ウマ3054,セ,2022,加藤 楓,54.0,16,0.322,0.054,0.659,1
256,レース0256,2025-11-24,中山,1200,TURF,OP,10,5,H0003055,ウマ3055,牝,2021,小林 蓮,54.0,20,0.18,0.033,0.56,12
256,レース0256,2025-11-24,中山,1200,TURF,OP,11,6,H0003056,ウマ3056,牝,2020,高橋 大輔,56.0,20,0.264,0.132,0.59,3
256,レース0256,2025-11-24,中山,1200,TURF,OP,12,6,H0003057,ウマ3057,牡,2020,伊藤 翼,54.0,24,0.242,0.08,0.545,8
256,レース0256,2025-11-24,中山,1200,TURF,OP,13,7,H0003058,ウマ3058,牝,2020,小林 蓮,56.0,16,0.012,0.116,0.596,9
257,レース0257,2025-02-26,中山,1600,TURF,G2,1,1,H0003059,ウマ3059,牝,2022,高橋 大輔,54.0,6,0.029,0.153,0.505,9
257,レース0257,2025-02-26,中山,1600,TURF,G2,2,1,H0003060,ウマ3060,牝,2021,小林 蓮,57.0,3,0.129,0.03,0.225,11
257,レース0257,2025-02-26,中山,1600,TURF,G2,3,2,H0003061,ウマ3061,牝,2020,高橋 大輔,57.0,15,0.229,0.088,0.196,8
257,レース0257,2025-02-26,中山,1600,TURF,G2,4,2,H0003062,ウマ3062,牝,2022,高橋 大輔,55.0,18,0.352,0.048,0.451,6
257,レース0257,2025-02-26,中山,1600,TURF,G2,5,3,H0003063,ウマ3063,セ,2020,佐藤 健,54.0,27,0.097,0.03,0.59,4
257,レース0257,2025-02-26,中山,1600,TURF,G2,6,3,H0003064,ウマ3064,セ,2020,小林 蓮,58.0,4,0.324,0.273,0.401,3
257,レース0257,2025-02-26,中山,1600,TURF,G2,7,4,H0003065,ウマ3065,セ,2022,佐藤 健,56.0,21,0.09,0.175,0.54,10
257,レース0257,2025-02-26,中山,1600,TURF,G2,8,4,H0003066,ウマ3066,牡,2021,小林 蓮,55.0,6,0.206,0.182,0.676,2
257,レース0257,2025-02-26,中山,1600,TURF,G2,9,5,H0003067,ウマ3067,牝,2022,田中 一郎,58.0,30,0.162,0.129,0.359,5
257,レース0257,2025-02-26,中山,1600,TURF,G2,10,5,H0003068,ウマ3068,セ,2022,加藤 楓,57.0,23,0.158,0.151,0.406,7
257,レース0257,2025-02-26,中山,1600,TURF,G2,11,6,H0003069,ウマ3069,牡,2021,佐藤 健,57.0,30,0.178,0.196,0.737,1
258,レース0258,2025-05-18,東京,1200,DIRT,G2,1,1,H0003070,ウマ3070,セ,2020,加藤 楓,57.0,22,0.107,0.184,0.297,10
258,レース0258,2025-05-18,東京,1200,DIRT,G2,2,1,H0003071,ウマ3071,牡,2022,渡辺 美咲,57.0,16,0.139,0.125,0.989,3
258,レース0258,2025-05-18,東京,1200,DIRT,G2,3,2,H0003072,ウマ3072,牡,2020,山本 陽,57.0,17,0.094,0.144,0.489,7
258,レース0258,2025-05-18,東京,1200,DIRT,G2,4,2,H0003073,ウマ3073,セ,2021,山本 陽,57.0,16,0.265,0.124,0.351,6
258,レース0258,2025-05-18,東京,1200,DIRT,G2,5,3,H0003074,ウマ3074,セ,2020,加藤 楓,58.0,30,0.313,0.152,0.941,1
258,レース0258,2025-05-18,東京,1200,DIRT,G2,6,3,H0003075,ウマ3075,牡,2022,田中 一郎,57.0,6,0.136,0.068,0.341,9
258,レース0258,2025-05-18,東京,1200,DIRT,G2,7,4,H0003076,ウマ3076,牝,2021,渡辺 美咲,54.0,9,0.122,0.136,0.293,8
258,レース0258,2025-05-18,東京,1200,DIRT,G2,8,4,H0003077,ウマ3077,牡,2020,鈴木 花子,55.0,18,0.219,0.056,0.646,4
258,レース0258,2025-05-18,東京,1200,DIRT,G2,9,5,H0003078,ウマ3078,牡,2021,山本 陽,56.0,29,0.222,0.084,0.405,5
258,レース0258,2025-05-18,東京,1200,DIRT,G2,10,5,H0003079,ウマ3079,牝,2022,高橋 大輔,56.0,13,0.276,0.15,0.638,2
259,レース0259,2025-05-24,中山,1400,TURF,未勝利,1,1,H0003080,ウマ3080,牝,2020,小林 蓮,55.0,28,0.252,0.144,0.799,1
259,レース0259,2025-05-24,中山,1400,TURF,未勝利,2,1,H0003081,ウマ3081,牡,2022,伊藤 翼,58.0,29,0.156,0.224,0.515,4
259,レース0259,2025-05-24,中山,1400,TURF,未勝利,3,2,H0003082,ウマ3082,牡,2022,佐藤 健,55.0,25,0.125,0.078,0.558,5
259,レース0259,2025-05-24,中山,1400,TURF,未勝利,4,2,H0003083,ウマ3083,牝,2021,伊藤 翼,55.0,6,0.243,0.214,0.713,2
259,レース0259,2025-05-24,中山,1400,TURF,未勝利,5,3,H0003084,ウマ3084,牡,2020,渡辺 美咲,58.0,15,0.258,0.166,0.293,12
259,レース0259,2025-05-24,中山,1400,TURF,未勝利,6,3,H0003085,ウマ3085,セ,2022,渡辺 美咲,57.0,27,0.186,0.146,0.568,7
259,レース0259,2025-05-24,中山,1400,TURF,未勝利,7,4,H0003086,ウマ3086,セ,2021,渡辺 美咲,58.0,28,0.371,0.145,0.536,3
259,レース0259,2025-05-24,中山,1400,TURF,未勝利,8,4,H0003087,ウマ3087,セ,2022,山本 陽,54.0,30,0.092,0.103,0.276,14
259,レース0259,2025-05-24,中山,1400,TURF,未勝利,9,5,H0003088,ウマ3088,牡,2021,鈴木 花子,57.0,16,0.035,0.141,0.627,11
259,レース0259,2025-05-24,中山,1400,TURF,未勝利,10,5,H0003089,ウマ3089,牝,2021,田中 一郎,58.0,18,0.153,0.141,0.64,9
259,レース0259,2025-05-24,中山,1400,TURF,未勝利,11,6,H0003090,ウマ3090,牡,2022,佐藤 健,55.0,12,0.136,0.121,0.464,10
259,レース0259,2025-05-24,中山,1400,TURF,未勝利,12,6,H0003091,ウマ3091,セ,2022,高橋 大輔,56.0,28,0.217,0.153,0.718,6
259,レース0259,2025-05-24,中山,1400,TURF,未勝利,13,7,H0003092,ウマ3092,牡,2021,渡辺 美咲,55.0,12,0.334,0.149,0.377,8
259,レース0259,2025-05-24,中山,1400,TURF,未勝利,14,7,H0003093,ウマ3093,牡,2021,加藤 楓,56.0,30,0.213,0.117,0.3,13
260,レース0260,2025-04-26,中山,1400,TURF,3勝,1,1,H0003094,ウマ3094,牝,2021,鈴木 花子,58.0,6,0.144,0.155,0.403,11
260,レース0260,2025-04-26,中山,1400,TURF,3勝,2,1,H0003095,ウマ3095,牡,2022,山本 陽,57.0,12,0.127,0.078,0.273,5
260,レース0260,2025-04-26,中山,1400,TURF,3勝,3,2,H0003096,ウマ3096,セ,2022,鈴木 花子,55.0,9,0.0,0.177,0.677,9
260,レース0260,2025-04-26,中山,1400,TURF,3勝,4,2,H0003097,ウマ3097,セ,2022,山本 陽,56.0,4,0.103,0.139,0.597,1
260,レース0260,2025-04-26,中山,1400,TURF,3勝,5,3,H0003098,ウマ3098,セ,2020,田中 一郎,57.0,23,0.138,0.037,0.532,8
260,レース0260,2025-04-26,中山,1400,TURF,3勝,6,3,H0003099,ウマ3099,牡,2020,佐藤 健,58.0,10,0.208,0.177,0.465,6
260,レース0260,2025-04-26,中山,1400,TURF,3勝,7,4,H0003100,ウマ3100,牝,2022,佐藤 健,57.0,27,0.142,0.052,0.585,10
260,レース0260,2025-04-26,中山,1400,TURF,3勝,8,4,H0003101,ウマ3101,牡,2022,加藤 楓,58.0,28,0.221,0.17,0.57,7
260,レース0260,2025-04-26,中山,1400,TURF,3勝,9,5,H0003102,ウマ3102,牡,2021,佐藤 健,54.0,11,0.268,0.132,0.303,4
260,レース0260,2025-04-26,中山,1400,TURF,3勝,10,5,H0003103,ウマ3103,牡,2021,中村 駿,55.0,9,0.079,0.049,0.502,12
260,レース0260,2025-04-26,中山,1400,TURF,3勝,11,6,H0003104,ウマ3104,牡,2020,伊藤 翼,58.0,9,0.264,0.143,0.695,3
260,レース0260,2025-04-26,中山,1400,TURF,3勝,12,6,H0003105,ウマ3105,牝,2022,田中 一郎,57.0,19,0.139,0.134,0.762,2
261,レース0261,2025-04-24,京都,1400,DIRT,3勝,1,1,H0003106,ウマ3106,セ,2021,渡辺 美咲,58.0,3,0.151,0.084,0.483,4
261,レース0261,2025-04-24,京都,1400,DIRT,3勝,2,1,H0003107,ウマ3107,セ,2022,加藤 楓,56.0,28,0.122,0.14,0.566,7
261,レース0261,2025-04-24,京都,1400,DIRT,3勝,3,2,H0003108,ウマ3108,牝,2022,田中 一郎,56.0,10,0.163,0.095,0.43,6
261,レース0261,2025-04-24,京都,1400,DIRT,3勝,4,2,H0003109,ウマ3109,牝,2022,鈴木 花子,56.0,29,0.032,0.092,0.189,14
261,レース0261,2025-04-24,京都,1400,DIRT,3勝,5,3,H0003110,ウマ3110,牡,2022,加藤 楓,54.0,9,0.04,0.163,0.41,12
261,レース0261,2025-04-24,京都,1400,DIRT,3勝,6,3,H0003111,ウマ3111,牝,2020,伊藤 翼,55.0,12,0.332,0.132,0.599,1
261,レース0261,2025-04-24,京都,1400,DIRT,3勝,7,4,H0003112,ウマ3112,セ,2021,中村 駿,57.0,17,0.102,0.126,0.303,10
261,レース0261,2025-04-24,京都,1400,DIRT,3勝,8,4,H0003113,ウマ3113,セ,2020,中村 駿,54.0,21,0.075,0.094,0.548,8
261,レース0261,2025-04-24,京都,1400,DIRT,3勝,9,5,H0003114,ウマ3114,牡,2020,田中 一郎,58.0,27,0.196,0.222,0.661,3
261,レース0261,2025-04-24,京都,1400,DIRT,3勝,10,5,H0003115,ウマ3115,牝,2021,渡辺 美咲,57.0,16,0.204,0.189,0.676,5
261,レース0261,2025-04-24,京都,1400,DIRT,3勝,11,6,H0003116,ウマ3116,セ,2022,中村 駿,56.0,3,0.0,0.09,0.616,13
261,レース0261,2025-04-24,京都,1400,DIRT,3勝,12,6,H0003117,ウマ3117,セ,2020,渡辺 美咲,55.0,22,0.145,0.085,0.477,9
261,レース0261,2025-04-24,京都,1400,DIRT,3勝,13,7,H0003118,ウマ3118,牡,2021,渡辺 美咲,58.0,27,0.12,0.239,0.216,11
261,レース0261,2025-04-24,京都,1400,DIRT,3勝,14,7,H0003119,ウマ3119,牡,2021,渡辺 美咲,58.0,12,0.289,0.091,0.586,2
262,レース0262,2025-02-16,中山,1400,DIRT,1勝,1,1,H0003120,ウマ3120,牝,2020,伊藤 翼,55.0,4,0.09,0.16,0.355,6
262,レース0262,2025-02-16,中山,1400,DIRT,1勝,2,1,H0003121,ウマ3121,セ,2021,中村 駿,55.0,26,0.225,0.093,0.821,2
262,レース0262,2025-02-16,中山,1400,DIRT,1勝,3,2,H0003122,ウマ3122,牡,2022,中村 駿,56.0,27,0.163,0.153,0.705,3
262,レース0262,2025-02-16,中山,1400,DIRT,1勝,4,2,H0003123,ウマ3123,牡,2022,中村 駿,57.0,9,0.184,0.07,0.519,5
262,レース0262,2025-02-16,中山,1400,DIRT,1勝,5,3,H0003124,ウマ3124,牡,2020,鈴木 花子,54.0,30,0.246,0.109,0.7,1
262,レース0262,2025-02-16,中山,1400,DIRT,1勝,6,3,H0003125,ウマ3125,セ,2022,高橋 大輔,54.0,3,0.189,0.076,0.335,4
262,レース0262,2025-02-16,中山,1400,DIRT,1勝,7,4,H0003126,ウマ3126,牡,2022,小林 蓮,58.0,17,0.122,0.134,0.292,7
262,レース0262,2025-02-16,中山,1400,DIRT,1勝,8,4,H0003127,ウマ3127,牡,2020,高橋 大輔,57.0,26,0.128,0.169,0.175,8
263,レース0263,2025-04-21,中山,1600,DIRT,3勝,1,1,H0003128,ウマ3128,セ,2022,高橋 大輔,58.0,10,0.21,0.088,0.447,12
263,レース0263,2025-04-21,中山,1600,DIRT,3勝,2,1,H0003129,ウマ3129,牝,2020,小林 蓮,56.0,25,0.207,0.142,0.666,5
263,レース0263,2025-04-21,中山,1600,DIRT,3勝,3,2,H0003130,ウマ3130,牡,2021,伊藤 翼,57.0,11,0.166,0.189,0.225,10
263,レース0263,2025-04-21,中山,1600,DIRT,3勝,4,2,H0003131,ウマ3131,牝,2020,中村 駿,57.0,17,0.247,0.089,0.634,3
263,レース0263,2025-04-21,中山,1600,DIRT,3勝,5,3,H0003132,ウマ3132,セ,2022,小林 蓮,58.0,29,0.144,0.055,0.484,13
263,レース0263,2025-04-21,中山,1600,DIRT,3勝,6,3,H0003133,ウマ3133,牝,2022,高橋 大輔,58.0,12,0.023,0.132,0.898,9
263,レース0263,2025-04-21,中山,1600,DIRT,3勝,7,4,H0003134,ウマ3134,牡,2021,小林 蓮,55.0,28,0.142,0.172,0.309,14
263,レース0263,2025-04-21,中山,1600,DIRT,3勝,8,4,H0003135,ウマ3135,牝,2021,加藤 楓,55.0,18,0.176,0.223,0.847,2
263,レース0263,2025-04-21,中山,1600,DIRT,3勝,9,5,H0003136,ウマ3136,牝,2021,小林 蓮,55.0,14,0.206,0.122,0.689,8
263,レース0263,2025-04-21,中山,1600,DIRT,3勝,10,5,H0003137,ウマ3137,牝,2020,高橋 大輔,54.0,4,0.286,0.163,0.46,7
263,レース0263,2025-04-21,中山,1600,DIRT,3勝,11,6,H0003138,ウマ3138,牡,2022,伊藤 翼,54.0,26,0.241,0.118,0.507,6
263,レース0263,2025-04-21,中山,1600,DIRT,3勝,12,6,H0003139,ウマ3139,牝,2022,伊藤 翼,55.0,13,0.27,0.141,0.317,11
263,レース0263,2025-04-21,中山,1600,DIRT,3勝,13,7,H0003140,ウマ3140,牝,2021,高橋 大輔,56.0,13,0.266,0.135,1.0,1
263,レース0263,2025-04-21,中山,1600,DIRT,3勝,14,7,H0003141,ウマ3141,牡,2022,田中 一郎,57.0,30,0.371,0.098,0.613,4
264,レース0264,2025-02-02,京都,1200,DIRT,G2,1,1,H0003142,ウマ3142,セ,2021,中村 駿,58.0,5,0.144,0.122,0.221,5
264,レース0264,2025-02-02,京都,1200,DIRT,G2,2,1,H0003143,ウマ3143,牡,2020,加藤 楓,57.0,6,0.301,0.166,0.36,3
264,レース0264,2025-02-02,京都,1200,DIRT,G2,3,2,H0003144,ウマ3144,牝,2021,中村 駿,55.0,16,0.113,0.112,0.406,8
264,レース0264,2025-02-02,京都,1200,DIRT,G2,4,2,H0003145,ウマ3145,セ,2021,加藤 楓,54.0,18,0.309,0.167,0.364,4
264,レース0264,2025-02-02,京都,1200,DIRT,G2,5,3,H0003146,ウマ3146,牝,2021,中村 駿,57.0,20,0.198,0.11,0.422,7
264,レース0264,2025-02-02,京都,1200,DIRT,G2,6,3,H0003147,ウマ3147,牝,2022,山本 陽,55.0,14,0.286,0.078,0.723,1
264,レース0264,2025-02-02,京都,1200,DIRT,G2,7,4,H0003148,ウマ3148,牡,2022,高橋 大輔,54.0,25,0.189,0.201,0.577,6
264,レース0264,2025-02-02,京都,1200,DIRT,G2,8,4,H0003149,ウマ3149,牡,2021,伊藤 翼,57.0,29,0.197,0.21,0.447,2
265,レース0265,2025-02-09,中山,1400,DIRT,G3,1,1,H0003150,ウマ3150,牝,2020,伊藤 翼,54.0,18,0.154,0.148,0.573,9
265,レース0265,2025-02-09,中山,1400,DIRT,G3,2,1,H0003151,ウマ3151,セ,2022,加藤 楓,54.0,13,0.116,0.224,0.605,10
265,レース0265,2025-02-09,中山,1400,DIRT,G3,3,2,H0003152,ウマ3152,牡,2020,渡辺 美咲,56.0,22,0.297,0.157,0.722,1
265,レース0265,2025-02-09,中山,1400,DIRT,G3,4,2,H0003153,ウマ3153,牡,2022,小林 蓮,55.0,23,0.177,0.153,0.82,2
265,レース0265,2025-02-09,中山,1400,DIRT,G3,5,3,H0003154,ウマ3154,セ,2022,中村 駿,54.0,16,0.117,0.137,0.717,6
265,レース0265,2025-02-09,中山,1400,DIRT,G3,6,3,H0003155,ウマ3155,牡,2021,鈴木 花子,55.0,19,0.113,0.223,0.397,14
265,レース0265,2025-02-09,中山,1400,DIRT,G3,7,4,H0003156,ウマ3156,牡,2021,中村 駿,56.0,27,0.181,0.127,0.529,11
265,レース0265,2025-02-09,中山,1400,DIRT,G3,8,4,H0003157,ウマ3157,牝,2022,佐藤 健,58.0,25,0.111,0.213,0.292,13
265,レース0265,2025-02-09,中山,1400,DIRT,G3,9,5,H0003158,ウマ3158,セ,2022,田中 一郎,56.0,28,0.359,0.176,0.705,3
265,レース0265,2025-02-09,中山,1400,DIRT,G3,10,5,H0003159,ウマ3159,セ,2021,渡辺 美咲,54.0,14,0.112,0.11,0.791,4
265,レース0265,2025-02-09,中山,1400,DIRT,G3,11,6,H0003160,ウマ3160,牝,2022,佐藤 健,54.0,9,0.075,0.164,0.228,15
265,レース0265,2025-02-09,中山,1400,DIRT,G3,12,6,H0003161,ウマ3161,セ,2020,加藤 楓,58.0,25,0.0,0.102,0.654,12
265,レース0265,2025-02-09,中山,1400,DIRT,G3,13,7,H0003162,ウマ3162,牡,2021,中村 駿,55.0,9,0.216,0.138,0.259,5
265,レース0265,2025-02-09,中山,1400,DIRT,G3,14,7,H0003163,ウマ3163,セ,2021,山本 陽,55.0,17,0.172,0.208,0.66,8
265,レース0265,2025-02-09,中山,1400,DIRT,G3,15,8,H0003164,ウマ3164,セ,2020,佐藤 健,54.0,5,0.174,0.129,0.416,7
266,レース0266,2025-05-03,京都,1800,TURF,OP,1,1,H0003165,ウマ3165,セ,2021,渡辺 美咲,54.0,9,0.255,0.127,0.453,7
266,レース0266,2025-05-03,京都,1800,TURF,OP,2,1,H0003166,ウマ3166,牡,2020,伊藤 翼,56.0,12,0.215,0.202,0.189,14
266,レース0266,2025-05-03,京都,1800,TURF,OP,3,2,H0003167,ウマ3167,セ,2021,渡辺 美咲,54.0,22,0.277,0.133,0.792,1
266,レース0266,2025-05-03,京都,1800,TURF,OP,4,2,H0003168,ウマ3168,牝,2022,中村 駿,56.0,10,0.255,0.06,0.469,10
266,レース0266,2025-05-03,京都,1800,TURF,OP,5,3,H0003169,ウマ3169,牡,2022,山本 陽,58.0,6,0.18,0.087,0.703,4
266,レース0266,2025-05-03,京都,1800,TURF,OP,6,3,H0003170,ウマ3170,牡,2020,中村 駿,58.0,12,0.174,0.205,0.88,3
266,レース0266,2025-05-03,京都,1800,TURF,OP,7,4,H0003171,ウマ3171,牡,2022,中村 駿,54.0,23,0.096,0.03,0.832,6
266,レース0266,2025-05-03,京都,1800,TURF,OP,8,4,H0003172,ウマ3172,セ,2022,加藤 楓,54.0,23,0.099,0.079,0.72,12
266,レース0266,2025-05-03,京都,1800,TURF,OP,9,5,H0003173,ウマ3173,牝,2022,佐藤 健,57.0,7,0.27,0.185,0.747,2
266,レース0266,2025-05-03,京都,1800,TURF,OP,10,5,H0003174,ウマ3174,セ,2021,佐藤 健,57.0,23,0.29,0.103,0.315,11
266,レース0266,2025-05-03,京都,1800,TURF,OP,11,6,H0003175,ウマ3175,牡,2022,伊藤 翼,55.0,18,0.214,0.037,0.39,15
266,レース0266,2025-05-03,京都,1800,TURF,OP,12,6,H0003176,ウマ3176,牡,2021,山本 陽,54.0,10,0.143,0.03,0.365,13
266,レース0266,2025-05-03,京都,1800,TURF,OP,13,7,H0003177,ウマ3177,牡,2022,小林 蓮,56.0,4,0.284,0.199,0.267,9
266,レース0266,2025-05-03,京都,1800,TURF,OP,14,7,H0003178,ウマ3178,セ,2022,小林 蓮,54.0,30,0.023,0.122,0.449,16
266,レース0266,2025-05-03,京都,1800,TURF,OP,15,8,H0003179,ウマ3179,牡,2020,山本 陽,55.0,14,0.171,0.175,0.456,8
266,レース0266,2025-05-03,京都,1800,TURF,OP,16,8,H0003180,ウマ3180,セ,2022,田中 一郎,54.0,25,0.182,0.168,0.636,5
267,レース0267,2025-01-10,中京,1200,DIRT,1勝,1,1,H0003181,ウマ3181,牝,2021,小林 蓮,54.0,11,0.127,0.12,0.655,6
267,レース0267,2025-01-10,中京,1200,DIRT,1勝,2,1,H0003182,ウマ3182,牡,2022,山本 陽,58.0,3,0.157,0.044,0.648,1
267,レース0267,2025-01-10,中京,1200,DIRT,1勝,3,2,H0003183,ウマ3183,牝,2022,伊藤 翼,58.0,9,0.178,0.151,0.259,8
267,レース0267,2025-01-10,中京,1200,DIRT,1勝,4,2,H0003184,ウマ3184,牝,2021,佐藤 健,56.0,10,0.178,0.235,0.635,3
267,レース0267,2025-01-10,中京,1200,DIRT,1勝,5,3,H0003185,ウマ3185,セ,2022,山本 陽,57.0,29,0.076,0.125,0.335,10
267,レース0267,2025-01-10,中京,1200,DIRT,1勝,6,3,H0003186,ウマ3186,牡,2020,山本 陽,54.0,3,0.174,0.133,0.672,5
267,レース0267,2025-01-10,中京,1200,DIRT,1勝,7,4,H0003187,ウマ3187,牝,2021,山本 陽,58.0,11,0.39,0.03,0.661,2
267,レース0267,2025-01-10,中京,1200,DIRT,1勝,8,4,H0003188,ウマ3188,セ,2020,高橋 大輔,54.0,19,0.007,0.102,0.381,9
267,レース0267,2025-01-10,中京,1200,DIRT,1勝,9,5,H0003189,ウマ3189,牝,2022,高橋 大輔,58.0,20,0.26,0.135,0.568,4
267,レース0267,2025-01-10,中京,1200,DIRT,1勝,10,5,H0003190,ウマ3190,セ,2022,鈴木 花子,56.0,11,0.035,0.169,0.8,7
268,レース0268,2025-05-15,中京,1600,TURF,OP,1,1,H0003191,ウマ3191,セ,2020,山本 陽,57.0,13,0.226,0.157,0.5,7
268,レース0268,2025-05-15,中京,1600,TURF,OP,2,1,H0003192,ウマ3192,セ,2021,加藤 楓,57.0,27,0.211,0.127,0.457,11
268,レース0268,2025-05-15,中京,1600,TURF,OP,3,2,H0003193,ウマ3193,セ,2020,山本 陽,56.0,8,0.016,0.12,0.246,15
268,レース0268,2025-05-15,中京,1600,TURF,OP,4,2,H0003194,ウマ3194,牡,2022,佐藤 健,58.0,25,0.152,0.08,0.746,4
268,レース0268,2025-05-15,中京,1600,TURF,OP,5,3,H0003195,ウマ3195,牡,2020,中村 駿,55.0,19,0.175,0.129,0.569,12
268,レース0268,2025-05-15,中京,1600,TURF,OP,6,3,H0003196,ウマ3196,牝,2021,中村 駿,56.0,23,0.07,0.077,0.533,13
268,レース0268,2025-05-15,中京,1600,TURF,OP,7,4,H0003197,ウマ3197,牝,2022,伊藤 翼,58.0,21,0.163,0.13,0.688,9
268,レース0268,2025-05-15,中京,1600,TURF,OP,8,4,H0003198,ウマ3198,牡,2021,高橋 大輔,56.0,5,0.157,0.1,0.759,8
268,レース0268,2025-05-15,中京,1600,TURF,OP,9,5,H0003199,ウマ3199,牡,2022,山本 陽,56.0,18,0.253,0.113,0.373,10
268,レース0268,2025-05-15,中京,1600,TURF,OP,10,5,H0003200,ウマ3200,セ,2020,伊藤 翼,56.0,19,0.311,0.118,0.829,2
268,レース0268,2025-05-15,中京,1600,TURF,OP,11,6,H0003201,ウマ3201,セ,2022,鈴木 花子,56.0,28,0.038,0.199,0.722,5
268,レース0268,2025-05-15,中京,1600,TURF,OP,12,6,H0003202,ウマ3202,牝,2022,中村 駿,56.0,14,0.139,0.087,0.409,14
268,レース0268,2025-05-15,中京,1600,TURF,OP,13,7,H0003203,ウマ3203,セ,2021,小林 蓮,56.0,19,0.188,0.111,0.388,6
268,レース0268,2025-05-15,中京,1600,TURF,OP,14,7,H0003204,ウマ3204,牡,2022,高橋 大輔,54.0,14,0.28,0.1,0.473,1
268,レース0268,2025-05-15,中京,1600,TURF,OP,15,8,H0003205,ウマ3205,牡,2022,渡辺 美咲,55.0,21,0.166,0.038,0.631,3
269,レース0269,2025-03-17,中山,1600,TURF,G3,1,1,H0003206,ウマ3206,セ,2022,佐藤 健,55.0,18,0.196,0.118,0.771,8
269,レース0269,2025-03-17,中山,1600,TURF,G3,2,1,H0003207,ウマ3207,セ,2020,鈴木 花子,56.0,28,0.096,0.173,0.351,14
269,レース0269,2025-03-17,中山,1600,TURF,G3,3,2,H0003208,ウマ3208,牡,2020,伊藤 翼,54.0,20,0.135,0.09,0.391,15
269,レース0269,2025-03-17,中山,1600,TURF,G3,4,2,H0003209,ウマ3209,セ,2021,中村 駿,55.0,26,0.352,0.133,0.486,6
269,レース0269,2025-03-17,中山,1600,TURF,G3,5,3,H0003210,ウマ3210,牝,2020,渡辺 美咲,56.0,10,0.235,0.03,0.586,11
269,レース0269,2025-03-17,中山,1600,TURF,G3,6,3,H0003211,ウマ3211,セ,2021,佐藤 健,57.0,18,0.017,0.076,0.916,7
269,レース0269,2025-03-17,中山,1600,TURF,G3,7,4,H0003212,ウマ3212,セ,2021,山本 陽,55.0,21,0.228,0.176,0.741,4
269,レース0269,2025-03-17,中山,1600,TURF,G3,8,4,H0003213,ウマ3213,セ,2022,佐藤 健,56.0,28,0.292,0.156,0.677,3
269,レース0269,2025-03-17,中山,1600,TURF,G3,9,5,H0003214,ウマ3214,牝,2021,高橋 大輔,55.0,20,0.271,0.048,0.548,1
269,レース0269,2025-03-17,中山,1600,TURF,G3,10,5,H0003215,ウマ3215,牡,2020,中村 駿,56.0,8,0.18,0.14,0.386,12
269,レース0269,2025-03-17,中山,1600,TURF,G3,11,6,H0003216,ウマ3216,牝,2022,加藤 楓,58.0,11,0.181,0.1,0.613,10
269,レース0269,2025-03-17,中山,1600,TURF,G3,12,6,H0003217,ウマ3217,牝,2020,山本 陽,54.0,25,0.158,0.179,0.317,9
269,レース0269,2025-03-17,中山,1600,TURF,G3,13,7,H0003218,ウマ3218,牝,2021,渡辺 美咲,58.0,5,0.221,0.109,0.515,13
269,レース0269,2025-03-17,中山,1600,TURF,G3,14,7,H0003219,ウマ3219,牡,2021,高橋 大輔,56.0,24,0.257,0.192,0.536,5
269,レース0269,2025-03-17,中山,1600,TURF,G3,15,8,H0003220,ウマ3220,セ,2022,高橋 大輔,58.0,19,0.22,0.22,0.787,2
270,レース0270,2025-08-14,中京,1600,DIRT,未勝利,1,1,H0003221,ウマ3221,牝,2022,山本 陽,54.0,11,0.088,0.2,0.507,11
270,レース0270,2025-08-14,中京,1600,DIRT,未勝利,2,1,H0003222,ウマ3222,牝,2022,小林 蓮,56.0,24,0.168,0.083,0.323,13
270,レース0270,2025-08-14,中京,1600,DIRT,未勝利,3,2,H0003223,ウマ3223,セ,2021,山本 陽,55.0,30,0.099,0.132,0.354,12
270,レース0270,2025-08-14,中京,1600,DIRT,未勝利,4,2,H0003224,ウマ3224,牡,2021,高橋 大輔,55.0,14,0.242,0.176,0.425,9
270,レース0270,2025-08-14,中京,1600,DIRT,未勝利,5,3,H0003225,ウマ3225,牝,2022,伊藤 翼,54.0,17,0.096,0.099,0.816,10
270,レース0270,2025-08-14,中京,1600,DIRT,未勝利,6,3,H0003226,ウマ3226,牝,2020,鈴木 花子,56.0,29,0.175,0.095,0.586,7
270,レース0270,2025-08-14,中京,1600,DIRT,未勝利,7,4,H0003227,ウマ3227,牝,2022,渡辺 美咲,56.0,15,0.235,0.106,0.456,2
270,レース0270,2025-08-14,中京,1600,DIRT,未勝利,8,4,H0003228,ウマ3228,セ,2022,小林 蓮,56.0,12,0.169,0.129,0.678,3
270,レース0270,2025-08-14,中京,1600,DIRT,未勝利,9,5,H0003229,ウマ3229,牝,2020,高橋 大輔,55.0,30,0.272,0.165,0.674,1
270,レース0270,2025-08-14,中京,1600,DIRT,未勝利,10,5,H0003230,ウマ3230,牡,2022,山本 陽,56.0,28,0.119,0.159,0.686,8
270,レース0270,2025-08-14,中京,1600,DIRT,未勝利,11,6,H0003231,ウマ3231,セ,2020,中村 駿,57.0,15,0.261,0.121,0.547,6
270,レース0270,2025-08-14,中京,1600,DIRT,未勝利,12,6,H0003232,ウマ3232,牝,2022,鈴木 花子,58.0,27,0.104,0.215,0.637,4
270,レース0270,2025-08-14,中京,1600,DIRT,未勝利,13,7,H0003233,ウマ3233,牝,2020,小林 蓮,56.0,6,0.199,0.158,0.617,5
271,レース0271,2025-05-24,阪神,2400,DIRT,G2,1,1,H0003234,ウマ3234,セ,2020,伊藤 翼,57.0,6,0.323,0.204,0.515,1
271,レース0271,2025-05-24,阪神,2400,DIRT,G2,2,1,H0003235,ウマ3235,牝,2021,渡辺 美咲,58.0,25,0.046,0.103,0.026,12
271,レース0271,2025-05-24,阪神,2400,DIRT,G2,3,2,H0003236,ウマ3236,セ,2021,鈴木 花子,57.0,3,0.053,0.131,0.501,11
271,レース0271,2025-05-24,阪神,2400,DIRT,G2,4,2,H0003237,ウマ3237,牝,2022,田中 一郎,54.0,15,0.253,0.152,0.434,4
271,レース0271,2025-05-24,阪神,2400,DIRT,G2,5,3,H0003238,ウマ3238,牝,2022,中村 駿,56.0,25,0.061,0.044,0.629,9
271,レース0271,2025-05-24,阪神,2400,DIRT,G2,6,3,H0003239,ウマ3239,牡,2020,渡辺 美咲,57.0,21,0.003,0.061,0.446,10
271,レース0271,2025-05-24,阪神,2400,DIRT,G2,7,4,H0003240,ウマ3240,セ,2021,小林 蓮,58.0,15,0.305,0.144,0.427,3
271,レース0271,2025-05-24,阪神,2400,DIRT,G2,8,4,H0003241,ウマ3241,セ,2021,加藤 楓,55.0,22,0.143,0.088,0.611,7
271,レース0271,2025-05-24,阪神,2400,DIRT,G2,9,5,H0003242,ウマ3242,セ,2022,高橋 大輔,57.0,11,0.27,0.082,0.665,6
271,レース0271,2025-05-24,阪神,2400,DIRT,G2,10,5,H0003243,ウマ3243,セ,2020,鈴木 花子,54.0,11,0.223,0.03,0.57,5
271,レース0271,2025-05-24,阪神,2400,DIRT,G2,11,6,H0003244,ウマ3244,セ,2021,山本 陽,56.0,10,0.262,0.155,0.777,2
271,レース0271,2025-05-24,阪神,2400,DIRT,G2,12,6,H0003245,ウマ3245,牡,2022,伊藤 翼,58.0,19,0.02,0.17,0.688,8
272,レース0272,2025-08-22,中山,2400,TURF,G1,1,1,H0003246,ウマ3246,セ,2020,中村 駿,57.0,29,0.144,0.114,0.23,7
272,レース0272,2025-08-22,中山,2400,TURF,G1,2,1,H0003247,ウマ3247,セ,2021,山本 陽,57.0,11,0.235,0.135,0.617,2
272,レース0272,2025-08-22,中山,2400,TURF,G1,3,2,H0003248,ウマ3248,セ,2021,中村 駿,55.0,21,0.134,0.106,0.239,5
272,レース0272,2025-08-22,中山,2400,TURF,G1,4,2,H0003249,ウマ3249,セ,2022,佐藤 健,55.0,13,0.31,0.185,0.338,3
272,レース0272,2025-08-22,中山,2400,TURF,G1,5,3,H0003250,ウマ3250,セ,2021,加藤 楓,54.0,21,0.0,0.191,0.308,6
272,レース0272,2025-08-22,中山,2400,TURF,G1,6,3,H0003251,ウマ3251,牝,2021,伊藤 翼,56.0,23,0.197,0.104,0.425,4
272,レース0272,2025-08-22,中山,2400,TURF,G1,7,4,H0003252,ウマ3252,牡,2021,渡辺 美咲,56.0,11,0.288,0.096,0.423,1
272,レース0272,2025-08-22,中山,2400,TURF,G1,8,4,H0003253,ウマ3253,セ,2021,鈴木 花子,58.0,9,0.172,0.149,0.231,8
273,レース0273,2025-11-11,阪神,2000,TURF,G1,1,1,H0003254,ウマ3254,セ,2020,小林 蓮,58.0,29,0.159,0.151,0.646,10
273,レース0273,2025-11-11,阪神,2000,TURF,G1,2,1,H0003255,ウマ3255,牡,2021,中村 駿,56.0,24,0.271,0.114,0.524,3
273,レース0273,2025-11-11,阪神,2000,TURF,G1,3,2,H0003256,ウマ3256,セ,2020,高橋 大輔,54.0,10,0.219,0.138,0.582,6
273,レース0273,2025-11-11,阪神,2000,TURF,G1,4,2,H0003257,ウマ3257,牡,2021,田中 一郎,57.0,9,0.071,0.251,0.621,11
273,レース0273,2025-11-11,阪神,2000,TURF,G1,5,3,H0003258,ウマ3258,牝,2021,田中 一郎,57.0,26,0.154,0.187,0.552,4
273,レース0273,2025-11-11,阪神,2000,TURF,G1,6,3,H0003259,ウマ3259,牡,2021,中村 駿,54.0,7,0.0,0.062,0.441,9
273,レース0273,2025-11-11,阪神,2000,TURF,G1,7,4,H0003260,ウマ3260,牝,2022,鈴木 花子,57.0,23,0.092,0.127,0.376,14
273,レース0273,2025-11-11,阪神,2000,TURF,G1,8,4,H0003261,ウマ3261,セ,2021,加藤 楓,58.0,4,0.0,0.193,0.497,13
273,レース0273,2025-11-11,阪神,2000,TURF,G1,9,5,H0003262,ウマ3262,牡,2020,高橋 大輔,57.0,29,0.18,0.117,0.48,7
273,レース0273,2025-11-11,阪神,2000,TURF,G1,10,5,H0003263,ウマ3263,牝,2021,伊藤 翼,57.0,6,0.138,0.086,0.503,12
273,レース0273,2025-11-11,阪神,2000,TURF,G1,11,6,H0003264,ウマ3264,セ,2020,山本 陽,54.0,24,0.257,0.112,0.51,8
273,レース0273,2025-11-11,阪神,2000,TURF,G1,12,6,H0003265,ウマ3265,セ,2022,小林 蓮,54.0,23,0.336,0.141,0.55,1
273,レース0273,2025-11-11,阪神,2000,TURF,G1,13,7,H0003266,ウマ3266,牡,2022,山本 陽,56.0,17,0.341,0.172,0.565,2
273,レース0273,2025-11-11,阪神,2000,TURF,G1,14,7,H0003267,ウマ3267,牡,2021,加藤 楓,58.0,7,0.161,0.107,0.876,5
274,レース0274,2025-03-04,阪神,1800,TURF,3勝,1,1,H0003268,ウマ3268,セ,2021,佐藤 健,54.0,27,0.256,0.24,0.451,4
274,レース0274,2025-03-04,阪神,1800,TURF,3勝,2,1,H0003269,ウマ3269,セ,2022,田中 一郎,55.0,20,0.337,0.042,0.538,9
274,レース0274,2025-03-04,阪神,1800,TURF,3勝,3,2,H0003270,ウマ3270,牡,2022,高橋 大輔,56.0,9,0.184,0.116,0.358,12
274,レース0274,2025-03-04,阪神,1800,TURF,3勝,4,2,H0003271,ウマ3271,セ,2022,鈴木 花子,56.0,3,0.192,0.083,0.576,10
274,レース0274,2025-03-04,阪神,1800,TURF,3勝,5,3,H0003272,ウマ3272,牝,2021,渡辺 美咲,56.0,11,0.286,0.084,0.657,1
274,レース0274,2025-03-04,阪神,1800,TURF,3勝,6,3,H0003273,ウマ3273,セ,2020,伊藤 翼,54.0,4,0.135,0.154,0.489,6
274,レース0274,2025-03-04,阪神,1800,TURF,3勝,7,4,H0003274,ウマ3274,牡,2020,鈴木 花子,55.0,21,0.103,0.201,0.382,8
274,レース0274,2025-03-04,阪神,1800,TURF,3勝,8,4,H0003275,ウマ3275,牡,2021,山本 陽,58.0,17,0.128,0.183,0.363,13
274,レース0274,2025-03-04,阪神,1800,TURF,3勝,9,5,H0003276,ウマ3276,セ,2020,高橋 大輔,54.0,4,0.074,0.223,0.793,2
274,レース0274,2025-03-04,阪神,1800,TURF,3勝,10,5,H0003277,ウマ3277,牝,2022,中村 駿,56.0,3,0.12,0.179,0.868,7
274,レース0274,2025-03-04,阪神,1800,TURF,3勝,11,6,H0003278,ウマ3278,牡,2022,加藤 楓,56.0,21,0.076,0.068,0.955,5
274,レース0274,2025-03-04,阪神,1800,TURF,3勝,12,6,H0003279,ウマ3279,牝,2021,小林 蓮,58.0,30,0.151,0.163,0.445,11
274,レース0274,2025-03-04,阪神,1800,TURF,3勝,13,7,H0003280,ウマ3280,牡,2021,渡辺 美咲,54.0,23,0.226,0.081,0.242,14
274,レース0274,2025-03-04,阪神,1800,TURF,3勝,14,7,H0003281,ウマ3281,セ,2021,高橋 大輔,55.0,4,0.295,0.033,0.61,3
275,レース0275,2025-12-27,中山,1600,TURF,1勝,1,1,H0003282,ウマ3282,牝,2021,鈴木 花子,57.0,27,0.086,0.121,0.356,8
275,レース0275,2025-12-27,中山,1600,TURF,1勝,2,1,H0003283,ウマ3283,牝,2022,高橋 大輔,58.0,29,0.293,0.13,0.834,2
275,レース0275,2025-12-27,中山,1600,TURF,1勝,3,2,H0003284,ウマ3284,牝,2021,佐藤 健,56.0,18,0.073,0.146,0.603,9
275,レース0275,2025-12-27,中山,1600,TURF,1勝,4,2,H0003285,ウマ3285,セ,2021,小林 蓮,56.0,16,0.295,0.151,0.77,1
275,レース0275,2025-12-27,中山,1600,TURF,1勝,5,3,H0003286,ウマ3286,セ,2021,中村 駿,54.0,12,0.026,0.142,0.476,10
275,レース0275,2025-12-27,中山,1600,TURF,1勝,6,3,H0003287,ウマ3287,セ,2022,小林 蓮,56.0,7,0.243,0.098,0.473,4
275,レース0275,2025-12-27,中山,1600,TURF,1勝,7,4,H0003288,ウマ3288,牝,2021,田中 一郎,55.0,27,0.106,0.168,0.786,3
275,レース0275,2025-12-27,中山,1600,TURF,1勝,8,4,H0003289,ウマ3289,牝,2022,中村 駿,57.0,3,0.184,0.137,0.1,11
275,レース0275,2025-12-27,中山,1600,TURF,1勝,9,5,H0003290,ウマ3290,牡,2022,中村 駿,58.0,5,0.169,0.157,0.403,7
275,レース0275,2025-12-27,中山,1600,TURF,1勝,10,5,H0003291,ウマ3291,牝,2021,小林 蓮,54.0,17,0.189,0.156,0.359,6
275,レース0275,2025-12-27,中山,1600,TURF,1勝,11,6,H0003292,ウマ3292,牝,2020,中村 駿,55.0,10,0.241,0.084,0.435,5
276,レース0276,2025-02-22,阪神,2400,TURF,未勝利,1,1,H0003293,ウマ3293,セ,2022,中村 駿,56.0,8,0.187,0.114,0.427,12
276,レース0276,2025-02-22,阪神,2400,TURF,未勝利,2,1,H0003294,ウマ3294,セ,2020,伊藤 翼,57.0,9,0.205,0.164,0.845,1
276,レース0276,2025-02-22,阪神,2400,TURF,未勝利,3,2,H0003295,ウマ3295,セ,2020,伊藤 翼,55.0,11,0.21,0.158,0.675,4
276,レース0276,2025-02-22,阪神,2400,TURF,未勝利,4,2,H0003296,ウマ3296,牝,2022,伊藤 翼,54.0,25,0.156,0.066,0.768,2
276,レース0276,2025-02-22,阪神,2400,TURF,未勝利,5,3,H0003297,ウマ3297,牝,2022,中村 駿,55.0,13,0.209,0.24,0.417,8
276,レース0276,2025-02-22,阪神,2400,TURF,未勝利,6,3,H0003298,ウマ3298,牝,2020,小林 蓮,54.0,25,0.229,0.142,0.311,11
276,レース0276,2025-02-22,阪神,2400,TURF,未勝利,7,4,H0003299,ウマ3299,セ,2021,伊藤 翼,56.0,20,0.192,0.119,0.234,13
276,レース0276,2025-02-22,阪神,2400,TURF,未勝利,8,4,H0003300,ウマ3300,セ,2022,加藤 楓,55.0,28,0.324,0.03,0.608,5
276,レース0276,2025-02-22,阪神,2400,TURF,未勝利,9,5,H0003301,ウマ3301,牡,2021,高橋 大輔,55.0,17,0.234,0.132,0.459,6
276,レース0276,2025-02-22,阪神,2400,TURF,未勝利,10,5,H0003302,ウマ3302,牡,2021,加藤 楓,55.0,30,0.243,0.03,0.855,3
276,レース0276,2025-02-22,阪神,2400,TURF,未勝利,11,6,H0003303,ウマ3303,セ,2020,田中 一郎,58.0,10,0.273,0.12,0.1,14
276,レース0276,2025-02-22,阪神,2400,TURF,未勝利,12,6,H0003304,ウマ3304,牡,2021,田中 一郎,55.0,5,0.137,0.109,0.115,15
276,レース0276,2025-02-22,阪神,2400,TURF,未勝利,13,7,H0003305,ウマ3305,セ,2022,佐藤 健,57.0,20,0.077,0.075,0.466,9
276,レース0276,2025-02-22,阪神,2400,TURF,未勝利,14,7,H0003306,ウマ3306,セ,2021,高橋 大輔,57.0,29,0.261,0.154,0.334,10
276,レース0276,2025-02-22,阪神,2400,TURF,未勝利,15,8,H0003307,ウマ3307,牝,2020,山本 陽,58.0,29,0.191,0.111,0.653,7
277,レース0277,2025-02-14,阪神,1600,DIRT,3勝,1,1,H0003308,ウマ3308,セ,2020,小林 蓮,55.0,3,0.026,0.163,0.556,7
277,レース0277,2025-02-14,阪神,1600,DIRT,3勝,2,1,H0003309,ウマ3309,牡,2020,田中 一郎,56.0,7,0.216,0.132,0.763,2
277,レース0277,2025-02-14,阪神,1600,DIRT,3勝,3,2,H0003310,ウマ3310,牝,2021,伊藤 翼,54.0,14,0.208,0.096,0.285,9
277,レース0277,2025-02-14,阪神,1600,DIRT,3勝,4,2,H0003311,ウマ3311,セ,2020,田中 一郎,55.0,30,0.212,0.124,0.516,3
277,レース0277,2025-02-14,阪神,1600,DIRT,3勝,5,3,H0003312,ウマ3312,牝,2022,田中 一郎,55.0,27,0.284,0.169,0.431,1
277,レース0277,2025-02-14,阪神,1600,DIRT,3勝,6,3,H0003313,ウマ3313,牡,2020,中村 駿,56.0,4,0.225,0.148,0.452,6
277,レース0277,2025-02-14,阪神,1600,DIRT,3勝,7,4,H0003314,ウマ3314,セ,2020,高橋 大輔,56.0,3,0.074,0.03,0.596,8
277,レース0277,2025-02-14,阪神,1600,DIRT,3勝,8,4,H0003315,ウマ3315,牡,2021,加藤 楓,55.0,25,0.102,0.109,0.645,4
277,レース0277,2025-02-14,阪神,1600,DIRT,3勝,9,5,H0003316,ウマ3316,牝,2021,山本 陽,54.0,7,0.165,0.098,0.401,5
278,レース0278,2025-05-24,中山,1800,DIRT,G2,1,1,H0003317,ウマ3317,牝,2020,鈴木 花子,57.0,21,0.137,0.091,0.478,10
278,レース0278,2025-05-24,中山,1800,DIRT,G2,2,1,H0003318,ウマ3318,牡,2022,佐藤 健,57.0,14,0.06,0.068,0.652,5
278,レース0278,2025-05-24,中山,1800,DIRT,G2,3,2,H0003319,ウマ3319,牝,2020,高橋 大輔,58.0,10,0.223,0.142,0.72,2
278,レース0278,2025-05-24,中山,1800,DIRT,G2,4,2,H0003320,ウマ3320,牝,2022,高橋 大輔,57.0,27,0.259,0.093,0.093,7
278,レース0278,2025-05-24,中山,1800,DIRT,G2,5,3,H0003321,ウマ3321,セ,2021,渡辺 美咲,56.0,28,0.099,0.137,0.758,3
278,レース0278,2025-05-24,中山,1800,DIRT,G2,6,3,H0003322,ウマ3322,セ,2021,鈴木 花子,55.0,12,0.348,0.167,0.685,1
278,レース0278,2025-05-24,中山,1800,DIRT,G2,7,4,H0003323,ウマ3323,牡,2021,佐藤 健,57.0,12,0.0,0.05,0.716,8
278,レース0278,2025-05-24,中山,1800,DIRT,G2,8,4,H0003324,ウマ3324,牡,2021,佐藤 健,55.0,14,0.123,0.078,0.474,6
278,レース0278,2025-05-24,中山,1800,DIRT,G2,9,5,H0003325,ウマ3325,セ,2021,小林 蓮,55.0,10,0.093,0.094,0.285,11
278,レース0278,2025-05-24,中山,1800,DIRT,G2,10,5,H0003326,ウマ3326,牝,2021,高橋 大輔,57.0,23,0.141,0.134,0.291,9
278,レース0278,2025-05-24,中山,1800,DIRT,G2,11,6,H0003327,ウマ3327,牡,2022,中村 駿,57.0,14,0.136,0.196,0.466,4
279,レース0279,2025-04-17,東京,1800,DIRT,3勝,1,1,H0003328,ウマ3328,セ,2020,高橋 大輔,55.0,11,0.244,0.178,0.357,6
279,レース0279,2025-04-17,東京,1800,DIRT,3勝,2,1,H0003329,ウマ3329,牝,2020,田中 一郎,57.0,26,0.297,0.098,0.491,4
279,レース0279,2025-04-17,東京,1800,DIRT,3勝,3,2,H0003330,ウマ3330,セ,2021,小林 蓮,58.0,10,0.144,0.169,0.596,13
279,レース0279,2025-04-17,東京,1800,DIRT,3勝,4,2,H0003331,ウマ3331,牝,2022,佐藤 健,55.0,4,0.133,0.134,0.683,10
279,レース0279,2025-04-17,東京,1800,DIRT,3勝,5,3,H0003332,ウマ3332,牡,2022,伊藤 翼,55.0,29,0.117,0.146,0.859,5
279,レース0279,2025-04-17,東京,1800,DIRT,3勝,6,3,H0003333,ウマ3333,セ,2020,小林 蓮,57.0,8,0.159,0.117,0.681,7
279,レース0279,2025-04-17,東京,1800,DIRT,3勝,7,4,H0003334,ウマ3334,牝,2021,山本 陽,54.0,28,0.228,0.151,0.386,12
279,レース0279,2025-04-17,東京,1800,DIRT,3勝,8,4,H0003335,ウマ3335,牡,2021,山本 陽,58.0,19,0.194,0.131,0.68,2
279,レース0279,2025-04-17,東京,1800,DIRT,3勝,9,5,H0003336,ウマ3336,セ,2022,高橋 大輔,56.0,29,0.208,0.17,0.537,9
279,レース0279,2025-04-17,東京,1800,DIRT,3勝,10,5,H0003337,ウマ3337,牝,2021,鈴木 花子,57.0,14,0.222,0.049,0.569,3
279,レース0279,2025-04-17,東京,1800,DIRT,3勝,11,6,H0003338,ウマ3338,牡,2022,伊藤 翼,55.0,17,0.056,0.13,0.792,11
279,レース0279,2025-04-17,東京,1800,DIRT,3勝,12,6,H0003339,ウマ3339,セ,2020,山本 陽,55.0,4,0.171,0.094,0.526,14
279,レース0279,2025-04-17,東京,1800,DIRT,3勝,13,7,H0003340,ウマ3340,牝,2021,鈴木 花子,57.0,30,0.204,0.109,0.305,15
279,レース0279,2025-04-17,東京,1800,DIRT,3勝,14,7,H0003341,ウマ3341,セ,2021,渡辺 美咲,55.0,11,0.222,0.094,0.68,1
279,レース0279,2025-04-17,東京,1800,DIRT,3勝,15,8,H0003342,ウマ3342,牡,2020,中村 駿,56.0,22,0.264,0.121,0.5,8
280,レース0280,2025-12-14,中京,2400,TURF,G1,1,1,H0003343,ウマ3343,牝,2020,山本 陽,55.0,15,0.1,0.147,0.834,5
280,レース0280,2025-12-14,中京,2400,TURF,G1,2,1,H0003344,ウマ3344,セ,2022,佐藤 健,55.0,28,0.015,0.096,0.474,15
280,レース0280,2025-12-14,中京,2400,TURF,G1,3,2,H0003345,ウマ3345,牡,2020,加藤 楓,55.0,6,0.263,0.127,0.321,11
280,レース0280,2025-12-14,中京,2400,TURF,G1,4,2,H0003346,ウマ3346,牝,2020,高橋 大輔,57.0,4,0.17,0.159,0.465,13
280,レース0280,2025-12-14,中京,2400,TURF,G1,5,3,H0003347,ウマ3347,牝,2021,田中 一郎,55.0,23,0.207,0.163,0.422,10
280,レース0280,2025-12-14,中京,2400,TURF,G1,6,3,H0003348,ウマ3348,牡,2020,渡辺 美咲,57.0,4,0.342,0.086,0.476,8
280,レース0280,2025-12-14,中京,2400,TURF,G1,7,4,H0003349,ウマ3349,牡,2021,鈴木 花子,55.0,14,0.164,0.147,0.68,7
280,レース0280,2025-12-14,中京,2400,TURF,G1,8,4,H0003350,ウマ3350,セ,2021,田中 一郎,57.0,11,0.2,0.172,0.498,12
280,レース0280,2025-12-14,中京,2400,TURF,G1,9,5,H0003351,ウマ3351,牡,2020,山本 陽,56.0,22,0.291,0.217,0.662,1
280,レース0280,2025-12-14,中京,2400,TURF,G1,10,5,H0003352,ウマ3352,牡,2022,田中 一郎,54.0,18,0.057,0.181,0.824,9
280,レース0280,2025-12-14,中京,2400,TURF,G1,11,6,H0003353,ウマ3353,牝,2022,高橋 大輔,56.0,26,0.185,0.11,0.665,2
280,レース0280,2025-12-14,中京,2400,TURF,G1,12,6,H0003354,ウマ3354,牡,2022,小林 蓮,56.0,6,0.217,0.104,0.321,6
280,レース0280,2025-12-14,中京,2400,TURF,G1,13,7,H0003355,ウマ3355,牝,2021,高橋 大輔,54.0,8,0.127,0.181,0.557,4
280,レース0280,2025-12-14,中京,2400,TURF,G1,14,7,H0003356,ウマ3356,牝,2020,田中 一郎,55.0,29,0.095,0.198,0.485,3
280,レース0280,2025-12-14,中京,2400,TURF,G1,15,8,H0003357,ウマ3357,セ,2022,渡辺 美咲,54.0,25,0.19,0.105,0.256,14
281,レース0281,2025-01-15,中山,1400,DIRT,G1,1,1,H0003358,ウマ3358,牡,2021,山本 陽,54.0,20,0.273,0.112,0.578,5
281,レース0281,2025-01-15,中山,1400,DIRT,G1,2,1,H0003359,ウマ3359,牡,2021,高橋 大輔,58.0,24,0.123,0.08,0.385,14
281,レース0281,2025-01-15,中山,1400,DIRT,G1,3,2,H0003360,ウマ3360,セ,2020,山本 陽,54.0,4,0.282,0.158,1.0,2
281,レース0281,2025-01-15,中山,1400,DIRT,G1,4,2,H0003361,ウマ3361,セ,2020,山本 陽,54.0,7,0.208,0.143,0.485,3
281,レース0281,2025-01-15,中山,1400,DIRT,G1,5,3,H0003362,ウマ3362,セ,2022,高橋 大輔,58.0,4,0.327,0.07,0.57,4
281,レース0281,2025-01-15,中山,1400,DIRT,G1,6,3,H0003363,ウマ3363,牡,2021,加藤 楓,55.0,18,0.133,0.262,0.481,8
281,レース0281,2025-01-15,中山,1400,DIRT,G1,7,4,H0003364,ウマ3364,セ,2021,中村 駿,54.0,22,0.208,0.109,0.267,12
281,レース0281,2025-01-15,中山,1400,DIRT,G1,8,4,H0003365,ウマ3365,セ,2022,佐藤 健,56.0,15,0.26,0.143,0.785,1
281,レース0281,2025-01-15,中山,1400,DIRT,G1,9,5,H0003366,ウマ3366,牡,2022,小林 蓮,54.0,8,0.206,0.07,0.579,9
281,レース0281,2025-01-15,中山,1400,DIRT,G1,10,5,H0003367,ウマ3367,セ,2020,小林 蓮,56.0,9,0.245,0.058,0.637,6
281,レース0281,2025-01-15,中山,1400,DIRT,G1,11,6,H0003368,ウマ3368,セ,2022,田中 一郎,57.0,20,0.175,0.106,0.668,7
281,レース0281,2025-01-15,中山,1400,DIRT,G1,12,6,H0003369,ウマ3369,セ,2022,山本 陽,58.0,14,0.207,0.214,0.197,11
281,レース0281,2025-01-15,中山,1400,DIRT,G1,13,7,H0003370,ウマ3370,牡,2021,小林 蓮,56.0,5,0.045,0.161,0.633,10
281,レース0281,2025-01-15,中山,1400,DIRT,G1,14,7,H0003371,ウマ3371,セ,2021,小林 蓮,57.0,14,0.173,0.187,0.153,13
282,レース0282,2025-02-14,中京,1800,DIRT,G2,1,1,H0003372,ウマ3372,牝,2021,高橋 大輔,56.0,12,0.095,0.112,0.73,3
282,レース0282,2025-02-14,中京,1800,DIRT,G2,2,1,H0003373,ウマ3373,牡,2020,田中 一郎,57.0,7,0.181,0.213,0.149,8
282,レース0282,2025-02-14,中京,1800,DIRT,G2,3,2,H0003374,ウマ3374,牡,2020,小林 蓮,56.0,25,0.175,0.074,0.827,2
282,レース0282,2025-02-14,中京,1800,DIRT,G2,4,2,H0003375,ウマ3375,セ,2021,鈴木 花子,57.0,21,0.022,0.143,0.669,4
282,レース0282,2025-02-14,中京,1800,DIRT,G2,5,3,H0003376,ウマ3376,セ,2021,佐藤 健,54.0,3,0.187,0.15,0.213,7
282,レース0282,2025-02-14,中京,1800,DIRT,G2,6,3,H0003377,ウマ3377,牝,2021,渡辺 美咲,56.0,3,0.21,0.108,0.5,1
282,レース0282,2025-02-14,中京,1800,DIRT,G2,7,4,H0003378,ウマ3378,牡,2022,田中 一郎,56.0,24,0.138,0.038,0.039,9
282,レース0282,2025-02-14,中京,1800,DIRT,G2,8,4,H0003379,ウマ3379,牝,2020,加藤 楓,57.0,19,0.0,0.086,0.679,6
282,レース0282,2025-02-14,中京,1800,DIRT,G2,9,5,H0003380,ウマ3380,牡,2020,伊藤 翼,54.0,10,0.083,0.087,0.571,5
283,レース0283,2025-10-03,中山,1200,TURF,G1,1,1,H0003381,ウマ3381,牝,2022,伊藤 翼,55.0,6,0.16,0.172,0.363,1
283,レース0283,2025-10-03,中山,1200,TURF,G1,2,1,H0003382,ウマ3382,牝,2021,中村 駿,57.0,7,0.097,0.07,0.639,14
283,レース0283,2025-10-03,中山,1200,TURF,G1,3,2,H0003383,ウマ3383,牡,2020,渡辺 美咲,58.0,7,0.075,0.126,0.578,8
283,レース0283,2025-10-03,中山,1200,TURF,G1,4,2,H0003384,ウマ3384,牡,2020,高橋 大輔,57.0,4,0.219,0.087,0.597,9
283,レース0283,2025-10-03,中山,1200,TURF,G1,5,3,H0003385,ウマ3385,牡,2020,渡辺 美咲,57.0,5,0.312,0.207,0.51,3
283,レース0283,2025-10-03,中山,1200,TURF,G1,6,3,H0003386,ウマ3386,牡,2022,佐藤 健,54.0,27,0.265,0.097,0.367,6
283,レース0283,2025-10-03,中山,1200,TURF,G1,7,4,H0003387,ウマ3387,セ,2022,鈴木 花子,57.0,30,0.301,0.051,0.618,5
283,レース0283,2025-10-03,中山,1200,TURF,G1,8,4,H0003388,ウマ3388,牝,2021,小林 蓮,57.0,23,0.183,0.158,0.764,2
283,レース0283,2025-10-03,中山,1200,TURF,G1,9,5,H0003389,ウマ3389,牝,2021,山本 陽,54.0,13,0.09,0.086,0.463,16
283,レース0283,2025-10-03,中山,1200,TURF,G1,10,5,H0003390,ウマ3390,牡,2020,佐藤 健,56.0,8,0.22,0.173,0.262,15
283,レース0283,2025-10-03,中山,1200,TURF,G1,11,6,H0003391,ウマ3391,牡,2022,鈴木 花子,58.0,10,0.201,0.093,0.421,7
283,レース0283,2025-10-03,中山,1200,TURF,G1,12,6,H0003392,ウマ3392,牡,2020,鈴木 花子,54.0,29,0.157,0.155,0.453,10
283,レース0283,2025-10-03,中山,1200,TURF,G1,13,7,H0003393,ウマ3393,セ,2022,鈴木 花子,57.0,11,0.202,0.109,0.278,13
283,レース0283,2025-10-03,中山,1200,TURF,G1,14,7,H0003394,ウマ3394,牝,2020,中村 駿,55.0,5,0.151,0.146,0.312,11
283,レース0283,2025-10-03,中山,1200,TURF,G1,15,8,H0003395,ウマ3395,セ,2020,鈴木 花子,58.0,29,0.278,0.138,0.566,4
283,レース0283,2025-10-03,中山,1200,TURF,G1,16,8,H0003396,ウマ3396,牝,2022,山本 陽,55.0,7,0.141,0.051,0.394,12
284,レース0284,2025-05-03,阪神,2000,DIRT,OP,1,1,H0003397,ウマ3397,牡,2022,鈴木 花子,54.0,12,0.242,0.123,0.62,5
284,レース0284,2025-05-03,阪神,2000,DIRT,OP,2,1,H0003398,ウマ3398,牡,2020,渡辺 美咲,54.0,23,0.199,0.273,0.581,1
284,レース0284,2025-05-03,阪神,2000,DIRT,OP,3,2,H0003399,ウマ3399,牝,2021,田中 一郎,57.0,21,0.317,0.198,0.474,9
284,レース0284,2025-05-03,阪神,2000,DIRT,OP,4,2,H0003400,ウマ3400,牝,2022,加藤 楓,57.0,17,0.112,0.127,0.231,12
284,レース0284,2025-05-03,阪神,2000,DIRT,OP,5,3,H0003401,ウマ3401,牝,2021,渡辺 美咲,56.0,18,0.146,0.127,0.595,6
284,レース0284,2025-05-03,阪神,2000,DIRT,OP,6,3,H0003402,ウマ3402,牝,2022,伊藤 翼,57.0,28,0.247,0.19,0.767,2
284,レース0284,2025-05-03,阪神,2000,DIRT,OP,7,4,H0003403,ウマ3403,セ,2022,山本 陽,57.0,22,0.316,0.157,0.673,3
284,レース0284,2025-05-03,阪神,2000,DIRT,OP,8,4,H0003404,ウマ3404,牡,2020,山本 陽,54.0,6,0.191,0.184,0.445,8
284,レース0284,2025-05-03,阪神,2000,DIRT,OP,9,5,H0003405,ウマ3405,セ,2021,伊藤 翼,54.0,5,0.157,0.082,0.794,7
284,レース0284,2025-05-03,阪神,2000,DIRT,OP,10,5,H0003406,ウマ3406,牝,2021,高橋 大輔,55.0,5,0.156,0.179,0.555,10
284,レース0284,2025-05-03,阪神,2000,DIRT,OP,11,6,H0003407,ウマ3407,セ,2020,鈴木 花子,57.0,3,0.146,0.069,0.314,11
284,レース0284,2025-05-03,阪神,2000,DIRT,OP,12,6,H0003408,ウマ3408,牡,2020,渡辺 美咲,56.0,10,0.348,0.198,0.545,4
285,レース0285,2025-01-09,東京,1600,DIRT,G1,1,1,H0003409,ウマ3409,セ,2022,山本 陽,58.0,29,0.0,0.175,0.353,14
285,レース0285,2025-01-09,東京,1600,DIRT,G1,2,1,H0003410,ウマ3410,牝,2020,高橋 大輔,56.0,15,0.252,0.09,0.533,9
285,レース0285,2025-01-09,東京,1600,DIRT,G1,3,2,H0003411,ウマ3411,牡,2021,小林 蓮,57.0,27,0.187,0.119,0.908,8
285,レース0285,2025-01-09,東京,1600,DIRT,G1,4,2,H0003412,ウマ3412,牝,2022,高橋 大輔,56.0,28,0.243,0.177,0.35,10
285,レース0285,2025-01-09,東京,1600,DIRT,G1,5,3,H0003413,ウマ3413,牡,2021,鈴木 花子,54.0,21,0.261,0.275,0.765,1
285,レース0285,2025-01-09,東京,1600,DIRT,G1,6,3,H0003414,ウマ3414,牝,2022,田中 一郎,54.0,8,0.205,0.115,0.369,4
285,レース0285,2025-01-09,東京,1600,DIRT,G1,7,4,H0003415,ウマ3415,セ,2021,小林 蓮,56.0,11,0.243,0.111,0.432,11
285,レース0285,2025-01-09,東京,1600,DIRT,G1,8,4,H0003416,ウマ3416,セ,2022,中村 駿,58.0,25,0.389,0.135,0.68,5
285,レース0285,2025-01-09,東京,1600,DIRT,G1,9,5,H0003417,ウマ3417,セ,2020,高橋 大輔,54.0,26,0.258,0.108,0.673,6
285,レース0285,2025-01-09,東京,1600,DIRT,G1,10,5,H0003418,ウマ3418,牡,2021,山本 陽,54.0,25,0.279,0.134,0.684,2
285,レース0285,2025-01-09,東京,1600,DIRT,G1,11,6,H0003419,ウマ3419,牝,2022,鈴木 花子,56.0,26,0.215,0.067,0.413,13
285,レース0285,2025-01-09,東京,1600,DIRT,G1,12,6,H0003420,ウマ3420,牝,2020,山本 陽,57.0,30,0.241,0.075,0.38,12
285,レース0285,2025-01-09,東京,1600,DIRT,G1,13,7,H0003421,ウマ3421,牡,2020,加藤 楓,57.0,29,0.149,0.18,0.673,7
285,レース0285,2025-01-09,東京,1600,DIRT,G1,14,7,H0003422,ウマ3422,牡,2022,佐藤 健,56.0,30,0.143,0.094,0.729,3
286,レース0286,2025-05-23,阪神,2400,DIRT,G2,1,1,H0003423,ウマ3423,牝,2022,中村 駿,54.0,17,0.361,0.184,0.563,1
286,レース0286,2025-05-23,阪神,2400,DIRT,G2,2,1,H0003424,ウマ3424,セ,2020,小林 蓮,56.0,30,0.298,0.179,0.477,5
286,レース0286,2025-05-23,阪神,2400,DIRT,G2,3,2,H0003425,ウマ3425,牝,2020,中村 駿,54.0,25,0.19,0.173,0.479,7
286,レース0286,2025-05-23,阪神,2400,DIRT,G2,4,2,H0003426,ウマ3426,牝,2021,中村 駿,55.0,12,0.152,0.154,0.337,6
286,レース0286,2025-05-23,阪神,2400,DIRT,G2,5,3,H0003427,ウマ3427,牝,2022,渡辺 美咲,54.0,14,0.045,0.184,0.314,15
286,レース0286,2025-05-23,阪神,2400,DIRT,G2,6,3,H0003428,ウマ3428,牡,2021,佐藤 健,55.0,18,0.153,0.033,0.581,11
286,レース0286,2025-05-23,阪神,2400,DIRT,G2,7,4,H0003429,ウマ3429,セ,2020,渡辺 美咲,57.0,13,0.094,0.03,0.466,9
286,レース0286,2025-05-23,阪神,2400,DIRT,G2,8,4,H0003430,ウマ3430,セ,2020,中村 駿,54.0,4,0.0,0.196,0.793,10
286,レース0286,2025-05-23,阪神,2400,DIRT,G2,9,5,H0003431,ウマ3431,セ,2020,鈴木 花子,54.0,29,0.313,0.133,0.618,3
286,レース0286,2025-05-23,阪神,2400,DIRT,G2,10,5,H0003432,ウマ3432,牝,2020,加藤 楓,54.0,11,0.023,0.121,0.612,8
286,レース0286,2025-05-23,阪神,2400,DIRT,G2,11,6,H0003433,ウマ3433,牡,2020,田中 一郎,54.0,4,0.236,0.03,0.545,12
286,レース0286,2025-05-23,阪神,2400,DIRT,G2,12,6,H0003434,ウマ3434,牡,2022,伊藤 翼,55.0,24,0.054,0.1,0.347,14
286,レース0286,2025-05-23,阪神,2400,DIRT,G2,13,7,H0003435,ウマ3435,牝,2020,高橋 大輔,58.0,24,0.347,0.113,0.333,4
286,レース0286,2025-05-23,阪神,2400,DIRT,G2,14,7,H0003436,ウマ3436,セ,2020,小林 蓮,56.0,24,0.072,0.148,0.521,13
286,レース0286,2025-05-23,阪神,2400,DIRT,G2,15,8,H0003437,ウマ3437,牝,2021,中村 駿,57.0,5,0.372,0.041,0.678,2
287,レース0287,2025-03-01,中山,2000,TURF,G3,1,1,H0003438,ウマ3438,牝,2021,鈴木 花子,58.0,18,0.159,0.059,0.71,4
287,レース0287,2025-03-01,中山,2000,TURF,G3,2,1,H0003439,ウマ3439,牝,2021,鈴木 花子,54.0,25,0.084,0.177,0.351,8
287,レース0287,2025-03-01,中山,2000,TURF,G3,3,2,H0003440,ウマ3440,牝,2022,山本 陽,57.0,21,0.077,0.082,0.373,9
287,レース0287,2025-03-01,中山,2000,TURF,G3,4,2,H0003441,ウマ3441,セ,2022,鈴木 花子,55.0,25,0.34,0.169,0.521,2
287,レース0287,2025-03-01,中山,2000,TURF,G3,5,3,H0003442,ウマ3442,牡,2022,佐藤 健,55.0,23,0.186,0.098,0.494,1
287,レース0287,2025-03-01,中山,2000,TURF,G3,6,3,H0003443,ウマ3443,セ,2021,山本 陽,58.0,30,0.235,0.045,0.645,6
287,レース0287,2025-03-01,中山,2000,TURF,G3,7,4,H0003444,ウマ3444,牝,2020,山本 陽,55.0,16,0.151,0.099,0.438,3
287,レース0287,2025-03-01,中山,2000,TURF,G3,8,4,H0003445,ウマ3445,セ,2022,中村 駿,55.0,27,0.185,0.091,0.491,5
287,レース0287,2025-03-01,中山,2000,TURF,G3,9,5,H0003446,ウマ3446,牡,2020,伊藤 翼,58.0,28,0.113,0.112,0.335,10
287,レース0287,2025-03-01,中山,2000,TURF,G3,10,5,H0003447,ウマ3447,セ,2021,小林 蓮,58.0,5,0.243,0.124,0.514,7
288,レース0288,2025-11-13,京都,2000,DIRT,G1,1,1,H0003448,ウマ3448,セ,2020,佐藤 健,57.0,14,0.189,0.12,0.447,8
288,レース0288,2025-11-13,京都,2000,DIRT,G1,2,1,H0003449,ウマ3449,牝,2020,鈴木 花子,57.0,16,0.058,0.094,0.84,2
288,レース0288,2025-11-13,京都,2000,DIRT,G1,3,2,H0003450,ウマ3450,牡,2020,佐藤 健,57.0,9,0.194,0.165,0.81,3
288,レース0288,2025-11-13,京都,2000,DIRT,G1,4,2,H0003451,ウマ3451,セ,2022,山本 陽,58.0,21,0.146,0.168,0.53,9
288,レース0288,2025-11-13,京都,2000,DIRT,G1,5,3,H0003452,ウマ3452,セ,2020,山本 陽,55.0,29,0.178,0.184,0.489,6
288,レース0288,2025-11-13,京都,2000,DIRT,G1,6,3,H0003453,ウマ3453,セ,2020,伊藤 翼,54.0,26,0.114,0.175,0.281,13
288,レース0288,2025-11-13,京都,2000,DIRT,G1,7,4,H0003454,ウマ3454,セ,2020,中村 駿,54.0,17,0.107,0.058,0.632,12
288,レース0288,2025-11-13,京都,2000,DIRT,G1,8,4,H0003455,ウマ3455,牝,2021,鈴木 花子,57.0,6,0.321,0.136,0.14,4
288,レース0288,2025-11-13,京都,2000,DIRT,G1,9,5,H0003456,ウマ3456,牡,2020,高橋 大輔,56.0,3,0.283,0.195,0.92,1
288,レース0288,2025-11-13,京都,2000,DIRT,G1,10,5,H0003457,ウマ3457,セ,2022,佐藤 健,54.0,21,0.212,0.07,0.26,11
288,レース0288,2025-11-13,京都,2000,DIRT,G1,11,6,H0003458,ウマ3458,牝,2020,佐藤 健,58.0,28,0.352,0.199,0.493,5
288,レース0288,2025-11-13,京都,2000,DIRT,G1,12,6,H0003459,ウマ3459,セ,2021,高橋 大輔,55.0,25,0.325,0.197,0.461,7
288,レース0288,2025-11-13,京都,2000,DIRT,G1,13,7,H0003460,ウマ3460,牡,2020,田中 一郎,56.0,18,0.08,0.088,0.625,10
289,レース0289,2025-01-18,東京,2000,TURF,未勝利,1,1,H0003461,ウマ3461,牡,2021,山本 陽,57.0,25,0.149,0.19,0.544,5
289,レース0289,2025-01-18,東京,2000,TURF,未勝利,2,1,H0003462,ウマ3462,牡,2022,渡辺 美咲,57.0,14,0.315,0.035,0.711,4
289,レース0289,2025-01-18,東京,2000,TURF,未勝利,3,2,H0003463,ウマ3463,牡,2022,伊藤 翼,54.0,25,0.113,0.196,0.998,1
289,レース0289,2025-01-18,東京,2000,TURF,未勝利,4,2,H0003464,ウマ3464,牡,2020,田中 一郎,55.0,3,0.208,0.093,0.517,7
289,レース0289,2025-01-18,東京,2000,TURF,未勝利,5,3,H0003465,ウマ3465,セ,2022,加藤 楓,56.0,10,0.183,0.137,0.46,9
289,レース0289,2025-01-18,東京,2000,TURF,未勝利,6,3,H0003466,ウマ3466,セ,2021,高橋 大輔,56.0,17,0.194,0.238,0.557,2
289,レース0289,2025-01-18,東京,2000,TURF,未勝利,7,4,H0003467,ウマ3467,セ,2020,山本 陽,58.0,6,0.15,0.16,0.694,6
289,レース0289,2025-01-18,東京,2000,TURF,未勝利,8,4,H0003468,ウマ3468,牝,2022,中村 駿,55.0,29,0.243,0.184,0.345,8
289,レース0289,2025-01-18,東京,2000,TURF,未勝利,9,5,H0003469,ウマ3469,牝,2021,鈴木 花子,54.0,3,0.045,0.101,0.503,10
289,レース0289,2025-01-18,東京,2000,TURF,未勝利,10,5,H0003470,ウマ3470,牡,2020,加藤 楓,56.0,12,0.244,0.089,0.673,3
290,レース0290,2025-12-21,京都,1200,TURF,2勝,1,1,H0003471,ウマ3471,セ,2020,伊藤 翼,55.0,6,0.256,0.159,0.821,2
290,レース0290,2025-12-21,京都,1200,TURF,2勝,2,1,H0003472,ウマ3472,牝,2022,山本 陽,54.0,25,0.35,0.134,0.564,4
290,レース0290,2025-12-21,京都,1200,TURF,2勝,3,2,H0003473,ウマ3473,牝,2020,高橋 大輔,55.0,25,0.054,0.171,0.563,12
290,レース0290,2025-12-21,京都,1200,TURF,2勝,4,2,H0003474,ウマ3474,牝,2022,加藤 楓,58.0,9,0.135,0.168,0.776,3
290,レース0290,2025-12-21,京都,1200,TURF,2勝,5,3,H0003475,ウマ3475,セ,2022,伊藤 翼,56.0,18,0.309,0.123,0.463,7
290,レース0290,2025-12-21,京都,1200,TURF,2勝,6,3,H0003476,ウマ3476,セ,2020,山本 陽,56.0,14,0.13,0.161,0.547,8
290,レース0290,2025-12-21,京都,1200,TURF,2勝,7,4,H0003477,ウマ3477,牝,2022,中村 駿,55.0,29,0.221,0.137,0.67,5
290,レース0290,2025-12-21,京都,1200,TURF,2勝,8,4,H0003478,ウマ3478,牡,2021,田中 一郎,58.0,10,0.234,0.153,0.728,6
290,レース0290,2025-12-21,京都,1200,TURF,2勝,9,5,H0003479,ウマ3479,牝,2022,加藤 楓,55.0,3,0.265,0.157,0.516,10
290,レース0290,2025-12-21,京都,1200,TURF,2勝,10,5,H0003480,ウマ3480,牝,2020,伊藤 翼,54.0,29,0.177,0.112,0.318,11
290,レース0290,2025-12-21,京都,1200,TURF,2勝,11,6,H0003481,ウマ3481,牝,2022,渡辺 美咲,56.0,22,0.226,0.112,0.677,1
290,レース0290,2025-12-21,京都,1200,TURF,2勝,12,6,H0003482,ウマ3482,牝,2021,小林 蓮,56.0,18,0.177,0.141,0.512,9
291,レース0291,2025-01-23,東京,1800,TURF,OP,1,1,H0003483,ウマ3483,セ,2020,鈴木 花子,56.0,15,0.152,0.172,0.465,4
291,レース0291,2025-01-23,東京,1800,TURF,OP,2,1,H0003484,ウマ3484,セ,2021,田中 一郎,56.0,28,0.206,0.195,0.551,1
291,レース0291,2025-01-23,東京,1800,TURF,OP,3,2,H0003485,ウマ3485,牡,2020,中村 駿,55.0,25,0.188,0.03,0.299,8
291,レース0291,2025-01-23,東京,1800,TURF,OP,4,2,H0003486,ウマ3486,セ,2020,伊藤 翼,54.0,17,0.0,0.044,0.508,9
291,レース0291,2025-01-23,東京,1800,TURF,OP,5,3,H0003487,ウマ3487,セ,2022,高橋 大輔,58.0,3,0.044,0.164,0.697,2
291,レース0291,2025-01-23,東京,1800,TURF,OP,6,3,H0003488,ウマ3488,牡,2022,鈴木 花子,56.0,26,0.258,0.087,0.176,6
291,レース0291,2025-01-23,東京,1800,TURF,OP,7,4,H0003489,ウマ3489,セ,2020,小林 蓮,58.0,6,0.184,0.225,0.346,3
291,レース0291,2025-01-23,東京,1800,TURF,OP,8,4,H0003490,ウマ3490,牡,2020,加藤 楓,57.0,24,0.102,0.053,0.242,5
291,レース0291,2025-01-23,東京,1800,TURF,OP,9,5,H0003491,ウマ3491,セ,2022,加藤 楓,55.0,30,0.068,0.136,0.383,7
292,レース0292,2025-04-19,阪神,2000,TURF,3勝,1,1,H0003492,ウマ3492,セ,2020,田中 一郎,54.0,18,0.17,0.054,0.607,6
292,レース0292,2025-04-19,阪神,2000,TURF,3勝,2,1,H0003493,ウマ3493,牝,2021,伊藤 翼,56.0,30,0.19,0.196,0.173,11
292,レース0292,2025-04-19,阪神,2000,TURF,3勝,3,2,H0003494,ウマ3494,セ,2020,中村 駿,54.0,7,0.013,0.142,0.412,14
292,レース0292,2025-04-19,阪神,2000,TURF,3勝,4,2,H0003495,ウマ3495,牝,2022,鈴木 花子,56.0,25,0.064,0.187,0.405,12
292,レース0292,2025-04-19,阪神,2000,TURF,3勝,5,3,H0003496,ウマ3496,セ,2022,加藤 楓,56.0,9,0.289,0.039,0.817,4
292,レース0292,2025-04-19,阪神,2000,TURF,3勝,6,3,H0003497,ウマ3497,牝,2022,山本 陽,58.0,16,0.275,0.101,0.796,2
292,レース0292,2025-04-19,阪神,2000,TURF,3勝,7,4,H0003498,ウマ3498,牡,2022,小林 蓮,57.0,13,0.144,0.066,0.817,5
292,レース0292,2025-04-19,阪神,2000,TURF,3勝,8,4,H0003499,ウマ3499,牡,2021,田中 一郎,58.0,18,0.0,0.203,0.384,16
292,レース0292,2025-04-19,阪神,2000,TURF,3勝,9,5,H0003500,ウマ3500,セ,2022,鈴木 花子,54.0,28,0.152,0.172,0.317,3
292,レース0292,2025-04-19,阪神,2000,TURF,3勝,10,5,H0003501,ウマ3501,牡,2022,田中 一郎,55.0,18,0.141,0.078,0.627,10
292,レース0292,2025-04-19,阪神,2000,TURF,3勝,11,6,H0003502,ウマ3502,牡,2020,加藤 楓,58.0,13,0.169,0.095,0.544,13
292,レース0292,2025-04-19,阪神,2000,TURF,3勝,12,6,H0003503,ウマ3503,セ,2021,田中 一郎,58.0,26,0.167,0.166,0.639,7
292,レース0292,2025-04-19,阪神,2000,TURF,3勝,13,7,H0003504,ウマ3504,セ,2021,渡辺 美咲,55.0,9,0.29,0.138,0.621,1
292,レース0292,2025-04-19,阪神,2000,TURF,3勝,14,7,H0003505,ウマ3505,牝,2020,伊藤 翼,54.0,22,0.216,0.161,0.453,9
292,レース0292,2025-04-19,阪神,2000,TURF,3勝,15,8,H0003506,ウマ3506,牝,2021,鈴木 花子,55.0,12,0.047,0.118,0.442,15
292,レース0292,2025-04-19,阪神,2000,TURF,3勝,16,8,H0003507,ウマ3507,牝,2022,小林 蓮,56.0,4,0.07,0.162,0.73,8
293,レース0293,2025-08-09,東京,1800,TURF,G2,1,1,H0003508,ウマ3508,牝,2022,伊藤 翼,56.0,28,0.102,0.177,0.634,6
293,レース0293,2025-08-09,東京,1800,TURF,G2,2,1,H0003509,ウマ3509,セ,2022,鈴木 花子,58.0,23,0.092,0.139,0.559,9
293,レース0293,2025-08-09,東京,1800,TURF,G2,3,2,H0003510,ウマ3510,牝,2020,小林 蓮,54.0,26,0.137,0.175,0.766,1
293,レース0293,2025-08-09,東京,1800,TURF,G2,4,2,H0003511,ウマ3511,セ,2022,田中 一郎,58.0,14,0.018,0.191,0.6,7
293,レース0293,2025-08-09,東京,1800,TURF,G2,5,3,H0003512,ウマ3512,牡,2022,田中 一郎,58.0,11,0.225,0.099,0.646,2
293,レース0293,2025-08-09,東京,1800,TURF,G2,6,3,H0003513,ウマ3513,牝,2020,渡辺 美咲,54.0,16,0.125,0.162,0.77,4
293,レース0293,2025-08-09,東京,1800,TURF,G2,7,4,H0003514,ウマ3514,セ,2021,高橋 大輔,58.0,10,0.136,0.189,0.559,5
293,レース0293,2025-08-09,東京,1800,TURF,G2,8,4,H0003515,ウマ3515,セ,2021,田中 一郎,58.0,3,0.117,0.084,0.624,10
293,レース0293,2025-08-09,東京,1800,TURF,G2,9,5,H0003516,ウマ3516,牝,2022,佐藤 健,55.0,16,0.134,0.054,0.516,8
293,レース0293,2025-08-09,東京,1800,TURF,G2,10,5,H0003517,ウマ3517,牝,2021,渡辺 美咲,55.0,24,0.269,0.089,0.661,3
294,レース0294,2025-07-21,阪神,1800,TURF,G1,1,1,H0003518,ウマ3518,セ,2020,佐藤 健,54.0,4,0.305,0.182,0.475,1
294,レース0294,2025-07-21,阪神,1800,TURF,G1,2,1,H0003519,ウマ3519,セ,2021,佐藤 健,54.0,6,0.292,0.153,0.59,6
294,レース0294,2025-07-21,阪神,1800,TURF,G1,3,2,H0003520,ウマ3520,セ,2020,高橋 大輔,58.0,21,0.255,0.07,0.746,4
294,レース0294,2025-07-21,阪神,1800,TURF,G1,4,2,H0003521,ウマ3521,セ,2022,佐藤 健,58.0,6,0.163,0.032,0.768,3
294,レース0294,2025-07-21,阪神,1800,TURF,G1,5,3,H0003522,ウマ3522,牡,2020,中村 駿,54.0,4,0.233,0.175,0.553,7
294,レース0294,2025-07-21,阪神,1800,TURF,G1,6,3,H0003523,ウマ3523,牝,2022,伊藤 翼,55.0,8,0.308,0.05,0.621,5
294,レース0294,2025-07-21,阪神,1800,TURF,G1,7,4,H0003524,ウマ3524,牝,2021,加藤 楓,56.0,20,0.216,0.114,0.567,8
294,レース0294,2025-07-21,阪神,1800,TURF,G1,8,4,H0003525,ウマ3525,牡,2020,加藤 楓,54.0,29,0.302,0.073,0.874,2
295,レース0295,2025-05-09,東京,1800,TURF,G1,1,1,H0003526,ウマ3526,牡,2022,伊藤 翼,58.0,18,0.047,0.085,0.645,3
295,レース0295,2025-05-09,東京,1800,TURF,G1,2,1,H0003527,ウマ3527,牝,2021,佐藤 健,54.0,25,0.034,0.183,0.31,6
295,レース0295,2025-05-09,東京,1800,TURF,G1,3,2,H0003528,ウマ3528,牝,2020,小林 蓮,56.0,20,0.249,0.052,0.262,7
295,レース0295,2025-05-09,東京,1800,TURF,G1,4,2,H0003529,ウマ3529,牡,2022,山本 陽,56.0,11,0.113,0.138,0.159,8
295,レース0295,2025-05-09,東京,1800,TURF,G1,5,3,H0003530,ウマ3530,牡,2021,鈴木 花子,57.0,7,0.186,0.081,0.653,1
295,レース0295,2025-05-09,東京,1800,TURF,G1,6,3,H0003531,ウマ3531,牡,2021,加藤 楓,55.0,4,0.269,0.096,0.201,4
295,レース0295,2025-05-09,東京,1800,TURF,G1,7,4,H0003532,ウマ3532,セ,2022,鈴木 花子,55.0,25,0.042,0.138,0.457,2
295,レース0295,2025-05-09,東京,1800,TURF,G1,8,4,H0003533,ウマ3533,牝,2020,加藤 楓,56.0,16,0.126,0.092,0.581,5
296,レース0296,2025-09-17,京都,2400,DIRT,1勝,1,1,H0003534,ウマ3534,牝,2022,渡辺 美咲,57.0,23,0.194,0.163,0.558,3
296,レース0296,2025-09-17,京都,2400,DIRT,1勝,2,1,H0003535,ウマ3535,牝,2020,加藤 楓,55.0,24,0.273,0.152,0.17,5
296,レース0296,2025-09-17,京都,2400,DIRT,1勝,3,2,H0003536,ウマ3536,牝,2020,鈴木 花子,56.0,21,0.151,0.038,0.944,2
296,レース0296,2025-09-17,京都,2400,DIRT,1勝,4,2,H0003537,ウマ3537,牡,2022,鈴木 花子,54.0,18,0.0,0.047,0.418,8
296,レース0296,2025-09-17,京都,2400,DIRT,1勝,5,3,H0003538,ウマ3538,牡,2021,佐藤 健,57.0,4,0.156,0.19,0.552,4
296,レース0296,2025-09-17,京都,2400,DIRT,1勝,6,3,H0003539,ウマ3539,牡,2020,中村 駿,56.0,20,0.051,0.139,0.54,7
296,レース0296,2025-09-17,京都,2400,DIRT,1勝,7,4,H0003540,ウマ3540,セ,2020,伊藤 翼,58.0,16,0.15,0.059,0.411,6
296,レース0296,2025-09-17,京都,2400,DIRT,1勝,8,4,H0003541,ウマ3541,牡,2022,小林 蓮,58.0,4,0.206,0.138,0.628,1
297,レース0297,2025-01-12,阪神,1200,DIRT,G3,1,1,H0003542,ウマ3542,牡,2022,高橋 大輔,56.0,25,0.174,0.174,0.6,5
297,レース0297,2025-01-12,阪神,1200,DIRT,G3,2,1,H0003543,ウマ3543,牝,2021,山本 陽,55.0,28,0.157,0.102,1.0,2
297,レース0297,2025-01-12,阪神,1200,DIRT,G3,3,2,H0003544,ウマ3544,セ,2022,渡辺 美咲,57.0,23,0.314,0.098,0.464,4
297,レース0297,2025-01-12,阪神,1200,DIRT,G3,4,2,H0003545,ウマ3545,牝,2020,渡辺 美咲,57.0,7,0.195,0.197,0.393,6
297,レース0297,2025-01-12,阪神,1200,DIRT,G3,5,3,H0003546,ウマ3546,牝,2022,佐藤 健,58.0,4,0.343,0.074,0.731,1
297,レース0297,2025-01-12,阪神,1200,DIRT,G3,6,3,H0003547,ウマ3547,牡,2022,渡辺 美咲,55.0,5,0.162,0.18,0.787,3
297,レース0297,2025-01-12,阪神,1200,DIRT,G3,7,4,H0003548,ウマ3548,セ,2020,小林 蓮,55.0,28,0.282,0.263,0.205,7
297,レース0297,2025-01-12,阪神,1200,DIRT,G3,8,4,H0003549,ウマ3549,セ,2020,中村 駿,58.0,27,0.047,0.168,0.534,8
297,レース0297,2025-01-12,阪神,1200,DIRT,G3,9,5,H0003550,ウマ3550,牡,2021,伊藤 翼,56.0,22,0.026,0.213,0.379,9
298,レース0298,2025-09-17,京都,2000,DIRT,1勝,1,1,H0003551,ウマ3551,牝,2022,中村 駿,55.0,8,0.243,0.149,0.385,2
298,レース0298,2025-09-17,京都,2000,DIRT,1勝,2,1,H0003552,ウマ3552,牝,2021,田中 一郎,56.0,21,0.11,0.127,0.604,5
298,レース0298,2025-09-17,京都,2000,DIRT,1勝,3,2,H0003553,ウマ3553,牝,2022,山本 陽,55.0,6,0.095,0.087,0.585,6
298,レース0298,2025-09-17,京都,2000,DIRT,1勝,4,2,H0003554,ウマ3554,セ,2021,鈴木 花子,54.0,20,0.247,0.15,0.601,1
298,レース0298,2025-09-17,京都,2000,DIRT,1勝,5,3,H0003555,ウマ3555,牡,2020,高橋 大輔,56.0,14,0.18,0.205,0.747,3
298,レース0298,2025-09-17,京都,2000,DIRT,1勝,6,3,H0003556,ウマ3556,牡,2022,小林 蓮,58.0,26,0.106,0.154,0.386,7
298,レース0298,2025-09-17,京都,2000,DIRT,1勝,7,4,H0003557,ウマ3557,牡,2020,佐藤 健,54.0,24,0.135,0.062,0.427,4
298,レース0298,2025-09-17,京都,2000,DIRT,1勝,8,4,H0003558,ウマ3558,牝,2022,佐藤 健,56.0,3,0.015,0.155,0.44,8
299,レース0299,2025-10-17,京都,2000,DIRT,G3,1,1,H0003559,ウマ3559,牡,2020,伊藤 翼,54.0,18,0.321,0.046,0.75,2
299,レース0299,2025-10-17,京都,2000,DIRT,G3,2,1,H0003560,ウマ3560,牝,2021,田中 一郎,58.0,12,0.126,0.168,0.526,10
299,レース0299,2025-10-17,京都,2000,DIRT,G3,3,2,H0003561,ウマ3561,セ,2021,佐藤 健,58.0,5,0.211,0.164,0.469,4
299,レース0299,2025-10-17,京都,2000,DIRT,G3,4,2,H0003562,ウマ3562,セ,2020,伊藤 翼,55.0,14,0.192,0.128,0.623,7
299,レース0299,2025-10-17,京都,2000,DIRT,G3,5,3,H0003563,ウマ3563,セ,2022,山本 陽,57.0,17,0.219,0.064,0.701,5
299,レース0299,2025-10-17,京都,2000,DIRT,G3,6,3,H0003564,ウマ3564,牝,2021,伊藤 翼,57.0,13,0.123,0.077,0.43,8
299,レース0299,2025-10-17,京都,2000,DIRT,G3,7,4,H0003565,ウマ3565,牡,2022,佐藤 健,55.0,26,0.0,0.122,0.575,11
299,レース0299,2025-10-17,京都,2000,DIRT,G3,8,4,H0003566,ウマ3566,牡,2022,渡辺 美咲,55.0,22,0.0,0.271,0.332,12
299,レース0299,2025-10-17,京都,2000,DIRT,G3,9,5,H0003567,ウマ3567,牝,2020,加藤 楓,58.0,22,0.053,0.161,0.275,13
299,レース0299,2025-10-17,京都,2000,DIRT,G3,10,5,H0003568,ウマ3568,セ,2021,伊藤 翼,56.0,18,0.42,0.158,0.568,1
299,レース0299,2025-10-17,京都,2000,DIRT,G3,11,6,H0003569,ウマ3569,牡,2021,中村 駿,54.0,20,0.105,0.098,0.59,6
299,レース0299,2025-10-17,京都,2000,DIRT,G3,12,6,H0003570,ウマ3570,牡,2020,小林 蓮,55.0,3,0.099,0.139,0.458,9
299,レース0299,2025-10-17,京都,2000,DIRT,G3,13,7,H0003571,ウマ3571,牡,2021,田中 一郎,56.0,7,0.135,0.092,0.549,3
300,レース0300,2025-01-07,阪神,1400,DIRT,OP,1,1,H0003572,ウマ3572,セ,2022,小林 蓮,55.0,5,0.202,0.196,0.16,5
300,レース0300,2025-01-07,阪神,1400,DIRT,OP,2,1,H0003573,ウマ3573,牡,2020,佐藤 健,56.0,23,0.056,0.114,0.63,7
300,レース0300,2025-01-07,阪神,1400,DIRT,OP,3,2,H0003574,ウマ3574,牡,2022,小林 蓮,54.0,20,0.244,0.186,0.654,1
300,レース0300,2025-01-07,阪神,1400,DIRT,OP,4,2,H0003575,ウマ3575,セ,2021,加藤 楓,56.0,15,0.181,0.114,0.493,6
300,レース0300,2025-01-07,阪神,1400,DIRT,OP,5,3,H0003576,ウマ3576,牝,2020,加藤 楓,56.0,3,0.202,0.097,0.668,2
300,レース0300,2025-01-07,阪神,1400,DIRT,OP,6,3,H0003577,ウマ3577,牡,2022,加藤 楓,55.0,25,0.27,0.215,0.503,4
300,レース0300,2025-01-07,阪神,1400,DIRT,OP,7,4,H0003578,ウマ3578,牝,2022,伊藤 翼,54.0,15,0.129,0.078,0.502,3
300,レース0300,2025-01-07,阪神,1400,DIRT,OP,8,4,H0003579,ウマ3579,牡,2022,加藤 楓,58.0,12,0.059,0.088,0.397,9
300,レース0300,2025-01-07,阪神,1400,DIRT,OP,9,5,H0003580,ウマ3580,牡,2022,高橋 大輔,55.0,29,0.167,0.117,0.565,8
300,レース0300,2025-01-07,阪神,1400,DIRT,OP,10,5,H0003581,ウマ3581,セ,2020,高橋 大輔,57.0,26,0.105,0.048,0.2,10
301,レース0301,2025-09-14,東京,1800,TURF,1勝,1,1,H0003582,ウマ3582,セ,2021,加藤 楓,57.0,15,0.135,0.156,0.538,5
301,レース0301,2025-09-14,東京,1800,TURF,1勝,2,1,H0003583,ウマ3583,セ,2021,中村 駿,55.0,3,0.322,0.221,0.458,3
301,レース0301,2025-09-14,東京,1800,TURF,1勝,3,2,H0003584,ウマ3584,牝,2021,加藤 楓,58.0,10,0.031,0.125,0.449,6
301,レース0301,2025-09-14,東京,1800,TURF,1勝,4,2,H0003585,ウマ3585,セ,2020,高橋 大輔,57.0,11,0.227,0.083,0.81,7
301,レース0301,2025-09-14,東京,1800,TURF,1勝,5,3,H0003586,ウマ3586,牝,2021,佐藤 健,56.0,9,0.252,0.1,0.423,8
301,レース0301,2025-09-14,東京,1800,TURF,1勝,6,3,H0003587,ウマ3587,牡,2020,伊藤 翼,57.0,13,0.225,0.123,0.665,4
301,レース0301,2025-09-14,東京,1800,TURF,1勝,7,4,H0003588,ウマ3588,牡,2020,小林 蓮,58.0,10,0.018,0.144,0.765,9
301,レース0301,2025-09-14,東京,1800,TURF,1勝,8,4,H0003589,ウマ3589,牡,2021,佐藤 健,57.0,28,0.176,0.056,0.709,2
301,レース0301,2025-09-14,東京,1800,TURF,1勝,9,5,H0003590,ウマ3590,牝,2021,中村 駿,55.0,19,0.261,0.128,0.855,1
301,レース0301,2025-09-14,東京,1800,TURF,1勝,10,5,H0003591,ウマ3591,牝,2022,田中 一郎,57.0,12,0.054,0.076,0.345,10
302,レース0302,2025-06-26,東京,1800,DIRT,G2,1,1,H0003592,ウマ3592,セ,2021,高橋 大輔,56.0,19,0.0,0.068,0.421,9
302,レース0302,2025-06-26,東京,1800,DIRT,G2,2,1,H0003593,ウマ3593,牝,2022,伊藤 翼,54.0,26,0.057,0.186,0.673,5
302,レース0302,2025-06-26,東京,1800,DIRT,G2,3,2,H0003594,ウマ3594,セ,2020,山本 陽,55.0,30,0.117,0.102,0.364,8
302,レース0302,2025-06-26,東京,1800,DIRT,G2,4,2,H0003595,ウマ3595,セ,2021,田中 一郎,56.0,3,0.304,0.163,0.499,3
302,レース0302,2025-06-26,東京,1800,DIRT,G2,5,3,H0003596,ウマ3596,セ,2021,渡辺 美咲,55.0,21,0.3,0.102,0.391,4
302,レース0302,2025-06-26,東京,1800,DIRT,G2,6,3,H0003597,ウマ3597,牝,2020,加藤 楓,56.0,22,0.253,0.067,0.531,6
302,レース0302,2025-06-26,東京,1800,DIRT,G2,7,4,H0003598,ウマ3598,牡,2020,高橋 大輔,55.0,21,0.232,0.122,0.606,1
302,レース0302,2025-06-26,東京,1800,DIRT,G2,8,4,H0003599,ウマ3599,牝,2020,加藤 楓,57.0,10,0.042,0.124,0.574,7
302,レース0302,2025-06-26,東京,1800,DIRT,G2,9,5,H0003600,ウマ3600,セ,2020,田中 一郎,58.0,20,0.397,0.131,0.739,2
303,レース0303,2025-08-09,東京,1400,DIRT,OP,1,1,H0003601,ウマ3601,セ,2021,鈴木 花子,57.0,13,0.211,0.102,0.519,4
303,レース0303,2025-08-09,東京,1400,DIRT,OP,2,1,H0003602,ウマ3602,牝,2021,山本 陽,57.0,24,0.191,0.173,0.473,3
303,レース0303,2025-08-09,東京,1400,DIRT,OP,3,2,H0003603,ウマ3603,牝,2020,渡辺 美咲,58.0,13,0.247,0.102,0.317,5
303,レース0303,2025-08-09,東京,1400,DIRT,OP,4,2,H0003604,ウマ3604,セ,2022,鈴木 花子,57.0,17,0.184,0.159,0.469,7
303,レース0303,2025-08-09,東京,1400,DIRT,OP,5,3,H0003605,ウマ3605,セ,2020,山本 陽,56.0,14,0.261,0.17,0.87,1
303,レース0303,2025-08-09,東京,1400,DIRT,OP,6,3,H0003606,ウマ3606,セ,2021,佐藤 健,55.0,28,0.021,0.201,0.452,6
303,レース0303,2025-08-09,東京,1400,DIRT,OP,7,4,H0003607,ウマ3607,牡,2021,渡辺 美咲,58.0,6,0.376,0.081,0.794,2
303,レース0303,2025-08-09,東京,1400,DIRT,OP,8,4,H0003608,ウマ3608,牝,2021,伊藤 翼,55.0,25,0.084,0.178,0.374,8
304,レース0304,2025-01-26,京都,1200,TURF,OP,1,1,H0003609,ウマ3609,牡,2022,加藤 楓,56.0,7,0.197,0.105,0.341,10
304,レース0304,2025-01-26,京都,1200,TURF,OP,2,1,H0003610,ウマ3610,牡,2020,鈴木 花子,56.0,28,0.068,0.125,0.608,5
304,レース0304,2025-01-26,京都,1200,TURF,OP,3,2,H0003611,ウマ3611,牝,2020,伊藤 翼,55.0,23,0.317,0.265,0.656,2
304,レース0304,2025-01-26,京都,1200,TURF,OP,4,2,H0003612,ウマ3612,牡,2022,鈴木 花子,58.0,29,0.129,0.175,0.278,12
304,レース0304,2025-01-26,京都,1200,TURF,OP,5,3,H0003613,ウマ3613,牝,2022,山本 陽,56.0,4,0.156,0.126,0.498,6
304,レース0304,2025-01-26,京都,1200,TURF,OP,6,3,H0003614,ウマ3614,牝,2020,佐藤 健,57.0,28,0.05,0.119,0.409,11
304,レース0304,2025-01-26,京都,1200,TURF,OP,7,4,H0003615,ウマ3615,セ,2020,鈴木 花子,54.0,9,0.236,0.11,0.637,4
304,レース0304,2025-01-26,京都,1200,TURF,OP,8,4,H0003616,ウマ3616,セ,2022,渡辺 美咲,55.0,18,0.243,0.155,0.269,9
304,レース0304,2025-01-26,京都,1200,TURF,OP,9,5,H0003617,ウマ3617,牝,2022,中村 駿,55.0,5,0.237,0.145,0.577,3
304,レース0304,2025-01-26,京都,1200,TURF,OP,10,5,H0003618,ウマ3618,牡,2020,田中 一郎,55.0,27,0.055,0.145,0.672,8
304,レース0304,2025-01-26,京都,1200,TURF,OP,11,6,H0003619,ウマ3619,牡,2020,伊藤 翼,54.0,21,0.199,0.148,0.509,1
304,レース0304,2025-01-26,京都,1200,TURF,OP,12,6,H0003620,ウマ3620,セ,2020,加藤 楓,55.0,20,0.123,0.171,0.372,7
305,レース0305,2025-05-26,東京,2400,DIRT,1勝,1,1,H0003621,ウマ3621,牡,2022,佐藤 健,58.0,5,0.143,0.155,0.589,2
305,レース0305,2025-05-26,東京,2400,DIRT,1勝,2,1,H0003622,ウマ3622,セ,2022,高橋 大輔,57.0,6,0.142,0.114,0.447,3
305,レース0305,2025-05-26,東京,2400,DIRT,1勝,3,2,H0003623,ウマ3623,牝,2022,鈴木 花子,57.0,18,0.132,0.14,0.574,11
305,レース0305,2025-05-26,東京,2400,DIRT,1勝,4,2,H0003624,ウマ3624,セ,2020,山本 陽,55.0,6,0.0,0.215,0.731,8
305,レース0305,2025-05-26,東京,2400,DIRT,1勝,5,3,H0003625,ウマ3625,セ,2020,佐藤 健,54.0,3,0.302,0.073,0.502,9
305,レース0305,2025-05-26,東京,2400,DIRT,1勝,6,3,H0003626,ウマ3626,牝,2022,渡辺 美咲,56.0,16,0.183,0.142,0.025,13
305,レース0305,2025-05-26,東京,2400,DIRT,1勝,7,4,H0003627,ウマ3627,セ,2021,小林 蓮,57.0,14,0.283,0.14,0.542,5
305,レース0305,2025-05-26,東京,2400,DIRT,1勝,8,4,H0003628,ウマ3628,牡,2021,高橋 大輔,57.0,6,0.289,0.13,0.446,10
305,レース0305,2025-05-26,東京,2400,DIRT,1勝,9,5,H0003629,ウマ3629,牡,2022,田中 一郎,58.0,13,0.045,0.188,0.311,16
305,レース0305,2025-05-26,東京,2400,DIRT,1勝,10,5,H0003630,ウマ3630,牡,2020,山本 陽,57.0,22,0.0,0.14,0.277,12
305,レース0305,2025-05-26,東京,2400,DIRT,1勝,11,6,H0003631,ウマ3631,牝,2022,山本 陽,57.0,11,0.068,0.189,0.719,14
305,レース0305,2025-05-26,東京,2400,DIRT,1勝,12,6,H0003632,ウマ3632,セ,2020,佐藤 健,57.0,27,0.214,0.075,0.689,6
305,レース0305,2025-05-26,東京,2400,DIRT,1勝,13,7,H0003633,ウマ3633,牡,2020,山本 陽,56.0,18,0.182,0.207,0.745,1
305,レース0305,2025-05-26,東京,2400,DIRT,1勝,14,7,H0003634,ウマ3634,牡,2020,佐藤 健,54.0,9,0.218,0.142,0.501,7
305,レース0305,2025-05-26,東京,2400,DIRT,1勝,15,8,H0003635,ウマ3635,牝,2021,加藤 楓,58.0,25,0.128,0.222,0.606,4
305,レース0305,2025-05-26,東京,2400,DIRT,1勝,16,8,H0003636,ウマ3636,牝,2022,田中 一郎,55.0,29,0.092,0.098,0.531,15
306,レース0306,2025-09-27,中山,2000,TURF,2勝,1,1,H0003637,ウマ3637,牡,2020,山本 陽,56.0,27,0.132,0.059,0.395,13
306,レース0306,2025-09-27,中山,2000,TURF,2勝,2,1,H0003638,ウマ3638,牡,2021,加藤 楓,57.0,30,0.155,0.179,0.705,5
306,レース0306,2025-09-27,中山,2000,TURF,2勝,3,2,H0003639,ウマ3639,牝,2020,中村 駿,55.0,21,0.256,0.202,0.347,8
306,レース0306,2025-09-27,中山,2000,TURF,2勝,4,2,H0003640,ウマ3640,牡,2021,高橋 大輔,55.0,16,0.229,0.148,0.451,9
306,レース0306,2025-09-27,中山,2000,TURF,2勝,5,3,H0003641,ウマ3641,セ,2021,伊藤 翼,56.0,6,0.177,0.178,0.479,10
306,レース0306,2025-09-27,中山,2000,TURF,2勝,6,3,H0003642,ウマ3642,牝,2020,鈴木 花子,54.0,17,0.267,0.085,0.68,7
306,レース0306,2025-09-27,中山,2000,TURF,2勝,7,4,H0003643,ウマ3643,牝,2022,伊藤 翼,54.0,3,0.086,0.221,0.366,12
306,レース0306,2025-09-27,中山,2000,TURF,2勝,8,4,H0003644,ウマ3644,牡,2021,小林 蓮,56.0,8,0.133,0.106,0.543,11
306,レース0306,2025-09-27,中山,2000,TURF,2勝,9,5,H0003645,ウマ3645,セ,2021,鈴木 花子,54.0,6,0.044,0.109,0.483,15
306,レース0306,2025-09-27,中山,2000,TURF,2勝,10,5,H0003646,ウマ3646,牡,2020,加藤 楓,55.0,22,0.044,0.091,0.927,3
306,レース0306,2025-09-27,中山,2000,TURF,2勝,11,6,H0003647,ウマ3647,牝,2021,渡辺 美咲,56.0,11,0.255,0.202,0.71,1
306,レース0306,2025-09-27,中山,2000,TURF,2勝,12,6,H0003648,ウマ3648,牝,2020,小林 蓮,55.0,17,0.191,0.153,0.712,6
306,レース0306,2025-09-27,中山,2000,TURF,2勝,13,7,H0003649,ウマ3649,牝,2021,渡辺 美咲,56.0,30,0.24,0.151,0.697,2
306,レース0306,2025-09-27,中山,2000,TURF,2勝,14,7,H0003650,ウマ3650,牡,2020,鈴木 花子,57.0,5,0.193,0.062,0.44,14
306,レース0306,2025-09-27,中山,2000,TURF,2勝,15,8,H0003651,ウマ3651,セ,2021,山本 陽,55.0,18,0.105,0.099,0.653,4
307,レース0307,2025-12-28,中山,2400,TURF,未勝利,1,1,H0003652,ウマ3652,牝,2022,田中 一郎,58.0,21,0.173,0.146,0.381,9
307,レース0307,2025-12-28,中山,2400,TURF,未勝利,2,1,H0003653,ウマ3653,牡,2022,山本 陽,58.0,21,0.119,0.197,0.071,12
307,レース0307,2025-12-28,中山,2400,TURF,未勝利,3,2,H0003654,ウマ3654,牡,2020,高橋 大輔,56.0,16,0.256,0.195,0.689,5
307,レース0307,2025-12-28,中山,2400,TURF,未勝利,4,2,H0003655,ウマ3655,セ,2022,伊藤 翼,54.0,20,0.233,0.047,0.736,6
307,レース0307,2025-12-28,中山,2400,TURF,未勝利,5,3,H0003656,ウマ3656,牡,2020,中村 駿,57.0,8,0.062,0.116,0.911,3
307,レース0307,2025-12-28,中山,2400,TURF,未勝利,6,3,H0003657,ウマ3657,牡,2021,佐藤 健,56.0,22,0.257,0.03,0.421,8
307,レース0307,2025-12-28,中山,2400,TURF,未勝利,7,4,H0003658,ウマ3658,牝,2022,渡辺 美咲,58.0,12,0.296,0.167,0.511,2
307,レース0307,2025-12-28,中山,2400,TURF,未勝利,8,4,H0003659,ウマ3659,牡,2021,渡辺 美咲,56.0,8,0.204,0.146,0.536,4
307,レース0307,2025-12-28,中山,2400,TURF,未勝利,9,5,H0003660,ウマ3660,セ,2022,鈴木 花子,54.0,23,0.041,0.03,0.549,11
307,レース0307,2025-12-28,中山,2400,TURF,未勝利,10,5,H0003661,ウマ3661,牝,2022,佐藤 健,56.0,10,0.241,0.128,0.468,7
307,レース0307,2025-12-28,中山,2400,TURF,未勝利,11,6,H0003662,ウマ3662,セ,2020,佐藤 健,57.0,16,0.291,0.12,0.633,1
307,レース0307,2025-12-28,中山,2400,TURF,未勝利,12,6,H0003663,ウマ3663,牝,2020,小林 蓮,54.0,20,0.154,0.21,0.325,10
308,レース0308,2025-08-13,中山,2400,DIRT,2勝,1,1,H0003664,ウマ3664,牝,2022,伊藤 翼,55.0,20,0.091,0.208,0.463,9
308,レース0308,2025-08-13,中山,2400,DIRT,2勝,2,1,H0003665,ウマ3665,牝,2020,加藤 楓,55.0,9,0.152,0.206,0.617,5
308,レース0308,2025-08-13,中山,2400,DIRT,2勝,3,2,H0003666,ウマ3666,セ,2021,中村 駿,58.0,24,0.136,0.093,0.391,6
308,レース0308,2025-08-13,中山,2400,DIRT,2勝,4,2,H0003667,ウマ3667,牝,2021,伊藤 翼,55.0,23,0.0,0.138,0.637,7
308,レース0308,2025-08-13,中山,2400,DIRT,2勝,5,3,H0003668,ウマ3668,牝,2022,加藤 楓,54.0,7,0.223,0.054,0.627,4
308,レース0308,2025-08-13,中山,2400,DIRT,2勝,6,3,H0003669,ウマ3669,セ,2022,山本 陽,57.0,11,0.288,0.076,0.752,1
308,レース0308,2025-08-13,中山,2400,DIRT,2勝,7,4,H0003670,ウマ3670,セ,2020,鈴木 花子,54.0,16,0.223,0.202,0.677,3
308,レース0308,2025-08-13,中山,2400,DIRT,2勝,8,4,H0003671,ウマ3671,セ,2022,高橋 大輔,54.0,4,0.236,0.159,0.438,2
308,レース0308,2025-08-13,中山,2400,DIRT,2勝,9,5,H0003672,ウマ3672,牝,2021,高橋 大輔,56.0,26,0.22,0.133,0.351,8
309,レース0309,2025-04-16,中京,2400,DIRT,G3,1,1,H0003673,ウマ3673,牡,2021,加藤 楓,57.0,20,0.314,0.13,0.777,3
309,レース0309,2025-04-16,中京,2400,DIRT,G3,2,1,H0003674,ウマ3674,牝,2020,佐藤 健,56.0,5,0.159,0.184,0.384,15
309,レース0309,2025-04-16,中京,2400,DIRT,G3,3,2,H0003675,ウマ3675,牝,2021,山本 陽,55.0,21,0.181,0.049,0.508,12
309,レース0309,2025-04-16,中京,2400,DIRT,G3,4,2,H0003676,ウマ3676,牡,2020,加藤 楓,57.0,16,0.172,0.178,0.618,9
309,レース0309,2025-04-16,中京,2400,DIRT,G3,5,3,H0003677,ウマ3677,牝,2021,鈴木 花子,58.0,16,0.088,0.191,0.714,7
309,レース0309,2025-04-16,中京,2400,DIRT,G3,6,3,H0003678,ウマ3678,牡,2022,田中 一郎,58.0,29,0.45,0.1,0.834,2
309,レース0309,2025-04-16,中京,2400,DIRT,G3,7,4,H0003679,ウマ3679,牡,2021,田中 一郎,58.0,28,0.316,0.137,0.549,4
309,レース0309,2025-04-16,中京,2400,DIRT,G3,8,4,H0003680,ウマ3680,セ,2022,中村 駿,54.0,25,0.167,0.132,0.768,5
309,レース0309,2025-04-16,中京,2400,DIRT,G3,9,5,H0003681,ウマ3681,セ,2020,山本 陽,55.0,19,0.153,0.079,0.634,14
309,レース0309,2025-04-16,中京,2400,DIRT,G3,10,5,H0003682,ウマ3682,セ,2022,中村 駿,58.0,18,0.069,0.136,0.762,13
309,レース0309,2025-04-16,中京,2400,DIRT,G3,11,6,H0003683,ウマ3683,牝,2020,小林 蓮,55.0,28,0.161,0.069,0.828,6
309,レース0309,2025-04-16,中京,2400,DIRT,G3,12,6,H0003684,ウマ3684,牝,2020,中村 駿,56.0,18,0.023,0.107,0.9,10
309,レース0309,2025-04-16,中京,2400,DIRT,G3,13,7,H0003685,ウマ3685,牝,2022,伊藤 翼,55.0,18,0.073,0.176,0.755,8
309,レース0309,2025-04-16,中京,2400,DIRT,G3,14,7,H0003686,ウマ3686,牝,2020,佐藤 健,54.0,4,0.245,0.084,0.574,11
309,レース0309,2025-04-16,中京,2400,DIRT,G3,15,8,H0003687,ウマ3687,牡,2022,中村 駿,55.0,24,0.276,0.255,0.105,16
309,レース0309,2025-04-16,中京,2400,DIRT,G3,16,8,H0003688,ウマ3688,牝,2021,高橋 大輔,55.0,10,0.348,0.167,0.509,1
310,レース0310,2025-01-24,中京,1800,TURF,3勝,1,1,H0003689,ウマ3689,牝,2022,小林 蓮,55.0,14,0.12,0.161,0.4,8
310,レース0310,2025-01-24,中京,1800,TURF,3勝,2,1,H0003690,ウマ3690,セ,2022,山本 陽,58.0,3,0.214,0.163,0.664,4
310,レース0310,2025-01-24,中京,1800,TURF,3勝,3,2,H0003691,ウマ3691,牝,2022,高橋 大輔,57.0,9,0.329,0.164,0.75,1
310,レース0310,2025-01-24,中京,1800,TURF,3勝,4,2,H0003692,ウマ3692,牡,2020,加藤 楓,55.0,14,0.024,0.165,0.695,2
310,レース0310,2025-01-24,中京,1800,TURF,3勝,5,3,H0003693,ウマ3693,牡,2021,佐藤 健,57.0,8,0.163,0.102,0.756,5
310,レース0310,2025-01-24,中京,1800,TURF,3勝,6,3,H0003694,ウマ3694,牡,2022,小林 蓮,54.0,29,0.144,0.096,0.752,6
310,レース0310,2025-01-24,中京,1800,TURF,3勝,7,4,H0003695,ウマ3695,セ,2020,伊藤 翼,58.0,4,0.195,0.053,0.566,7
310,レース0310,2025-01-24,中京,1800,TURF,3勝,8,4,H0003696,ウマ3696,牡,2020,鈴木 花子,56.0,23,0.173,0.145,0.738,3
311,レース0311,2025-06-13,中京,2000,TURF,3勝,1,1,H0003697,ウマ3697,牡,2021,小林 蓮,58.0,10,0.023,0.032,0.73,13
311,レース0311,2025-06-13,中京,2000,TURF,3勝,2,1,H0003698,ウマ3698,セ,2022,鈴木 花子,56.0,18,0.273,0.068,0.639,1
311,レース0311,2025-06-13,中京,2000,TURF,3勝,3,2,H0003699,ウマ3699,セ,2021,伊藤 翼,57.0,12,0.291,0.11,0.525,9
311,レース0311,2025-06-13,中京,2000,TURF,3勝,4,2,H0003700,ウマ3700,セ,2022,加藤 楓,54.0,28,0.191,0.119,0.277,14
311,レース0311,2025-06-13,中京,2000,TURF,3勝,5,3,H0003701,ウマ3701,牡,2022,小林 蓮,56.0,9,0.202,0.199,0.632,7
311,レース0311,2025-06-13,中京,2000,TURF,3勝,6,3,H0003702,ウマ3702,セ,2021,山本 陽,58.0,9,0.242,0.038,0.109,16
311,レース0311,2025-06-13,中京,2000,TURF,3勝,7,4,H0003703,ウマ3703,セ,2021,山本 陽,58.0,22,0.161,0.257,0.324,15
311,レース0311,2025-06-13,中京,2000,TURF,3勝,8,4,H0003704,ウマ3704,セ,2020,鈴木 花子,58.0,25,0.161,0.03,0.628,6
311,レース0311,2025-06-13,中京,2000,TURF,3勝,9,5,H0003705,ウマ3705,牝,2021,渡辺 美咲,58.0,27,0.134,0.157,0.728,2
311,レース0311,2025-06-13,中京,2000,TURF,3勝,10,5,H0003706,ウマ3706,牡,2021,中村 駿,54.0,16,0.24,0.196,0.683,4
311,レース0311,2025-06-13,中京,2000,TURF,3勝,11,6,H0003707,ウマ3707,牝,2020,伊藤 翼,54.0,18,0.285,0.073,0.296,11
311,レース0311,2025-06-13,中京,2000,TURF,3勝,12,6,H0003708,ウマ3708,セ,2022,加藤 楓,56.0,16,0.161,0.111,0.59,5
311,レース0311,2025-06-13,中京,2000,TURF,3勝,13,7,H0003709,ウマ3709,牝,2020,伊藤 翼,54.0,7,0.182,0.194,0.393,12
311,レース0311,2025-06-13,中京,2000,TURF,3勝,14,7,H0003710,ウマ3710,牝,2022,中村 駿,55.0,10,0.277,0.16,0.412,10
311,レース0311,2025-06-13,中京,2000,TURF,3勝,15,8,H0003711,ウマ3711,セ,2021,山本 陽,57.0,13,0.261,0.1,0.624,8
311,レース0311,2025-06-13,中京,2000,TURF,3勝,16,8,H0003712,ウマ3712,牝,2021,伊藤 翼,55.0,16,0.31,0.166,0.476,3
312,レース0312,2025-08-02,阪神,1400,DIRT,G2,1,1,H0003713,ウマ3713,牡,2022,小林 蓮,54.0,9,0.117,0.127,0.828,7
312,レース0312,2025-08-02,阪神,1400,DIRT,G2,2,1,H0003714,ウマ3714,牝,2022,小林 蓮,55.0,9,0.229,0.095,0.67,5
312,レース0312,2025-08-02,阪神,1400,DIRT,G2,3,2,H0003715,ウマ3715,牝,2021,山本 陽,56.0,9,0.148,0.038,0.69,4
312,レース0312,2025-08-02,阪神,1400,DIRT,G2,4,2,H0003716,ウマ3716,牡,2022,鈴木 花子,57.0,4,0.308,0.115,0.512,8
312,レース0312,2025-08-02,阪神,1400,DIRT,G2,5,3,H0003717,ウマ3717,牡,2022,佐藤 健,54.0,16,0.119,0.104,0.37,10
312,レース0312,2025-08-02,阪神,1400,DIRT,G2,6,3,H0003718,ウマ3718,セ,2022,高橋 大輔,57.0,24,0.169,0.089,0.93,3
312,レース0312,2025-08-02,阪神,1400,DIRT,G2,7,4,H0003719,ウマ3719,牝,2020,山本 陽,54.0,24,0.097,0.139,0.272,12
312,レース0312,2025-08-02,阪神,1400,DIRT,G2,8,4,H0003720,ウマ3720,牝,2022,渡辺 美咲,54.0,23,0.342,0.163,0.567,2
312,レース0312,2025-08-02,阪神,1400,DIRT,G2,9,5,H0003721,ウマ3721,牝,2021,山本 陽,55.0,29,0.221,0.123,0.483,6
312,レース0312,2025-08-02,阪神,1400,DIRT,G2,10,5,H0003722,ウマ3722,牡,2022,小林 蓮,55.0,27,0.326,0.096,0.929,1
312,レース0312,2025-08-02,阪神,1400,DIRT,G2,11,6,H0003723,ウマ3723,セ,2020,渡辺 美咲,56.0,15,0.151,0.125,0.6,9
312,レース0312,2025-08-02,阪神,1400,DIRT,G2,12,6,H0003724,ウマ3724,牝,2022,伊藤 翼,54.0,26,0.0,0.03,0.706,11
312,レース0312,2025-08-02,阪神,1400,DIRT,G2,13,7,H0003725,ウマ3725,牝,2021,高橋 大輔,58.0,29,0.143,0.137,0.254,13
313,レース0313,2025-09-11,京都,2000,TURF,1勝,1,1,H0003726,ウマ3726,牝,2020,佐藤 健,57.0,10,0.153,0.087,0.405,12
313,レース0313,2025-09-11,京都,2000,TURF,1勝,2,1,H0003727,ウマ3727,セ,2022,佐藤 健,57.0,11,0.352,0.158,0.343,4
313,レース0313,2025-09-11,京都,2000,TURF,1勝,3,2,H0003728,ウマ3728,セ,2021,山本 陽,55.0,13,0.046,0.168,0.486,10
313,レース0313,2025-09-11,京都,2000,TURF,1勝,4,2,H0003729,ウマ3729,牡,2022,小林 蓮,57.0,5,0.199,0.152,0.667,7
313,レース0313,2025-09-11,京都,2000,TURF,1勝,5,3,H0003730,ウマ3730,牝,2021,山本 陽,55.0,12,0.056,0.193,0.557,9
313,レース0313,2025-09-11,京都,2000,TURF,1勝,6,3,H0003731,ウマ3731,牝,2021,伊藤 翼,55.0,17,0.178,0.131,0.451,8
313,レース0313,2025-09-11,京都,2000,TURF,1勝,7,4,H0003732,ウマ3732,牡,2021,鈴木 花子,54.0,8,0.334,0.03,0.719,2
313,レース0313,2025-09-11,京都,2000,TURF,1勝,8,4,H0003733,ウマ3733,牝,2022,渡辺 美咲,58.0,14,0.253,0.212,0.84,1
313,レース0313,2025-09-11,京都,2000,TURF,1勝,9,5,H0003734,ウマ3734,セ,2020,山本 陽,58.0,23,0.221,0.081,0.492,5
313,レース0313,2025-09-11,京都,2000,TURF,1勝,10,5,H0003735,ウマ3735,牡,2021,佐藤 健,58.0,30,0.332,0.154,0.499,3
313,レース0313,2025-09-11,京都,2000,TURF,1勝,11,6,H0003736,ウマ3736,牡,2022,渡辺 美咲,57.0,13,0.254,0.054,0.473,11
313,レース0313,2025-09-11,京都,2000,TURF,1勝,12,6,H0003737,ウマ3737,セ,2020,鈴木 花子,57.0,3,0.179,0.045,0.786,6
314,レース0314,2025-02-18,中山,1600,DIRT,未勝利,1,1,H0003738,ウマ3738,セ,2020,山本 陽,54.0,12,0.199,0.17,0.646,6
314,レース0314,2025-02-18,中山,1600,DIRT,未勝利,2,1,H0003739,ウマ3739,牝,2021,鈴木 花子,56.0,21,0.06,0.076,0.847,9
314,レース0314,2025-02-18,中山,1600,DIRT,未勝利,3,2,H0003740,ウマ3740,セ,2021,加藤 楓,58.0,17,0.313,0.206,0.735,1
314,レース0314,2025-02-18,中山,1600,DIRT,未勝利,4,2,H0003741,ウマ3741,セ,2021,山本 陽,54.0,7,0.264,0.156,0.512,5
314,レース0314,2025-02-18,中山,1600,DIRT,未勝利,5,3,H0003742,ウマ3742,セ,2022,渡辺 美咲,55.0,3,0.15,0.102,0.48,7
314,レース0314,2025-02-18,中山,1600,DIRT,未勝利,6,3,H0003743,ウマ3743,牡,2020,佐藤 健,55.0,5,0.0,0.137,0.702,2
314,レース0314,2025-02-18,中山,1600,DIRT,未勝利,7,4,H0003744,ウマ3744,牡,2020,山本 陽,56.0,30,0.236,0.133,0.405,8
314,レース0314,2025-02-18,中山,1600,DIRT,未勝利,8,4,H0003745,ウマ3745,セ,2020,小林 蓮,55.0,18,0.325,0.099,0.525,4
314,レース0314,2025-02-18,中山,1600,DIRT,未勝利,9,5,H0003746,ウマ3746,牝,2021,加藤 楓,57.0,3,0.313,0.088,0.724,3
315,レース0315,2025-07-26,阪神,1200,TURF,G3,1,1,H0003747,ウマ3747,セ,2021,鈴木 花子,54.0,16,0.227,0.126,0.677,1
315,レース0315,2025-07-26,阪神,1200,TURF,G3,2,1,H0003748,ウマ3748,セ,2021,田中 一郎,55.0,29,0.193,0.099,0.795,7
315,レース0315,2025-07-26,阪神,1200,TURF,G3,3,2,H0003749,ウマ3749,セ,2022,高橋 大輔,55.0,30,0.11,0.081,0.765,4
315,レース0315,2025-07-26,阪神,1200,TURF,G3,4,2,H0003750,ウマ3750,牡,2021,渡辺 美咲,55.0,21,0.101,0.089,0.237,14
315,レース0315,2025-07-26,阪神,1200,TURF,G3,5,3,H0003751,ウマ3751,牡,2020,鈴木 花子,55.0,28,0.256,0.088,0.263,13
315,レース0315,2025-07-26,阪神,1200,TURF,G3,6,3,H0003752,ウマ3752,セ,2022,加藤 楓,58.0,25,0.184,0.114,0.809,6
315,レース0315,2025-07-26,阪神,1200,TURF,G3,7,4,H0003753,ウマ3753,セ,2020,山本 陽,58.0,27,0.043,0.071,0.579,11
315,レース0315,2025-07-26,阪神,1200,TURF,G3,8,4,H0003754,ウマ3754,牝,2020,鈴木 花子,56.0,5,0.191,0.078,0.678,8
315,レース0315,2025-07-26,阪神,1200,TURF,G3,9,5,H0003755,ウマ3755,牝,2020,加藤 楓,58.0,27,0.198,0.142,0.589,9
315,レース0315,2025-07-26,阪神,1200,TURF,G3,10,5,H0003756,ウマ3756,セ,2022,鈴木 花子,57.0,25,0.272,0.168,0.562,2
315,レース0315,2025-07-26,阪神,1200,TURF,G3,11,6,H0003757,ウマ3757,牝,2021,山本 陽,58.0,13,0.03,0.06,0.536,10
315,レース0315,2025-07-26,阪神,1200,TURF,G3,12,6,H0003758,ウマ3758,牝,2020,山本 陽,56.0,24,0.342,0.124,0.782,3
315,レース0315,2025-07-26,阪神,1200,TURF,G3,13,7,H0003759,ウマ3759,牡,2022,小林 蓮,54.0,11,0.236,0.054,0.738,5
315,レース0315,2025-07-26,阪神,1200,TURF,G3,14,7,H0003760,ウマ3760,セ,2022,加藤 楓,58.0,29,0.005,0.101,0.711,12
316,レース0316,2025-03-20,中京,1800,TURF,3勝,1,1,H0003761,ウマ3761,牝,2021,小林 蓮,54.0,16,0.216,0.128,0.706,8
316,レース0316,2025-03-20,中京,1800,TURF,3勝,2,1,H0003762,ウマ3762,牝,2021,山本 陽,58.0,5,0.278,0.172,0.865,2
316,レース0316,2025-03-20,中京,1800,TURF,3勝,3,2,H0003763,ウマ3763,セ,2022,中村 駿,56.0,6,0.298,0.067,0.577,9
316,レース0316,2025-03-20,中京,1800,TURF,3勝,4,2,H0003764,ウマ3764,牝,2022,田中 一郎,57.0,7,0.218,0.089,0.579,6
316,レース0316,2025-03-20,中京,1800,TURF,3勝,5,3,H0003765,ウマ3765,牡,2020,中村 駿,57.0,15,0.405,0.103,0.363,1
316,レース0316,2025-03-20,中京,1800,TURF,3勝,6,3,H0003766,ウマ3766,牡,2021,山本 陽,57.0,19,0.26,0.182,0.768,4
316,レース0316,2025-03-20,中京,1800,TURF,3勝,7,4,H0003767,ウマ3767,牡,2020,中村 駿,57.0,14,0.294,0.195,0.366,12
316,レース0316,2025-03-20,中京,1800,TURF,3勝,8,4,H0003768,ウマ3768,牝,2020,佐藤 健,57.0,5,0.247,0.061,0.788,3
316,レース0316,2025-03-20,中京,1800,TURF,3勝,9,5,H0003769,ウマ3769,牡,2021,佐藤 健,54.0,11,0.313,0.074,0.454,7
316,レース0316,2025-03-20,中京,1800,TURF,3勝,10,5,H0003770,ウマ3770,セ,2021,田中 一郎,55.0,3,0.181,0.144,0.66,11
316,レース0316,2025-03-20,中京,1800,TURF,3勝,11,6,H0003771,ウマ3771,牡,2021,佐藤 健,58.0,6,0.032,0.119,0.302,13
316,レース0316,2025-03-20,中京,1800,TURF,3勝,12,6,H0003772,ウマ3772,牡,2022,渡辺 美咲,56.0,26,0.162,0.067,0.817,5
316,レース0316,2025-03-20,中京,1800,TURF,3勝,13,7,H0003773,ウマ3773,牝,2021,田中 一郎,54.0,13,0.244,0.103,0.563,10
317,レース0317,2025-03-24,京都,1400,TURF,G3,1,1,H0003774,ウマ3774,牡,2022,伊藤 翼,58.0,11,0.122,0.125,0.459,11
317,レース0317,2025-03-24,京都,1400,TURF,G3,2,1,H0003775,ウマ3775,牡,2022,小林 蓮,54.0,19,0.229,0.107,0.806,5
317,レース0317,2025-03-24,京都,1400,TURF,G3,3,2,H0003776,ウマ3776,セ,2021,小林 蓮,55.0,21,0.284,0.143,0.823,2
317,レース0317,2025-03-24,京都,1400,TURF,G3,4,2,H0003777,ウマ3777,牡,2021,加藤 楓,55.0,7,0.184,0.101,0.588,10
317,レース0317,2025-03-24,京都,1400,TURF,G3,5,3,H0003778,ウマ3778,セ,2022,加藤 楓,58.0,5,0.161,0.135,0.675,4
317,レース0317,2025-03-24,京都,1400,TURF,G3,6,3,H0003779,ウマ3779,牝,2020,中村 駿,58.0,14,0.049,0.129,0.865,7
317,レース0317,2025-03-24,京都,1400,TURF,G3,7,4,H0003780,ウマ3780,牝,2020,渡辺 美咲,58.0,14,0.14,0.19,0.541,6
317,レース0317,2025-03-24,京都,1400,TURF,G3,8,4,H0003781,ウマ3781,牝,2020,伊藤 翼,56.0,19,0.081,0.129,0.463,9
317,レース0317,2025-03-24,京都,1400,TURF,G3,9,5,H0003782,ウマ3782,牝,2022,佐藤 健,55.0,13,0.392,0.069,0.518,3
317,レース0317,2025-03-24,京都,1400,TURF,G3,10,5,H0003783,ウマ3783,牝,2022,加藤 楓,56.0,27,0.124,0.207,0.66,8
317,レース0317,2025-03-24,京都,1400,TURF,G3,11,6,H0003784,ウマ3784,牝,2021,渡辺 美咲,54.0,10,0.237,0.134,0.588,1
318,レース0318,2025-03-01,中京,2000,TURF,未勝利,1,1,H0003785,ウマ3785,セ,2020,加藤 楓,57.0,20,0.277,0.126,0.377,9
318,レース0318,2025-03-01,中京,2000,TURF,未勝利,2,1,H0003786,ウマ3786,セ,2022,佐藤 健,58.0,4,0.195,0.171,0.521,11
318,レース0318,2025-03-01,中京,2000,TURF,未勝利,3,2,H0003787,ウマ3787,牝,2022,渡辺 美咲,55.0,22,0.125,0.099,0.861,4
318,レース0318,2025-03-01,中京,2000,TURF,未勝利,4,2,H0003788,ウマ3788,牡,2022,田中 一郎,55.0,18,0.256,0.148,0.711,3
318,レース0318,2025-03-01,中京,2000,TURF,未勝利,5,3,H0003789,ウマ3789,セ,2020,田中 一郎,56.0,28,0.257,0.064,0.679,8
318,レース0318,2025-03-01,中京,2000,TURF,未勝利,6,3,H0003790,ウマ3790,セ,2022,中村 駿,56.0,12,0.155,0.099,0.644,12
318,レース0318,2025-03-01,中京,2000,TURF,未勝利,7,4,H0003791,ウマ3791,セ,2021,鈴木 花子,54.0,28,0.12,0.174,0.534,10
318,レース0318,2025-03-01,中京,2000,TURF,未勝利,8,4,H0003792,ウマ3792,牡,2021,山本 陽,55.0,17,0.24,0.2,0.795,2
318,レース0318,2025-03-01,中京,2000,TURF,未勝利,9,5,H0003793,ウマ3793,セ,2020,伊藤 翼,54.0,10,0.229,0.176,0.518,5
318,レース0318,2025-03-01,中京,2000,TURF,未勝利,10,5,H0003794,ウマ3794,セ,2022,渡辺 美咲,57.0,29,0.166,0.111,0.784,7
318,レース0318,2025-03-01,中京,2000,TURF,未勝利,11,6,H0003795,ウマ3795,牝,2022,中村 駿,58.0,4,0.092,0.114,0.751,14
318,レース0318,2025-03-01,中京,2000,TURF,未勝利,12,6,H0003796,ウマ3796,セ,2022,佐藤 健,55.0,18,0.226,0.287,0.358,13
318,レース0318,2025-03-01,中京,2000,TURF,未勝利,13,7,H0003797,ウマ3797,牝,2022,田中 一郎,58.0,9,0.131,0.108,0.178,16
318,レース0318,2025-03-01,中京,2000,TURF,未勝利,14,7,H0003798,ウマ3798,セ,2021,伊藤 翼,55.0,20,0.258,0.137,0.654,6
318,レース0318,2025-03-01,中京,2000,TURF,未勝利,15,8,H0003799,ウマ3799,セ,2022,加藤 楓,54.0,9,0.359,0.156,0.746,1
318,レース0318,2025-03-01,中京,2000,TURF,未勝利,16,8,H0003800,ウマ3800,セ,2021,伊藤 翼,56.0,3,0.189,0.149,0.331,15
319,レース0319,2025-07-28,東京,1800,TURF,1勝,1,1,H0003801,ウマ3801,セ,2020,佐藤 健,57.0,30,0.333,0.129,0.537,8
319,レース0319,2025-07-28,東京,1800,TURF,1勝,2,1,H0003802,ウマ3802,牡,2022,加藤 楓,54.0,7,0.184,0.228,0.533,6
319,レース0319,2025-07-28,東京,1800,TURF,1勝,3,2,H0003803,ウマ3803,セ,2020,小林 蓮,57.0,20,0.303,0.195,0.633,2
319,レース0319,2025-07-28,東京,1800,TURF,1勝,4,2,H0003804,ウマ3804,セ,2020,山本 陽,55.0,9,0.352,0.151,0.254,10
319,レース0319,2025-07-28,東京,1800,TURF,1勝,5,3,H0003805,ウマ3805,牝,2022,佐藤 健,58.0,24,0.184,0.137,0.455,1
319,レース0319,2025-07-28,東京,1800,TURF,1勝,6,3,H0003806,ウマ3806,牝,2020,伊藤 翼,57.0,20,0.329,0.137,0.164,11
319,レース0319,2025-07-28,東京,1800,TURF,1勝,7,4,H0003807,ウマ3807,牝,2022,伊藤 翼,56.0,21,0.141,0.159,0.607,12
319,レース0319,2025-07-28,東京,1800,TURF,1勝,8,4,H0003808,ウマ3808,セ,2021,中村 駿,54.0,14,0.242,0.176,0.39,5
319,レース0319,2025-07-28,東京,1800,TURF,1勝,9,5,H0003809,ウマ3809,牝,2022,鈴木 花子,57.0,18,0.372,0.205,0.568,3
319,レース0319,2025-07-28,東京,1800,TURF,1勝,10,5,H0003810,ウマ3810,牡,2021,伊藤 翼,58.0,23,0.2,0.13,0.515,9
319,レース0319,2025-07-28,東京,1800,TURF,1勝,11,6,H0003811,ウマ3811,牝,2022,加藤 楓,58.0,28,0.218,0.123,0.442,14
319,レース0319,2025-07-28,東京,1800,TURF,1勝,12,6,H0003812,ウマ3812,セ,2020,小林 蓮,56.0,21,0.045,0.096,0.427,15
319,レース0319,2025-07-28,東京,1800,TURF,1勝,13,7,H0003813,ウマ3813,牝,2021,山本 陽,55.0,18,0.186,0.03,0.641,7
319,レース0319,2025-07-28,東京,1800,TURF,1勝,14,7,H0003814,ウマ3814,牝,2021,渡辺 美咲,57.0,21,0.35,0.152,0.713,4
319,レース0319,2025-07-28,東京,1800,TURF,1勝,15,8,H0003815,ウマ3815,牝,2022,鈴木 花子,56.0,21,0.22,0.215,0.44,13
320,レース0320,2025-03-14,中山,2000,TURF,3勝,1,1,H0003816,ウマ3816,セ,2020,小林 蓮,55.0,30,0.208,0.152,0.206,13
320,レース0320,2025-03-14,中山,2000,TURF,3勝,2,1,H0003817,ウマ3817,牡,2021,伊藤 翼,54.0,19,0.109,0.156,0.629,9
320,レース0320,2025-03-14,中山,2000,TURF,3勝,3,2,H0003818,ウマ3818,牝,2021,小林 蓮,55.0,22,0.187,0.172,0.518,3
320,レース0320,2025-03-14,中山,2000,TURF,3勝,4,2,H0003819,ウマ3819,セ,2022,中村 駿,54.0,6,0.2,0.146,0.795,6
320,レース0320,2025-03-14,中山,2000,TURF,3勝,5,3,H0003820,ウマ3820,セ,2022,田中 一郎,56.0,12,0.174,0.145,0.381,7
320,レース0320,2025-03-14,中山,2000,TURF,3勝,6,3,H0003821,ウマ3821,牝,2020,加藤 楓,54.0,24,0.315,0.03,0.423,8
320,レース0320,2025-03-14,中山,2000,TURF,3勝,7,4,H0003822,ウマ3822,牝,2021,高橋 大輔,58.0,15,0.082,0.173,0.467,5
320,レース0320,2025-03-14,中山,2000,TURF,3勝,8,4,H0003823,ウマ3823,牡,2021,佐藤 健,54.0,16,0.0,0.171,0.394,11
320,レース0320,2025-03-14,中山,2000,TURF,3勝,9,5,H0003824,ウマ3824,牝,2022,山本 陽,54.0,17,0.135,0.104,0.803,4
320,レース0320,2025-03-14,中山,2000,TURF,3勝,10,5,H0003825,ウマ3825,セ,2021,渡辺 美咲,57.0,24,0.37,0.117,0.763,1
320,レース0320,2025-03-14,中山,2000,TURF,3勝,11,6,H0003826,ウマ3826,牡,2020,渡辺 美咲,57.0,12,0.114,0.099,0.591,10
320,レース0320,2025-03-14,中山,2000,TURF,3勝,12,6,H0003827,ウマ3827,牡,2022,中村 駿,55.0,3,0.162,0.11,0.814,2
320,レース0320,2025-03-14,中山,2000,TURF,3勝,13,7,H0003828,ウマ3828,セ,2022,加藤 楓,58.0,30,0.151,0.157,0.332,12
321,レース0321,2025-11-20,阪神,1200,TURF,2勝,1,1,H0003829,ウマ3829,セ,2021,高橋 大輔,57.0,25,0.0,0.149,0.023,16
321,レース0321,2025-11-20,阪神,1200,TURF,2勝,2,1,H0003830,ウマ3830,牝,2020,佐藤 健,57.0,15,0.178,0.266,0.264,12
321,レース0321,2025-11-20,阪神,1200,TURF,2勝,3,2,H0003831,ウマ3831,牝,2022,渡辺 美咲,56.0,19,0.212,0.185,0.691,1
321,レース0321,2025-11-20,阪神,1200,TURF,2勝,4,2,H0003832,ウマ3832,セ,2022,伊藤 翼,57.0,17,0.069,0.053,0.651,11
321,レース0321,2025-11-20,阪神,1200,TURF,2勝,5,3,H0003833,ウマ3833,牝,2021,渡辺 美咲,55.0,23,0.177,0.084,0.729,9
321,レース0321,2025-11-20,阪神,1200,TURF,2勝,6,3,H0003834,ウマ3834,牝,2020,小林 蓮,56.0,18,0.043,0.2,0.608,13
321,レース0321,2025-11-20,阪神,1200,TURF,2勝,7,4,H0003835,ウマ3835,牝,2020,山本 陽,58.0,11,0.243,0.193,0.416,8
321,レース0321,2025-11-20,阪神,1200,TURF,2勝,8,4,H0003836,ウマ3836,牝,2021,加藤 楓,57.0,30,0.154,0.124,0.587,6
321,レース0321,2025-11-20,阪神,1200,TURF,2勝,9,5,H0003837,ウマ3837,牡,2022,加藤 楓,55.0,14,0.325,0.099,0.528,3
321,レース0321,2025-11-20,阪神,1200,TURF,2勝,10,5,H0003838,ウマ3838,牡,2020,中村 駿,55.0,22,0.181,0.189,0.442,7
321,レース0321,2025-11-20,阪神,1200,TURF,2勝,11,6,H0003839,ウマ3839,牡,2021,高橋 大輔,56.0,17,0.001,0.224,0.275,14
321,レース0321,2025-11-20,阪神,1200,TURF,2勝,12,6,H0003840,ウマ3840,牡,2022,中村 駿,56.0,9,0.158,0.163,1.0,2
321,レース0321,2025-11-20,阪神,1200,TURF,2勝,13,7,H0003841,ウマ3841,セ,2020,中村 駿,54.0,14,0.301,0.265,0.548,5
321,レース0321,2025-11-20,阪神,1200,TURF,2勝,14,7,H0003842,ウマ3842,牝,2020,高橋 大輔,57.0,12,0.202,0.03,0.512,10
321,レース0321,2025-11-20,阪神,1200,TURF,2勝,15,8,H0003843,ウマ3843,セ,2020,高橋 大輔,57.0,9,0.27,0.104,0.465,4
321,レース0321,2025-11-20,阪神,1200,TURF,2勝,16,8,H0003844,ウマ3844,セ,2022,小林 蓮,57.0,11,0.123,0.203,0.193,15
322,レース0322,2025-02-02,京都,1200,TURF,3勝,1,1,H0003845,ウマ3845,牡,2022,山本 陽,57.0,13,0.193,0.123,0.417,5
322,レース0322,2025-02-02,京都,1200,TURF,3勝,2,1,H0003846,ウマ3846,牝,2021,山本 陽,58.0,23,0.11,0.162,0.65,7
322,レース0322,2025-02-02,京都,1200,TURF,3勝,3,2,H0003847,ウマ3847,牝,2021,高橋 大輔,54.0,13,0.073,0.142,0.909,1
322,レース0322,2025-02-02,京都,1200,TURF,3勝,4,2,H0003848,ウマ3848,牝,2022,山本 陽,56.0,9,0.175,0.061,0.636,2
322,レース0322,2025-02-02,京都,1200,TURF,3勝,5,3,H0003849,ウマ3849,牡,2021,田中 一郎,55.0,26,0.192,0.121,0.609,3
322,レース0322,2025-02-02,京都,1200,TURF,3勝,6,3,H0003850,ウマ3850,牝,2020,小林 蓮,56.0,5,0.103,0.08,0.676,6
322,レース0322,2025-02-02,京都,1200,TURF,3勝,7,4,H0003851,ウマ3851,牡,2022,中村 駿,55.0,6,0.049,0.046,0.135,9
322,レース0322,2025-02-02,京都,1200,TURF,3勝,8,4,H0003852,ウマ3852,牝,2021,渡辺 美咲,55.0,22,0.124,0.172,0.372,8
322,レース0322,2025-02-02,京都,1200,TURF,3勝,9,5,H0003853,ウマ3853,牡,2021,中村 駿,55.0,19,0.113,0.082,0.471,4
323,レース0323,2025-08-19,東京,2400,DIRT,G1,1,1,H0003854,ウマ3854,牝,2020,田中 一郎,57.0,29,0.308,0.144,0.572,2
323,レース0323,2025-08-19,東京,2400,DIRT,G1,2,1,H0003855,ウマ3855,セ,2022,伊藤 翼,55.0,17,0.157,0.136,0.743,4
323,レース0323,2025-08-19,東京,2400,DIRT,G1,3,2,H0003856,ウマ3856,牡,2021,加藤 楓,55.0,29,0.202,0.091,0.523,9
323,レース0323,2025-08-19,東京,2400,DIRT,G1,4,2,H0003857,ウマ3857,牡,2021,伊藤 翼,56.0,22,0.192,0.075,0.221,14
323,レース0323,2025-08-19,東京,2400,DIRT,G1,5,3,H0003858,ウマ3858,牡,2020,小林 蓮,54.0,20,0.254,0.152,0.634,3
323,レース0323,2025-08-19,東京,2400,DIRT,G1,6,3,H0003859,ウマ3859,牡,2021,小林 蓮,56.0,26,0.253,0.086,0.632,11
323,レース0323,2025-08-19,東京,2400,DIRT,G1,7,4,H0003860,ウマ3860,牝,2021,田中 一郎,58.0,20,0.027,0.048,0.514,13
323,レース0323,2025-08-19,東京,2400,DIRT,G1,8,4,H0003861,ウマ3861,牡,2022,田中 一郎,55.0,17,0.071,0.105,0.431,15
323,レース0323,2025-08-19,東京,2400,DIRT,G1,9,5,H0003862,ウマ3862,牝,2020,中村 駿,54.0,22,0.316,0.096,0.426,6
323,レース0323,2025-08-19,東京,2400,DIRT,G1,10,5,H0003863,ウマ3863,セ,2022,山本 陽,54.0,15,0.159,0.118,0.545,7
323,レース0323,2025-08-19,東京,2400,DIRT,G1,11,6,H0003864,ウマ3864,牡,2020,渡辺 美咲,58.0,30,0.127,0.104,0.636,10
323,レース0323,2025-08-19,東京,2400,DIRT,G1,12,6,H0003865,ウマ3865,セ,2022,鈴木 花子,54.0,28,0.262,0.12,1.0,1
323,レース0323,2025-08-19,東京,2400,DIRT,G1,13,7,H0003866,ウマ3866,セ,2021,高橋 大輔,54.0,8,0.132,0.075,0.809,5
323,レース0323,2025-08-19,東京,2400,DIRT,G1,14,7,H0003867,ウマ3867,牝,2020,田中 一郎,55.0,12,0.23,0.135,0.794,8
323,レース0323,2025-08-19,東京,2400,DIRT,G1,15,8,H0003868,ウマ3868,牡,2022,中村 駿,58.0,19,0.16,0.144,0.602,12
324,レース0324,2025-12-02,東京,2000,DIRT,G2,1,1,H0003869,ウマ3869,セ,2021,高橋 大輔,56.0,19,0.0,0.085,0.98,7
324,レース0324,2025-12-02,東京,2000,DIRT,G2,2,1,H0003870,ウマ3870,牡,2022,加藤 楓,57.0,26,0.259,0.077,0.784,3
324,レース0324,2025-12-02,東京,2000,DIRT,G2,3,2,H0003871,ウマ3871,牡,2021,鈴木 花子,55.0,20,0.279,0.206,0.42,5
324,レース0324,2025-12-02,東京,2000,DIRT,G2,4,2,H0003872,ウマ3872,牡,2021,伊藤 翼,55.0,30,0.299,0.145,0.634,2
324,レース0324,2025-12-02,東京,2000,DIRT,G2,5,3,H0003873,ウマ3873,牝,2022,小林 蓮,55.0,24,0.237,0.164,0.755,1
324,レース0324,2025-12-02,東京,2000,DIRT,G2,6,3,H0003874,ウマ3874,牡,2021,渡辺 美咲,58.0,21,0.151,0.077,0.658,8
324,レース0324,2025-12-02,東京,2000,DIRT,G2,7,4,H0003875,ウマ3875,牝,2021,加藤 楓,58.0,17,0.209,0.134,0.315,10
324,レース0324,2025-12-02,東京,2000,DIRT,G2,8,4,H0003876,ウマ3876,セ,2021,加藤 楓,56.0,20,0.17,0.073,0.725,9
324,レース0324,2025-12-02,東京,2000,DIRT,G2,9,5,H0003877,ウマ3877,牡,2022,伊藤 翼,54.0,12,0.151,0.21,0.811,4
324,レース0324,2025-12-02,東京,2000,DIRT,G2,10,5,H0003878,ウマ3878,牡,2021,中村 駿,55.0,22,0.065,0.095,0.632,6
325,レース0325,2025-06-28,京都,2000,DIRT,OP,1,1,H0003879,ウマ3879,牝,2021,渡辺 美咲,55.0,12,0.127,0.182,0.685,3
325,レース0325,2025-06-28,京都,2000,DIRT,OP,2,1,H0003880,ウマ3880,牝,2021,山本 陽,57.0,30,0.097,0.04,0.662,4
325,レース0325,2025-06-28,京都,2000,DIRT,OP,3,2,H0003881,ウマ3881,牝,2022,山本 陽,58.0,28,0.211,0.167,0.526,7
325,レース0325,2025-06-28,京都,2000,DIRT,OP,4,2,H0003882,ウマ3882,牡,2021,田中 一郎,57.0,25,0.135,0.152,0.359,12
325,レース0325,2025-06-28,京都,2000,DIRT,OP,5,3,H0003883,ウマ3883,セ,2022,中村 駿,58.0,17,0.162,0.174,0.211,10
325,レース0325,2025-06-28,京都,2000,DIRT,OP,6,3,H0003884,ウマ3884,牡,2020,山本 陽,54.0,13,0.374,0.22,0.304,2
325,レース0325,2025-06-28,京都,2000,DIRT,OP,7,4,H0003885,ウマ3885,牝,2020,佐藤 健,56.0,27,0.211,0.059,0.446,9
325,レース0325,2025-06-28,京都,2000,DIRT,OP,8,4,H0003886,ウマ3886,牡,2021,伊藤 翼,58.0,6,0.184,0.078,0.61,6
325,レース0325,2025-06-28,京都,2000,DIRT,OP,9,5,H0003887,ウマ3887,牡,2020,伊藤 翼,57.0,29,0.22,0.03,0.758,5
325,レース0325,2025-06-28,京都,2000,DIRT,OP,10,5,H0003888,ウマ3888,牝,2022,田中 一郎,55.0,4,0.171,0.113,0.615,8
325,レース0325,2025-06-28,京都,2000,DIRT,OP,11,6,H0003889,ウマ3889,セ,2021,渡辺 美咲,56.0,16,0.059,0.238,0.481,11
325,レース0325,2025-06-28,京都,2000,DIRT,OP,12,6,H0003890,ウマ3890,セ,2020,高橋 大輔,57.0,14,0.237,0.17,0.12,1
325,レース0325,2025-06-28,京都,2000,DIRT,OP,13,7,H0003891,ウマ3891,牡,2022,山本 陽,57.0,14,0.237,0.03,0.075,13
326,レース0326,2025-12-02,京都,1200,TURF,1勝,1,1,H0003892,ウマ3892,牝,2022,小林 蓮,54.0,20,0.204,0.124,0.621,3
326,レース0326,2025-12-02,京都,1200,TURF,1勝,2,1,H0003893,ウマ3893,牝,2022,中村 駿,58.0,4,0.157,0.157,0.383,8
326,レース0326,2025-12-02,京都,1200,TURF,1勝,3,2,H0003894,ウマ3894,セ,2022,中村 駿,55.0,4,0.096,0.142,0.305,6
326,レース0326,2025-12-02,京都,1200,TURF,1勝,4,2,H0003895,ウマ3895,セ,2020,鈴木 花子,58.0,4,0.0,0.112,0.933,5
326,レース0326,2025-12-02,京都,1200,TURF,1勝,5,3,H0003896,ウマ3896,牡,2020,鈴木 花子,58.0,14,0.008,0.07,0.784,7
326,レース0326,2025-12-02,京都,1200,TURF,1勝,6,3,H0003897,ウマ3897,牡,2022,高橋 大輔,54.0,25,0.21,0.104,0.628,2
326,レース0326,2025-12-02,京都,1200,TURF,1勝,7,4,H0003898,ウマ3898,牡,2020,田中 一郎,55.0,24,0.243,0.143,0.779,1
326,レース0326,2025-12-02,京都,1200,TURF,1勝,8,4,H0003899,ウマ3899,牡,2022,加藤 楓,55.0,22,0.148,0.098,0.368,4
327,レース0327,2025-09-04,中京,1600,DIRT,未勝利,1,1,H0003900,ウマ3900,牡,2022,伊藤 翼,57.0,29,0.144,0.131,0.364,10
327,レース0327,2025-09-04,中京,1600,DIRT,未勝利,2,1,H0003901,ウマ3901,牡,2022,中村 駿,54.0,16,0.229,0.053,0.404,9
327,レース0327,2025-09-04,中京,1600,DIRT,未勝利,3,2,H0003902,ウマ3902,牡,2021,小林 蓮,57.0,23,0.159,0.119,0.69,2
327,レース0327,2025-09-04,中京,1600,DIRT,未勝利,4,2,H0003903,ウマ3903,牝,2020,小林 蓮,58.0,22,0.037,0.099,0.579,4
327,レース0327,2025-09-04,中京,1600,DIRT,未勝利,5,3,H0003904,ウマ3904,セ,2021,小林 蓮,54.0,29,0.028,0.14,0.394,11
327,レース0327,2025-09-04,中京,1600,DIRT,未勝利,6,3,H0003905,ウマ3905,牡,2021,伊藤 翼,58.0,15,0.224,0.098,0.408,6
327,レース0327,2025-09-04,中京,1600,DIRT,未勝利,7,4,H0003906,ウマ3906,牝,2020,鈴木 花子,58.0,28,0.148,0.144,0.435,5
327,レース0327,2025-09-04,中京,1600,DIRT,未勝利,8,4,H0003907,ウマ3907,牡,2020,中村 駿,55.0,28,0.104,0.21,0.335,7
327,レース0327,2025-09-04,中京,1600,DIRT,未勝利,9,5,H0003908,ウマ3908,牝,2021,山本 陽,58.0,15,0.255,0.153,0.258,1
327,レース0327,2025-09-04,中京,1600,DIRT,未勝利,10,5,H0003909,ウマ3909,セ,2020,佐藤 健,54.0,21,0.077,0.177,0.573,3
327,レース0327,2025-09-04,中京,1600,DIRT,未勝利,11,6,H0003910,ウマ3910,セ,2021,佐藤 健,55.0,8,0.149,0.136,0.451,8
328,レース0328,2025-08-23,中山,1400,DIRT,OP,1,1,H0003911,ウマ3911,牝,2021,伊藤 翼,54.0,25,0.113,0.116,0.818,4
328,レース0328,2025-08-23,中山,1400,DIRT,OP,2,1,H0003912,ウマ3912,牡,2020,伊藤 翼,56.0,28,0.164,0.175,0.404,7
328,レース0328,2025-08-23,中山,1400,DIRT,OP,3,2,H0003913,ウマ3913,牝,2022,中村 駿,56.0,23,0.123,0.188,0.395,6
328,レース0328,2025-08-23,中山,1400,DIRT,OP,4,2,H0003914,ウマ3914,牝,2022,中村 駿,56.0,20,0.0,0.177,0.187,8
328,レース0328,2025-08-23,中山,1400,DIRT,OP,5,3,H0003915,ウマ3915,セ,2022,小林 蓮,55.0,23,0.167,0.115,0.51,2
328,レース0328,2025-08-23,中山,1400,DIRT,OP,6,3,H0003916,ウマ3916,牝,2020,佐藤 健,58.0,17,0.207,0.067,0.668,5
328,レース0328,2025-08-23,中山,1400,DIRT,OP,7,4,H0003917,ウマ3917,牝,2020,田中 一郎,55.0,4,0.27,0.142,0.544,1
328,レース0328,2025-08-23,中山,1400,DIRT,OP,8,4,H0003918,ウマ3918,牝,2021,鈴木 花子,58.0,30,0.276,0.124,0.625,3
329,レース0329,2025-02-21,中山,1400,TURF,2勝,1,1,H0003919,ウマ3919,牝,2021,鈴木 花子,54.0,10,0.075,0.101,0.286,11
329,レース0329,2025-02-21,中山,1400,TURF,2勝,2,1,H0003920,ウマ3920,セ,2020,伊藤 翼,58.0,9,0.157,0.147,0.915,4
329,レース0329,2025-02-21,中山,1400,TURF,2勝,3,2,H0003921,ウマ3921,牝,2022,高橋 大輔,57.0,8,0.325,0.081,0.497,2
329,レース0329,2025-02-21,中山,1400,TURF,2勝,4,2,H0003922,ウマ3922,牡,2020,高橋 大輔,54.0,20,0.077,0.175,0.337,9
329,レース0329,2025-02-21,中山,1400,TURF,2勝,5,3,H0003923,ウマ3923,牡,2022,小林 蓮,58.0,4,0.255,0.159,0.81,1
329,レース0329,2025-02-21,中山,1400,TURF,2勝,6,3,H0003924,ウマ3924,牝,2021,小林 蓮,58.0,29,0.109,0.158,0.574,10
329,レース0329,2025-02-21,中山,1400,TURF,2勝,7,4,H0003925,ウマ3925,セ,2020,渡辺 美咲,57.0,30,0.084,0.052,0.454,12
329,レース0329,2025-02-21,中山,1400,TURF,2勝,8,4,H0003926,ウマ3926,セ,2021,鈴木 花子,55.0,6,0.343,0.137,0.576,3
329,レース0329,2025-02-21,中山,1400,TURF,2勝,9,5,H0003927,ウマ3927,牡,2022,小林 蓮,55.0,18,0.2,0.097,0.725,6
329,レース0329,2025-02-21,中山,1400,TURF,2勝,10,5,H0003928,ウマ3928,牡,2021,鈴木 花子,56.0,3,0.119,0.12,0.256,13
329,レース0329,2025-02-21,中山,1400,TURF,2勝,11,6,H0003929,ウマ3929,牝,2021,渡辺 美咲,57.0,28,0.137,0.114,0.626,7
329,レース0329,2025-02-21,中山,1400,TURF,2勝,12,6,H0003930,ウマ3930,牝,2020,佐藤 健,54.0,4,0.148,0.216,0.419,8
329,レース0329,2025-02-21,中山,1400,TURF,2勝,13,7,H0003931,ウマ3931,牝,2021,渡辺 美咲,54.0,15,0.172,0.15,0.653,5
330,レース0330,2025-02-14,中山,1400,TURF,1勝,1,1,H0003932,ウマ3932,牡,2021,小林 蓮,54.0,13,0.232,0.175,0.517,4
330,レース0330,2025-02-14,中山,1400,TURF,1勝,2,1,H0003933,ウマ3933,牝,2022,小林 蓮,54.0,26,0.155,0.155,0.455,6
330,レース0330,2025-02-14,中山,1400,TURF,1勝,3,2,H0003934,ウマ3934,牡,2021,中村 駿,56.0,20,0.193,0.182,0.62,5
330,レース0330,2025-02-14,中山,1400,TURF,1勝,4,2,H0003935,ウマ3935,牡,2020,加藤 楓,54.0,5,0.085,0.134,0.751,2
330,レース0330,2025-02-14,中山,1400,TURF,1勝,5,3,H0003936,ウマ3936,牡,2020,渡辺 美咲,58.0,28,0.182,0.162,0.389,8
330,レース0330,2025-02-14,中山,1400,TURF,1勝,6,3,H0003937,ウマ3937,牝,2021,加藤 楓,55.0,12,0.213,0.067,0.585,7
330,レース0330,2025-02-14,中山,1400,TURF,1勝,7,4,H0003938,ウマ3938,牝,2021,小林 蓮,54.0,29,0.318,0.122,0.272,3
330,レース0330,2025-02-14,中山,1400,TURF,1勝,8,4,H0003939,ウマ3939,牡,2020,佐藤 健,54.0,11,0.271,0.149,0.521,1
331,レース0331,2025-11-22,阪神,1800,DIRT,2勝,1,1,H0003940,ウマ3940,牡,2021,鈴木 花子,54.0,30,0.228,0.118,0.626,4
331,レース0331,2025-11-22,阪神,1800,DIRT,2勝,2,1,H0003941,ウマ3941,牝,2020,田中 一郎,58.0,22,0.21,0.03,0.482,9
331,レース0331,2025-11-22,阪神,1800,DIRT,2勝,3,2,H0003942,ウマ3942,牡,2021,高橋 大輔,56.0,27,0.249,0.137,0.695,3
331,レース0331,2025-11-22,阪神,1800,DIRT,2勝,4,2,H0003943,ウマ3943,セ,2020,田中 一郎,56.0,21,0.186,0.173,0.506,8
331,レース0331,2025-11-22,阪神,1800,DIRT,2勝,5,3,H0003944,ウマ3944,牝,2020,小林 蓮,54.0,17,0.097,0.175,0.2,10
331,レース0331,2025-11-22,阪神,1800,DIRT,2勝,6,3,H0003945,ウマ3945,牡,2020,渡辺 美咲,56.0,25,0.307,0.145,0.715,2
331,レース0331,2025-11-22,阪神,1800,DIRT,2勝,7,4,H0003946,ウマ3946,牡,2020,山本 陽,58.0,26,0.237,0.108,0.311,5
331,レース0331,2025-11-22,阪神,1800,DIRT,2勝,8,4,H0003947,ウマ3947,牝,2021,山本 陽,57.0,17,0.083,0.14,0.671,6
331,レース0331,2025-11-22,阪神,1800,DIRT,2勝,9,5,H0003948,ウマ3948,セ,2020,山本 陽,54.0,10,0.086,0.097,0.669,7
331,レース0331,2025-11-22,阪神,1800,DIRT,2勝,10,5,H0003949,ウマ3949,セ,2020,中村 駿,56.0,22,0.317,0.145,0.822,1
332,レース0332,2025-08-19,中山,2400,TURF,G2,1,1,H0003950,ウマ3950,牡,2022,山本 陽,56.0,25,0.164,0.155,0.917,5
332,レース0332,2025-08-19,中山,2400,TURF,G2,2,1,H0003951,ウマ3951,牝,2020,渡辺 美咲,56.0,21,0.239,0.057,0.711,3
332,レース0332,2025-08-19,中山,2400,TURF,G2,3,2,H0003952,ウマ3952,牝,2021,渡辺 美咲,57.0,3,0.202,0.158,0.88,8
332,レース0332,2025-08-19,中山,2400,TURF,G2,4,2,H0003953,ウマ3953,セ,2022,佐藤 健,56.0,17,0.1,0.107,0.688,14
332,レース0332,2025-08-19,中山,2400,TURF,G2,5,3,H0003954,ウマ3954,牡,2022,中村 駿,55.0,28,0.106,0.187,0.72,10
332,レース0332,2025-08-19,中山,2400,TURF,G2,6,3,H0003955,ウマ3955,牡,2022,高橋 大輔,54.0,16,0.165,0.03,0.689,9
332,レース0332,2025-08-19,中山,2400,TURF,G2,7,4,H0003956,ウマ3956,セ,2020,加藤 楓,54.0,5,0.247,0.165,0.346,13
332,レース0332,2025-08-19,中山,2400,TURF,G2,8,4,H0003957,ウマ3957,セ,2020,加藤 楓,57.0,3,0.164,0.117,0.955,4
332,レース0332,2025-08-19,中山,2400,TURF,G2,9,5,H0003958,ウマ3958,牝,2021,田中 一郎,58.0,5,0.0,0.076,0.837,15
332,レース0332,2025-08-19,中山,2400,TURF,G2,10,5,H0003959,ウマ3959,牡,2020,山本 陽,55.0,13,0.159,0.196,0.668,6
332,レース0332,2025-08-19,中山,2400,TURF,G2,11,6,H0003960,ウマ3960,牝,2021,田中 一郎,58.0,18,0.246,0.065,0.667,7
332,レース0332,2025-08-19,中山,2400,TURF,G2,12,6,H0003961,ウマ3961,セ,2020,佐藤 健,58.0,4,0.058,0.152,0.716,12
332,レース0332,2025-08-19,中山,2400,TURF,G2,13,7,H0003962,ウマ3962,牝,2021,高橋 大輔,54.0,30,0.16,0.074,0.813,1
332,レース0332,2025-08-19,中山,2400,TURF,G2,14,7,H0003963,ウマ3963,セ,2022,佐藤 健,56.0,14,0.333,0.088,0.793,2
332,レース0332,2025-08-19,中山,2400,TURF,G2,15,8,H0003964,ウマ3964,セ,2021,加藤 楓,54.0,16,0.126,0.186,0.609,11
332,レース0332,2025-08-19,中山,2400,TURF,G2,16,8,H0003965,ウマ3965,牝,2021,加藤 楓,54.0,17,0.143,0.105,0.33,16
333,レース0333,2025-06-28,阪神,2000,DIRT,OP,1,1,H0003966,ウマ3966,牝,2020,加藤 楓,56.0,10,0.151,0.244,0.511,8
333,レース0333,2025-06-28,阪神,2000,DIRT,OP,2,1,H0003967,ウマ3967,牡,2020,山本 陽,55.0,9,0.095,0.179,0.297,12
333,レース0333,2025-06-28,阪神,2000,DIRT,OP,3,2,H0003968,ウマ3968,セ,2020,佐藤 健,56.0,15,0.099,0.175,0.616,9
333,レース0333,2025-06-28,阪神,2000,DIRT,OP,4,2,H0003969,ウマ3969,牡,2021,高橋 大輔,58.0,24,0.196,0.107,0.709,5
333,レース0333,2025-06-28,阪神,2000,DIRT,OP,5,3,H0003970,ウマ3970,牝,2022,高橋 大輔,55.0,4,0.23,0.198,0.609,2
333,レース0333,2025-06-28,阪神,2000,DIRT,OP,6,3,H0003971,ウマ3971,牡,2021,渡辺 美咲,57.0,8,0.141,0.175,0.766,6
333,レース0333,2025-06-28,阪神,2000,DIRT,OP,7,4,H0003972,ウマ3972,牝,2022,小林 蓮,55.0,11,0.299,0.103,0.601,3
333,レース0333,2025-06-28,阪神,2000,DIRT,OP,8,4,H0003973,ウマ3973,セ,2020,伊藤 翼,58.0,26,0.134,0.133,0.591,7
333,レース0333,2025-06-28,阪神,2000,DIRT,OP,9,5,H0003974,ウマ3974,牡,2020,山本 陽,58.0,10,0.229,0.093,0.695,1
333,レース0333,2025-06-28,阪神,2000,DIRT,OP,10,5,H0003975,ウマ3975,セ,2022,伊藤 翼,54.0,24,0.292,0.166,0.388,4
333,レース0333,2025-06-28,阪神,2000,DIRT,OP,11,6,H0003976,ウマ3976,セ,2022,田中 一郎,56.0,13,0.175,0.113,0.209,10
333,レース0333,2025-06-28,阪神,2000,DIRT,OP,12,6,H0003977,ウマ3977,牝,2020,鈴木 花子,58.0,7,0.133,0.181,0.395,11
334,レース0334,2025-04-12,中山,2400,DIRT,2勝,1,1,H0003978,ウマ3978,牝,2021,渡辺 美咲,54.0,4,0.058,0.132,0.96,7
334,レース0334,2025-04-12,中山,2400,DIRT,2勝,2,1,H0003979,ウマ3979,牡,2022,高橋 大輔,58.0,15,0.211,0.108,0.654,9
334,レース0334,2025-04-12,中山,2400,DIRT,2勝,3,2,H0003980,ウマ3980,牝,2020,山本 陽,57.0,11,0.17,0.048,0.358,11
334,レース0334,2025-04-12,中山,2400,DIRT,2勝,4,2,H0003981,ウマ3981,セ,2022,渡辺 美咲,57.0,13,0.219,0.192,0.404,1
334,レース0334,2025-04-12,中山,2400,DIRT,2勝,5,3,H0003982,ウマ3982,セ,2022,伊藤 翼,56.0,11,0.228,0.195,0.574,6
334,レース0334,2025-04-12,中山,2400,DIRT,2勝,6,3,H0003983,ウマ3983,セ,2022,小林 蓮,55.0,11,0.19,0.113,0.543,4
334,レース0334,2025-04-12,中山,2400,DIRT,2勝,7,4,H0003984,ウマ3984,牡,2020,加藤 楓,58.0,28,0.164,0.097,0.434,12
334,レース0334,2025-04-12,中山,2400,DIRT,2勝,8,4,H0003985,ウマ3985,牡,2020,山本 陽,58.0,10,0.282,0.157,0.431,5
334,レース0334,2025-04-12,中山,2400,DIRT,2勝,9,5,H0003986,ウマ3986,牝,2022,鈴木 花子,56.0,6,0.108,0.039,0.9,10
334,レース0334,2025-04-12,中山,2400,DIRT,2勝,10,5,H0003987,ウマ3987,牡,2022,鈴木 花子,57.0,30,0.301,0.172,0.663,2
334,レース0334,2025-04-12,中山,2400,DIRT,2勝,11,6,H0003988,ウマ3988,牝,2021,渡辺 美咲,55.0,12,0.194,0.181,0.524,8
334,レース0334,2025-04-12,中山,2400,DIRT,2勝,12,6,H0003989,ウマ3989,牝,2021,山本 陽,55.0,25,0.134,0.145,0.941,3
335,レース0335,2025-01-16,中山,2000,TURF,3勝,1,1,H0003990,ウマ3990,牝,2020,伊藤 翼,57.0,15,0.059,0.141,0.486,9
335,レース0335,2025-01-16,中山,2000,TURF,3勝,2,1,H0003991,ウマ3991,牝,2021,田中 一郎,56.0,26,0.156,0.142,0.79,3
335,レース0335,2025-01-16,中山,2000,TURF,3勝,3,2,H0003992,ウマ3992,セ,2020,田中 一郎,55.0,17,0.142,0.103,0.391,4
335,レース0335,2025-01-16,中山,2000,TURF,3勝,4,2,H0003993,ウマ3993,セ,2022,鈴木 花子,55.0,26,0.043,0.089,0.641,8
335,レース0335,2025-01-16,中山,2000,TURF,3勝,5,3,H0003994,ウマ3994,牡,2021,渡辺 美咲,55.0,15,0.217,0.179,0.907,1
335,レース0335,2025-01-16,中山,2000,TURF,3勝,6,3,H0003995,ウマ3995,牡,2022,渡辺 美咲,56.0,11,0.279,0.155,0.685,2
335,レース0335,2025-01-16,中山,2000,TURF,3勝,7,4,H0003996,ウマ3996,牝,2022,田中 一郎,55.0,7,0.134,0.155,0.638,5
335,レース0335,2025-01-16,中山,2000,TURF,3勝,8,4,H0003997,ウマ3997,セ,2021,加藤 楓,56.0,6,0.0,0.114,0.218,10
335,レース0335,2025-01-16,中山,2000,TURF,3勝,9,5,H0003998,ウマ3998,セ,2020,山本 陽,56.0,4,0.064,0.066,0.642,6
335,レース0335,2025-01-16,中山,2000,TURF,3勝,10,5,H0003999,ウマ3999,セ,2020,鈴木 花子,55.0,23,0.164,0.1,0.629,7
336,レース0336,2025-05-04,中山,2000,DIRT,G2,1,1,H0004000,ウマ4000,牝,2022,中村 駿,55.0,21,0.066,0.112,0.843,5
336,レース0336,2025-05-04,中山,2000,DIRT,G2,2,1,H0004001,ウマ4001,牡,2020,田中 一郎,56.0,6,0.076,0.098,0.526,11
336,レース0336,2025-05-04,中山,2000,DIRT,G2,3,2,H0004002,ウマ4002,セ,2022,伊藤 翼,55.0,25,0.233,0.03,0.666,10
336,レース0336,2025-05-04,中山,2000,DIRT,G2,4,2,H0004003,ウマ4003,セ,2021,加藤 楓,57.0,5,0.136,0.195,0.093,12
336,レース0336,2025-05-04,中山,2000,DIRT,G2,5,3,H0004004,ウマ4004,セ,2020,高橋 大輔,55.0,24,0.175,0.12,0.455,6
336,レース0336,2025-05-04,中山,2000,DIRT,G2,6,3,H0004005,ウマ4005,牝,2021,山本 陽,54.0,6,0.039,0.199,0.436,9
336,レース0336,2025-05-04,中山,2000,DIRT,G2,7,4,H0004006,ウマ4006,セ,2020,加藤 楓,55.0,23,0.289,0.26,0.539,3
336,レース0336,2025-05-04,中山,2000,DIRT,G2,8,4,H0004007,ウマ4007,牝,2021,加藤 楓,55.0,27,0.22,0.134,0.629,8
336,レース0336,2025-05-04,中山,2000,DIRT,G2,9,5,H0004008,ウマ4008,牝,2022,田中 一郎,56.0,26,0.281,0.192,0.959,2
336,レース0336,2025-05-04,中山,2000,DIRT,G2,10,5,H0004009,ウマ4009,牝,2021,鈴木 花子,57.0,23,0.311,0.203,0.84,4
336,レース0336,2025-05-04,中山,2000,DIRT,G2,11,6,H0004010,ウマ4010,牝,2020,伊藤 翼,54.0,8,0.038,0.134,0.863,1
336,レース0336,2025-05-04,中山,2000,DIRT,G2,12,6,H0004011,ウマ4011,牝,2020,山本 陽,57.0,26,0.185,0.182,0.652,7
337,レース0337,2025-12-13,中京,2400,DIRT,1勝,1,1,H0004012,ウマ4012,牝,2021,佐藤 健,58.0,5,0.023,0.166,0.468,9
337,レース0337,2025-12-13,中京,2400,DIRT,1勝,2,1,H0004013,ウマ4013,牡,2022,田中 一郎,54.0,28,0.306,0.148,0.615,6
337,レース0337,2025-12-13,中京,2400,DIRT,1勝,3,2,H0004014,ウマ4014,牝,2020,伊藤 翼,58.0,28,0.247,0.117,0.601,3
337,レース0337,2025-12-13,中京,2400,DIRT,1勝,4,2,H0004015,ウマ4015,牡,2021,加藤 楓,56.0,21,0.0,0.162,0.486,11
337,レース0337,2025-12-13,中京,2400,DIRT,1勝,5,3,H0004016,ウマ4016,牝,2022,高橋 大輔,57.0,21,0.227,0.098,0.338,1
337,レース0337,2025-12-13,中京,2400,DIRT,1勝,6,3,H0004017,ウマ4017,セ,2022,高橋 大輔,58.0,15,0.048,0.106,0.6,10
337,レース0337,2025-12-13,中京,2400,DIRT,1勝,7,4,H0004018,ウマ4018,牝,2022,中村 駿,55.0,19,0.309,0.051,0.167,7
337,レース0337,2025-12-13,中京,2400,DIRT,1勝,8,4,H0004019,ウマ4019,牡,2021,小林 蓮,55.0,27,0.365,0.144,0.546,2
337,レース0337,2025-12-13,中京,2400,DIRT,1勝,9,5,H0004020,ウマ4020,セ,2020,鈴木 花子,58.0,29,0.154,0.118,0.491,8
337,レース0337,2025-12-13,中京,2400,DIRT,1勝,10,5,H0004021,ウマ4021,牝,2020,伊藤 翼,54.0,25,0.263,0.156,0.448,4
337,レース0337,2025-12-13,中京,2400,DIRT,1勝,11,6,H0004022,ウマ4022,セ,2020,小林 蓮,54.0,18,0.153,0.113,0.562,5
338,レース0338,2025-11-19,東京,2000,DIRT,3勝,1,1,H0004023,ウマ4023,牝,2022,中村 駿,57.0,7,0.057,0.074,0.296,13
338,レース0338,2025-11-19,東京,2000,DIRT,3勝,2,1,H0004024,ウマ4024,セ,2021,鈴木 花子,54.0,22,0.273,0.134,0.418,5
338,レース0338,2025-11-19,東京,2000,DIRT,3勝,3,2,H0004025,ウマ4025,牝,2022,渡辺 美咲,55.0,13,0.193,0.092,0.519,9
338,レース0338,2025-11-19,東京,2000,DIRT,3勝,4,2,H0004026,ウマ4026,セ,2021,山本 陽,55.0,5,0.263,0.204,0.746,1
338,レース0338,2025-11-19,東京,2000,DIRT,3勝,5,3,H0004027,ウマ4027,セ,2022,鈴木 花子,56.0,3,0.156,0.148,0.324,12
338,レース0338,2025-11-19,東京,2000,DIRT,3勝,6,3,H0004028,ウマ4028,牡,2021,高橋 大輔,56.0,15,0.248,0.082,0.429,10
338,レース0338,2025-11-19,東京,2000,DIRT,3勝,7,4,H0004029,ウマ4029,牝,2020,小林 蓮,54.0,7,0.186,0.049,0.902,6
338,レース0338,2025-11-19,東京,2000,DIRT,3勝,8,4,H0004030,ウマ4030,牝,2022,小林 蓮,57.0,30,0.191,0.155,0.658,3
338,レース0338,2025-11-19,東京,2000,DIRT,3勝,9,5,H0004031,ウマ4031,セ,2020,佐藤 健,55.0,19,0.205,0.127,0.456,7
338,レース0338,2025-11-19,東京,2000,DIRT,3勝,10,5,H0004032,ウマ4032,セ,2022,山本 陽,58.0,27,0.0,0.146,0.581,8
338,レース0338,2025-11-19,東京,2000,DIRT,3勝,11,6,H0004033,ウマ4033,牡,2020,佐藤 健,56.0,17,0.207,0.249,0.481,4
338,レース0338,2025-11-19,東京,2000,DIRT,3勝,12,6,H0004034,ウマ4034,牝,2020,鈴木 花子,57.0,5,0.271,0.129,0.112,11
338,レース0338,2025-11-19,東京,2000,DIRT,3勝,13,7,H0004035,ウマ4035,セ,2022,中村 駿,54.0,8,0.121,0.22,0.701,2
339,レース0339,2025-10-09,東京,2400,DIRT,2勝,1,1,H0004036,ウマ4036,セ,2020,加藤 楓,55.0,28,0.444,0.125,0.513,1
339,レース0339,2025-10-09,東京,2400,DIRT,2勝,2,1,H0004037,ウマ4037,牡,2020,鈴木 花子,54.0,19,0.32,0.139,0.419,6
339,レース0339,2025-10-09,東京,2400,DIRT,2勝,3,2,H0004038,ウマ4038,牡,2021,田中 一郎,56.0,7,0.392,0.141,0.609,5
339,レース0339,2025-10-09,東京,2400,DIRT,2勝,4,2,H0004039,ウマ4039,セ,2022,高橋 大輔,57.0,8,0.0,0.115,0.786,11
339,レース0339,2025-10-09,東京,2400,DIRT,2勝,5,3,H0004040,ウマ4040,牡,2020,佐藤 健,58.0,3,0.229,0.132,0.404,9
339,レース0339,2025-10-09,東京,2400,DIRT,2勝,6,3,H0004041,ウマ4041,牡,2020,田中 一郎,55.0,16,0.156,0.201,0.479,10
339,レース0339,2025-10-09,東京,2400,DIRT,2勝,7,4,H0004042,ウマ4042,牝,2020,鈴木 花子,54.0,3,0.121,0.065,0.829,7
339,レース0339,2025-10-09,東京,2400,DIRT,2勝,8,4,H0004043,ウマ4043,牝,2022,伊藤 翼,56.0,7,0.15,0.112,0.667,3
339,レース0339,2025-10-09,東京,2400,DIRT,2勝,9,5,H0004044,ウマ4044,牡,2022,高橋 大輔,55.0,22,0.237,0.184,0.61,4
339,レース0339,2025-10-09,東京,2400,DIRT,2勝,10,5,H0004045,ウマ4045,牝,2021,鈴木 花子,55.0,25,0.271,0.117,0.727,2
339,レース0339,2025-10-09,東京,2400,DIRT,2勝,11,6,H0004046,ウマ4046,セ,2021,加藤 楓,58.0,30,0.074,0.046,0.506,8
340,レース0340,2025-06-28,阪神,1800,DIRT,未勝利,1,1,H0004047,ウマ4047,牡,2022,山本 陽,55.0,10,0.278,0.153,0.48,5
340,レース0340,2025-06-28,阪神,1800,DIRT,未勝利,2,1,H0004048,ウマ4048,セ,2021,高橋 大輔,55.0,4,0.188,0.076,0.379,15
340,レース0340,2025-06-28,阪神,1800,DIRT,未勝利,3,2,H0004049,ウマ4049,セ,2020,小林 蓮,58.0,29,0.173,0.155,0.547,11
340,レース0340,2025-06-28,阪神,1800,DIRT,未勝利,4,2,H0004050,ウマ4050,セ,2020,小林 蓮,58.0,21,0.262,0.123,0.406,9
340,レース0340,2025-06-28,阪神,1800,DIRT,未勝利,5,3,H0004051,ウマ4051,牝,2021,加藤 楓,54.0,13,0.094,0.057,0.543,14
340,レース0340,2025-06-28,阪神,1800,DIRT,未勝利,6,3,H0004052,ウマ4052,セ,2022,渡辺 美咲,54.0,10,0.155,0.05,0.282,13
340,レース0340,2025-06-28,阪神,1800,DIRT,未勝利,7,4,H0004053,ウマ4053,牡,2022,佐藤 健,56.0,17,0.104,0.062,0.928,4
340,レース0340,2025-06-28,阪神,1800,DIRT,未勝利,8,4,H0004054,ウマ4054,牝,2020,加藤 楓,56.0,13,0.22,0.186,0.663,7
340,レース0340,2025-06-28,阪神,1800,DIRT,未勝利,9,5,H0004055,ウマ4055,牡,2021,高橋 大輔,57.0,17,0.29,0.043,1.0,1
340,レース0340,2025-06-28,阪神,1800,DIRT,未勝利,10,5,H0004056,ウマ4056,牝,2021,渡辺 美咲,54.0,26,0.193,0.092,0.497,8
340,レース0340,2025-06-28,阪神,1800,DIRT,未勝利,11,6,H0004057,ウマ4057,セ,2022,山本 陽,54.0,24,0.147,0.16,0.488,12
340,レース0340,2025-06-28,阪神,1800,DIRT,未勝利,12,6,H0004058,ウマ4058,セ,2022,佐藤 健,58.0,23,0.246,0.082,0.655,2
340,レース0340,2025-06-28,阪神,1800,DIRT,未勝利,13,7,H0004059,ウマ4059,牝,2020,田中 一郎,54.0,11,0.149,0.051,0.868,3
340,レース0340,2025-06-28,阪神,1800,DIRT,未勝利,14,7,H0004060,ウマ4060,牡,2020,佐藤 健,56.0,12,0.155,0.213,0.591,6
340,レース0340,2025-06-28,阪神,1800,DIRT,未勝利,15,8,H0004061,ウマ4061,牝,2020,田中 一郎,54.0,25,0.068,0.174,0.409,10
341,レース0341,2025-02-17,中京,1800,DIRT,未勝利,1,1,H0004062,ウマ4062,牡,2021,伊藤 翼,55.0,29,0.258,0.03,0.767,1
341,レース0341,2025-02-17,中京,1800,DIRT,未勝利,2,1,H0004063,ウマ4063,牡,2020,鈴木 花子,57.0,19,0.28,0.111,0.473,6
341,レース0341,2025-02-17,中京,1800,DIRT,未勝利,3,2,H0004064,ウマ4064,牝,2021,田中 一郎,55.0,25,0.071,0.045,0.622,11
341,レース0341,2025-02-17,中京,1800,DIRT,未勝利,4,2,H0004065,ウマ4065,牝,2022,中村 駿,55.0,27,0.164,0.171,0.56,8
341,レース0341,2025-02-17,中京,1800,DIRT,未勝利,5,3,H0004066,ウマ4066,牝,2022,田中 一郎,57.0,27,0.159,0.03,0.445,10
341,レース0341,2025-02-17,中京,1800,DIRT,未勝利,6,3,H0004067,ウマ4067,牝,2021,山本 陽,58.0,22,0.215,0.214,0.519,2
341,レース0341,2025-02-17,中京,1800,DIRT,未勝利,7,4,H0004068,ウマ4068,牝,2021,山本 陽,58.0,8,0.408,0.173,0.403,4
341,レース0341,2025-02-17,中京,1800,DIRT,未勝利,8,4,H0004069,ウマ4069,セ,2021,伊藤 翼,55.0,10,0.176,0.14,0.606,9
341,レース0341,2025-02-17,中京,1800,DIRT,未勝利,9,5,H0004070,ウマ4070,セ,2021,渡辺 美咲,56.0,6,0.144,0.144,0.607,5
341,レース0341,2025-02-17,中京,1800,DIRT,未勝利,10,5,H0004071,ウマ4071,牡,2021,高橋 大輔,57.0,27,0.134,0.128,0.314,12
341,レース0341,2025-02-17,中京,1800,DIRT,未勝利,11,6,H0004072,ウマ4072,牝,2022,小林 蓮,55.0,12,0.207,0.098,0.58,7
341,レース0341,2025-02-17,中京,1800,DIRT,未勝利,12,6,H0004073,ウマ4073,牝,2020,佐藤 健,55.0,9,0.342,0.146,0.819,3
342,レース0342,2025-11-03,東京,1600,DIRT,G2,1,1,H0004074,ウマ4074,牡,2021,田中 一郎,54.0,18,0.152,0.202,0.774,1
342,レース0342,2025-11-03,東京,1600,DIRT,G2,2,1,H0004075,ウマ4075,牡,2020,鈴木 花子,54.0,24,0.298,0.179,0.478,3
342,レース0342,2025-11-03,東京,1600,DIRT,G2,3,2,H0004076,ウマ4076,牝,2022,高橋 大輔,57.0,26,0.131,0.119,0.65,4
342,レース0342,2025-11-03,東京,1600,DIRT,G2,4,2,H0004077,ウマ4077,牡,2020,中村 駿,56.0,6,0.184,0.038,0.301,7
342,レース0342,2025-11-03,東京,1600,DIRT,G2,5,3,H0004078,ウマ4078,セ,2021,伊藤 翼,58.0,26,0.13,0.172,0.514,6
342,レース0342,2025-11-03,東京,1600,DIRT,G2,6,3,H0004079,ウマ4079,牝,2021,加藤 楓,56.0,7,0.28,0.199,0.674,2
342,レース0342,2025-11-03,東京,1600,DIRT,G2,7,4,H0004080,ウマ4080,セ,2020,伊藤 翼,58.0,30,0.217,0.109,0.604,5
342,レース0342,2025-11-03,東京,1600,DIRT,G2,8,4,H0004081,ウマ4081,牡,2020,渡辺 美咲,55.0,20,0.054,0.07,0.29,9
342,レース0342,2025-11-03,東京,1600,DIRT,G2,9,5,H0004082,ウマ4082,セ,2020,渡辺 美咲,56.0,23,0.0,0.105,0.645,8
343,レース0343,2025-08-11,中京,1600,TURF,G1,1,1,H0004083,ウマ4083,牝,2021,伊藤 翼,57.0,7,0.281,0.147,0.511,3
343,レース0343,2025-08-11,中京,1600,TURF,G1,2,1,H0004084,ウマ4084,牝,2021,伊藤 翼,57.0,27,0.147,0.105,0.664,6
343,レース0343,2025-08-11,中京,1600,TURF,G1,3,2,H0004085,ウマ4085,牝,2020,田中 一郎,54.0,16,0.278,0.095,0.528,5
343,レース0343,2025-08-11,中京,1600,TURF,G1,4,2,H0004086,ウマ4086,牝,2021,加藤 楓,58.0,16,0.299,0.195,0.563,1
343,レース0343,2025-08-11,中京,1600,TURF,G1,5,3,H0004087,ウマ4087,セ,2020,加藤 楓,55.0,14,0.284,0.189,0.235,7
343,レース0343,2025-08-11,中京,1600,TURF,G1,6,3,H0004088,ウマ4088,牡,2020,鈴木 花子,57.0,3,0.223,0.212,0.344,10
343,レース0343,2025-08-11,中京,1600,TURF,G1,7,4,H0004089,ウマ4089,牝,2022,高橋 大輔,56.0,22,0.232,0.105,0.201,9
343,レース0343,2025-08-11,中京,1600,TURF,G1,8,4,H0004090,ウマ4090,セ,2020,佐藤 健,57.0,29,0.216,0.11,0.581,8
343,レース0343,2025-08-11,中京,1600,TURF,G1,9,5,H0004091,ウマ4091,牝,2022,鈴木 花子,57.0,25,0.134,0.102,0.777,2
343,レース0343,2025-08-11,中京,1600,TURF,G1,10,5,H0004092,ウマ4092,牡,2020,渡辺 美咲,57.0,4,0.202,0.097,0.567,4
344,レース0344,2025-05-05,中京,1400,DIRT,3勝,1,1,H0004093,ウマ4093,牝,2022,伊藤 翼,57.0,21,0.066,0.146,0.779,9
344,レース0344,2025-05-05,中京,1400,DIRT,3勝,2,1,H0004094,ウマ4094,セ,2021,山本 陽,56.0,14,0.349,0.097,0.622,1
344,レース0344,2025-05-05,中京,1400,DIRT,3勝,3,2,H0004095,ウマ4095,牝,2022,伊藤 翼,55.0,24,0.26,0.062,0.629,2
344,レース0344,2025-05-05,中京,1400,DIRT,3勝,4,2,H0004096,ウマ4096,牡,2022,高橋 大輔,55.0,7,0.141,0.12,0.289,11
344,レース0344,2025-05-05,中京,1400,DIRT,3勝,5,3,H0004097,ウマ4097,牡,2021,佐藤 健,55.0,18,0.303,0.036,0.543,4
344,レース0344,2025-05-05,中京,1400,DIRT,3勝,6,3,H0004098,ウマ4098,セ,2021,田中 一郎,56.0,11,0.199,0.088,0.68,3
344,レース0344,2025-05-05,中京,1400,DIRT,3勝,7,4,H0004099,ウマ4099,牡,2022,鈴木 花子,55.0,6,0.168,0.081,0.508,8
344,レース0344,2025-05-05,中京,1400,DIRT,3勝,8,4,H0004100,ウマ4100,牡,2022,山本 陽,55.0,8,0.145,0.175,0.513,7
344,レース0344,2025-05-05,中京,1400,DIRT,3勝,9,5,H0004101,ウマ4101,セ,2022,佐藤 健,58.0,17,0.331,0.15,0.483,5
344,レース0344,2025-05-05,中京,1400,DIRT,3勝,10,5,H0004102,ウマ4102,牝,2020,高橋 大輔,57.0,22,0.304,0.15,0.171,10
344,レース0344,2025-05-05,中京,1400,DIRT,3勝,11,6,H0004103,ウマ4103,牡,2022,小林 蓮,57.0,19,0.215,0.205,0.612,6
345,レース0345,2025-02-27,中京,2400,DIRT,G3,1,1,H0004104,ウマ4104,牡,2021,小林 蓮,54.0,27,0.327,0.154,0.527,6
345,レース0345,2025-02-27,中京,2400,DIRT,G3,2,1,H0004105,ウマ4105,セ,2022,中村 駿,58.0,28,0.215,0.163,0.749,4
345,レース0345,2025-02-27,中京,2400,DIRT,G3,3,2,H0004106,ウマ4106,牝,2021,高橋 大輔,57.0,6,0.102,0.171,0.476,10
345,レース0345,2025-02-27,中京,2400,DIRT,G3,4,2,H0004107,ウマ4107,牝,2020,田中 一郎,55.0,24,0.263,0.121,0.783,5
345,レース0345,2025-02-27,中京,2400,DIRT,G3,5,3,H0004108,ウマ4108,牡,2020,小林 蓮,54.0,17,0.183,0.185,0.051,11
345,レース0345,2025-02-27,中京,2400,DIRT,G3,6,3,H0004109,ウマ4109,牝,2020,伊藤 翼,57.0,19,0.295,0.042,0.625,1
345,レース0345,2025-02-27,中京,2400,DIRT,G3,7,4,H0004110,ウマ4110,牝,2022,渡辺 美咲,55.0,22,0.209,0.073,0.872,3
345,レース0345,2025-02-27,中京,2400,DIRT,G3,8,4,H0004111,ウマ4111,牡,2022,田中 一郎,58.0,18,0.057,0.049,0.651,9
345,レース0345,2025-02-27,中京,2400,DIRT,G3,9,5,H0004112,ウマ4112,牡,2020,加藤 楓,57.0,21,0.189,0.137,0.585,8
345,レース0345,2025-02-27,中京,2400,DIRT,G3,10,5,H0004113,ウマ4113,牡,2020,高橋 大輔,56.0,9,0.318,0.03,0.473,7
345,レース0345,2025-02-27,中京,2400,DIRT,G3,11,6,H0004114,ウマ4114,セ,2022,小林 蓮,58.0,14,0.235,0.17,0.623,2
346,レース0346,2025-04-06,阪神,1800,DIRT,G1,1,1,H0004115,ウマ4115,セ,2021,鈴木 花子,57.0,17,0.235,0.217,0.337,4
346,レース0346,2025-04-06,阪神,1800,DIRT,G1,2,1,H0004116,ウマ4116,牡,2020,田中 一郎,56.0,17,0.145,0.114,0.644,7
346,レース0346,2025-04-06,阪神,1800,DIRT,G1,3,2,H0004117,ウマ4117,セ,2022,渡辺 美咲,57.0,3,0.067,0.125,0.383,9
346,レース0346,2025-04-06,阪神,1800,DIRT,G1,4,2,H0004118,ウマ4118,牡,2021,山本 陽,54.0,29,0.183,0.074,0.427,8
346,レース0346,2025-04-06,阪神,1800,DIRT,G1,5,3,H0004119,ウマ4119,牡,2021,佐藤 健,56.0,19,0.227,0.113,0.552,5
346,レース0346,2025-04-06,阪神,1800,DIRT,G1,6,3,H0004120,ウマ4120,牝,2022,佐藤 健,58.0,4,0.273,0.089,0.62,1
346,レース0346,2025-04-06,阪神,1800,DIRT,G1,7,4,H0004121,ウマ4121,セ,2022,伊藤 翼,56.0,15,0.095,0.252,0.584,3
346,レース0346,2025-04-06,阪神,1800,DIRT,G1,8,4,H0004122,ウマ4122,牡,2021,山本 陽,57.0,30,0.293,0.165,0.715,2
346,レース0346,2025-04-06,阪神,1800,DIRT,G1,9,5,H0004123,ウマ4123,牡,2021,加藤 楓,57.0,24,0.215,0.192,0.507,6
347,レース0347,2025-08-09,阪神,2000,DIRT,2勝,1,1,H0004124,ウマ4124,セ,2021,小林 蓮,54.0,23,0.272,0.039,0.239,16
347,レース0347,2025-08-09,阪神,2000,DIRT,2勝,2,1,H0004125,ウマ4125,セ,2021,加藤 楓,58.0,22,0.235,0.173,0.753,6
347,レース0347,2025-08-09,阪神,2000,DIRT,2勝,3,2,H0004126,ウマ4126,牡,2021,山本 陽,57.0,9,0.147,0.157,0.472,13
347,レース0347,2025-08-09,阪神,2000,DIRT,2勝,4,2,H0004127,ウマ4127,牡,2021,高橋 大輔,58.0,17,0.211,0.113,0.54,7
347,レース0347,2025-08-09,阪神,2000,DIRT,2勝,5,3,H0004128,ウマ4128,牝,2022,山本 陽,54.0,9,0.096,0.092,0.509,12
347,レース0347,2025-08-09,阪神,2000,DIRT,2勝,6,3,H0004129,ウマ4129,牡,2021,山本 陽,57.0,7,0.154,0.142,0.354,9
347,レース0347,2025-08-09,阪神,2000,DIRT,2勝,7,4,H0004130,ウマ4130,セ,2020,小林 蓮,55.0,9,0.174,0.134,0.209,11
347,レース0347,2025-08-09,阪神,2000,DIRT,2勝,8,4,H0004131,ウマ4131,牡,2020,高橋 大輔,57.0,3,0.332,0.111,0.676,1
347,レース0347,2025-08-09,阪神,2000,DIRT,2勝,9,5,H0004132,ウマ4132,セ,2021,山本 陽,57.0,6,0.238,0.216,0.603,4
347,レース0347,2025-08-09,阪神,2000,DIRT,2勝,10,5,H0004133,ウマ4133,牡,2022,加藤 楓,57.0,28,0.147,0.15,0.494,10
347,レース0347,2025-08-09,阪神,2000,DIRT,2勝,11,6,H0004134,ウマ4134,セ,2020,中村 駿,56.0,23,0.257,0.13,0.543,3
347,レース0347,2025-08-09,阪神,2000,DIRT,2勝,12,6,H0004135,ウマ4135,牡,2022,中村 駿,56.0,13,0.07,0.082,0.583,15
347,レース0347,2025-08-09,阪神,2000,DIRT,2勝,13,7,H0004136,ウマ4136,セ,2022,伊藤 翼,58.0,22,0.238,0.115,0.473,8
347,レース0347,2025-08-09,阪神,2000,DIRT,2勝,14,7,H0004137,ウマ4137,牡,2022,小林 蓮,57.0,28,0.274,0.087,0.778,2
347,レース0347,2025-08-09,阪神,2000,DIRT,2勝,15,8,H0004138,ウマ4138,牝,2020,伊藤 翼,57.0,28,0.04,0.144,0.565,14
347,レース0347,2025-08-09,阪神,2000,DIRT,2勝,16,8,H0004139,ウマ4139,牡,2022,小林 蓮,56.0,12,0.192,0.231,0.607,5
348,レース0348,2025-02-22,中山,2000,DIRT,未勝利,1,1,H0004140,ウマ4140,セ,2021,中村 駿,57.0,8,0.186,0.117,0.217,12
348,レース0348,2025-02-22,中山,2000,DIRT,未勝利,2,1,H0004141,ウマ4141,セ,2021,伊藤 翼,56.0,14,0.319,0.053,0.77,1
348,レース0348,2025-02-22,中山,2000,DIRT,未勝利,3,2,H0004142,ウマ4142,牝,2022,小林 蓮,54.0,12,0.091,0.157,0.383,9
348,レース0348,2025-02-22,中山,2000,DIRT,未勝利,4,2,H0004143,ウマ4143,セ,2022,山本 陽,54.0,19,0.23,0.142,0.178,11
348,レース0348,2025-02-22,中山,2000,DIRT,未勝利,5,3,H0004144,ウマ4144,セ,2022,佐藤 健,55.0,5,0.173,0.099,0.55,4
348,レース0348,2025-02-22,中山,2000,DIRT,未勝利,6,3,H0004145,ウマ4145,セ,2020,鈴木 花子,58.0,13,0.147,0.11,0.497,5
348,レース0348,2025-02-22,中山,2000,DIRT,未勝利,7,4,H0004146,ウマ4146,牡,2020,佐藤 健,57.0,24,0.065,0.12,0.535,8
348,レース0348,2025-02-22,中山,2000,DIRT,未勝利,8,4,H0004147,ウマ4147,牝,2020,渡辺 美咲,56.0,29,0.155,0.091,0.519,7
348,レース0348,2025-02-22,中山,2000,DIRT,未勝利,9,5,H0004148,ウマ4148,牝,2021,田中 一郎,57.0,12,0.287,0.148,0.425,2
348,レース0348,2025-02-22,中山,2000,DIRT,未勝利,10,5,H0004149,ウマ4149,セ,2021,渡辺 美咲,54.0,17,0.135,0.188,0.674,3
348,レース0348,2025-02-22,中山,2000,DIRT,未勝利,11,6,H0004150,ウマ4150,牝,2021,小林 蓮,57.0,26,0.08,0.097,0.378,10
348,レース0348,2025-02-22,中山,2000,DIRT,未勝利,12,6,H0004151,ウマ4151,牡,2020,加藤 楓,54.0,24,0.097,0.151,0.545,6
349,レース0349,2025-06-06,中山,1600,DIRT,2勝,1,1,H0004152,ウマ4152,セ,2022,小林 蓮,56.0,19,0.421,0.173,0.623,1
349,レース0349,2025-06-06,中山,1600,DIRT,2勝,2,1,H0004153,ウマ4153,牝,2020,佐藤 健,56.0,3,0.256,0.178,0.45,7
349,レース0349,2025-06-06,中山,1600,DIRT,2勝,3,2,H0004154,ウマ4154,牡,2021,山本 陽,58.0,8,0.184,0.061,0.665,8
349,レース0349,2025-06-06,中山,1600,DIRT,2勝,4,2,H0004155,ウマ4155,セ,2021,田中 一郎,58.0,4,0.088,0.095,0.577,11
349,レース0349,2025-06-06,中山,1600,DIRT,2勝,5,3,H0004156,ウマ4156,牝,2020,山本 陽,56.0,4,0.116,0.088,0.691,9
349,レース0349,2025-06-06,中山,1600,DIRT,2勝,6,3,H0004157,ウマ4157,セ,2020,山本 陽,55.0,29,0.184,0.22,0.666,6
349,レース0349,2025-06-06,中山,1600,DIRT,2勝,7,4,H0004158,ウマ4158,牡,2020,加藤 楓,54.0,11,0.216,0.16,0.47,4
349,レース0349,2025-06-06,中山,1600,DIRT,2勝,8,4,H0004159,ウマ4159,牝,2021,佐藤 健,56.0,25,0.135,0.086,0.548,10
349,レース0349,2025-06-06,中山,1600,DIRT,2勝,9,5,H0004160,ウマ4160,牡,2021,高橋 大輔,57.0,16,0.291,0.123,0.651,5
349,レース0349,2025-06-06,中山,1600,DIRT,2勝,10,5,H0004161,ウマ4161,牡,2021,山本 陽,58.0,20,0.016,0.056,0.389,13
349,レース0349,2025-06-06,中山,1600,DIRT,2勝,11,6,H0004162,ウマ4162,牝,2021,中村 駿,54.0,16,0.296,0.148,0.752,2
349,レース0349,2025-06-06,中山,1600,DIRT,2勝,12,6,H0004163,ウマ4163,セ,2022,山本 陽,55.0,14,0.262,0.103,0.738,3
349,レース0349,2025-06-06,中山,1600,DIRT,2勝,13,7,H0004164,ウマ4164,牡,2021,加藤 楓,57.0,7,0.088,0.11,0.262,12
350,レース0350,2025-10-20,阪神,2400,TURF,G2,1,1,H0004165,ウマ4165,牝,2022,伊藤 翼,57.0,23,0.18,0.03,0.612,10
350,レース0350,2025-10-20,阪神,2400,TURF,G2,2,1,H0004166,ウマ4166,牝,2022,加藤 楓,55.0,12,0.0,0.053,0.602,11
350,レース0350,2025-10-20,阪神,2400,TURF,G2,3,2,H0004167,ウマ4167,牝,2021,山本 陽,58.0,26,0.251,0.176,0.492,5
350,レース0350,2025-10-20,阪神,2400,TURF,G2,4,2,H0004168,ウマ4168,牡,2020,小林 蓮,54.0,29,0.214,0.185,0.231,12
350,レース0350,2025-10-20,阪神,2400,TURF,G2,5,3,H0004169,ウマ4169,セ,2022,佐藤 健,56.0,29,0.314,0.169,0.289,3
350,レース0350,2025-10-20,阪神,2400,TURF,G2,6,3,H0004170,ウマ4170,牡,2020,渡辺 美咲,57.0,23,0.0,0.192,0.563,13
350,レース0350,2025-10-20,阪神,2400,TURF,G2,7,4,H0004171,ウマ4171,牝,2022,伊藤 翼,57.0,16,0.203,0.137,0.525,9
350,レース0350,2025-10-20,阪神,2400,TURF,G2,8,4,H0004172,ウマ4172,牝,2021,高橋 大輔,54.0,23,0.263,0.119,0.455,6
350,レース0350,2025-10-20,阪神,2400,TURF,G2,9,5,H0004173,ウマ4173,牡,2022,佐藤 健,58.0,15,0.212,0.065,0.717,7
350,レース0350,2025-10-20,阪神,2400,TURF,G2,10,5,H0004174,ウマ4174,牝,2020,高橋 大輔,58.0,4,0.172,0.156,0.646,8
350,レース0350,2025-10-20,阪神,2400,TURF,G2,11,6,H0004175,ウマ4175,牡,2022,伊藤 翼,58.0,8,0.131,0.096,0.777,1
350,レース0350,2025-10-20,阪神,2400,TURF,G2,12,6,H0004176,ウマ4176,牝,2020,小林 蓮,58.0,11,0.139,0.226,0.69,4
350,レース0350,2025-10-20,阪神,2400,TURF,G2,13,7,H0004177,ウマ4177,セ,2020,山本 陽,55.0,23,0.077,0.192,0.547,2
351,レース0351,2025-01-10,東京,1600,TURF,3勝,1,1,H0004178,ウマ4178,牡,2021,小林 蓮,54.0,6,0.118,0.16,0.497,5
351,レース0351,2025-01-10,東京,1600,TURF,3勝,2,1,H0004179,ウマ4179,牡,2021,小林 蓮,55.0,23,0.153,0.103,0.427,7
351,レース0351,2025-01-10,東京,1600,TURF,3勝,3,2,H0004180,ウマ4180,牝,2021,鈴木 花子,56.0,17,0.054,0.094,0.387,15
351,レース0351,2025-01-10,東京,1600,TURF,3勝,4,2,H0004181,ウマ4181,牡,2021,小林 蓮,56.0,6,0.239,0.164,0.704,2
351,レース0351,2025-01-10,東京,1600,TURF,3勝,5,3,H0004182,ウマ4182,セ,2020,山本 陽,57.0,9,0.153,0.151,0.712,11
351,レース0351,2025-01-10,東京,1600,TURF,3勝,6,3,H0004183,ウマ4183,牡,2020,鈴木 花子,55.0,14,0.216,0.067,0.718,4
351,レース0351,2025-01-10,東京,1600,TURF,3勝,7,4,H0004184,ウマ4184,牡,2022,高橋 大輔,55.0,21,0.09,0.197,0.643,3
351,レース0351,2025-01-10,東京,1600,TURF,3勝,8,4,H0004185,ウマ4185,牝,2022,佐藤 健,58.0,12,0.23,0.139,0.333,13
351,レース0351,2025-01-10,東京,1600,TURF,3勝,9,5,H0004186,ウマ4186,セ,2020,佐藤 健,55.0,22,0.08,0.152,0.362,14
351,レース0351,2025-01-10,東京,1600,TURF,3勝,10,5,H0004187,ウマ4187,牝,2021,山本 陽,58.0,10,0.299,0.055,0.623,10
351,レース0351,2025-01-10,東京,1600,TURF,3勝,11,6,H0004188,ウマ4188,牡,2021,佐藤 健,56.0,5,0.378,0.05,0.42,8
351,レース0351,2025-01-10,東京,1600,TURF,3勝,12,6,H0004189,ウマ4189,セ,2021,渡辺 美咲,55.0,22,0.19,0.109,0.658,12
351,レース0351,2025-01-10,東京,1600,TURF,3勝,13,7,H0004190,ウマ4190,牡,2021,伊藤 翼,56.0,9,0.159,0.134,0.558,6
351,レース0351,2025-01-10,東京,1600,TURF,3勝,14,7,H0004191,ウマ4191,牝,2022,鈴木 花子,58.0,11,0.122,0.156,0.576,9
351,レース0351,2025-01-10,東京,1600,TURF,3勝,15,8,H0004192,ウマ4192,牝,2022,佐藤 健,54.0,8,0.232,0.176,0.77,1
352,レース0352,2025-08-17,阪神,1600,TURF,G3,1,1,H0004193,ウマ4193,牝,2020,田中 一郎,58.0,22,0.301,0.15,0.881,3
352,レース0352,2025-08-17,阪神,1600,TURF,G3,2,1,H0004194,ウマ4194,牡,2020,山本 陽,56.0,4,0.064,0.158,0.491,12
352,レース0352,2025-08-17,阪神,1600,TURF,G3,3,2,H0004195,ウマ4195,牝,2022,小林 蓮,56.0,17,0.288,0.086,0.667,6
352,レース0352,2025-08-17,阪神,1600,TURF,G3,4,2,H0004196,ウマ4196,牡,2021,佐藤 健,56.0,20,0.418,0.161,0.453,5
352,レース0352,2025-08-17,阪神,1600,TURF,G3,5,3,H0004197,ウマ4197,セ,2020,高橋 大輔,56.0,8,0.053,0.03,0.474,10
352,レース0352,2025-08-17,阪神,1600,TURF,G3,6,3,H0004198,ウマ4198,セ,2021,加藤 楓,56.0,12,0.125,0.108,0.226,14
352,レース0352,2025-08-17,阪神,1600,TURF,G3,7,4,H0004199,ウマ4199,牝,2021,小林 蓮,55.0,9,0.323,0.098,0.399,7
352,レース0352,2025-08-17,阪神,1600,TURF,G3,8,4,H0004200,ウマ4200,セ,2021,鈴木 花子,54.0,28,0.309,0.072,1.0,1
352,レース0352,2025-08-17,阪神,1600,TURF,G3,9,5,H0004201,ウマ4201,セ,2021,山本 陽,56.0,16,0.143,0.03,0.336,11
352,レース0352,2025-08-17,阪神,1600,TURF,G3,10,5,H0004202,ウマ4202,セ,2020,高橋 大輔,54.0,17,0.262,0.106,0.714,4
352,レース0352,2025-08-17,阪神,1600,TURF,G3,11,6,H0004203,ウマ4203,セ,2020,鈴木 花子,56.0,3,0.178,0.101,0.386,9
352,レース0352,2025-08-17,阪神,1600,TURF,G3,12,6,H0004204,ウマ4204,セ,2021,渡辺 美咲,55.0,14,0.142,0.101,0.505,8
352,レース0352,2025-08-17,阪神,1600,TURF,G3,13,7,H0004205,ウマ4205,牡,2021,中村 駿,57.0,16,0.061,0.138,0.356,13
352,レース0352,2025-08-17,阪神,1600,TURF,G3,14,7,H0004206,ウマ4206,牝,2020,田中 一郎,55.0,8,0.286,0.148,0.569,2
352,レース0352,2025-08-17,阪神,1600,TURF,G3,15,8,H0004207,ウマ4207,セ,2022,佐藤 健,57.0,6,0.105,0.092,0.428,15
353,レース0353,2025-05-22,中京,1600,TURF,G3,1,1,H0004208,ウマ4208,牡,2020,伊藤 翼,58.0,21,0.162,0.141,0.646,3
353,レース0353,2025-05-22,中京,1600,TURF,G3,2,1,H0004209,ウマ4209,セ,2022,渡辺 美咲,57.0,9,0.142,0.146,0.537,5
353,レース0353,2025-05-22,中京,1600,TURF,G3,3,2,H0004210,ウマ4210,牡,2022,伊藤 翼,57.0,27,0.28,0.04,0.304,7
353,レース0353,2025-05-22,中京,1600,TURF,G3,4,2,H0004211,ウマ4211,牝,2021,中村 駿,57.0,16,0.08,0.13,0.509,8
353,レース0353,2025-05-22,中京,1600,TURF,G3,5,3,H0004212,ウマ4212,牡,2021,田中 一郎,56.0,24,0.16,0.178,0.529,4
353,レース0353,2025-05-22,中京,1600,TURF,G3,6,3,H0004213,ウマ4213,セ,2021,田中 一郎,55.0,19,0.305,0.116,0.595,1
353,レース0353,2025-05-22,中京,1600,TURF,G3,7,4,H0004214,ウマ4214,牝,2020,山本 陽,56.0,18,0.269,0.099,0.76,2
353,レース0353,2025-05-22,中京,1600,TURF,G3,8,4,H0004215,ウマ4215,牡,2021,小林 蓮,55.0,26,0.203,0.083,0.229,6
354,レース0354,2025-12-27,阪神,2400,TURF,3勝,1,1,H0004216,ウマ4216,牝,2020,伊藤 翼,58.0,17,0.11,0.213,0.275,10
354,レース0354,2025-12-27,阪神,2400,TURF,3勝,2,1,H0004217,ウマ4217,牝,2021,中村 駿,56.0,6,0.25,0.208,0.491,1
354,レース0354,2025-12-27,阪神,2400,TURF,3勝,3,2,H0004218,ウマ4218,セ,2021,鈴木 花子,56.0,20,0.118,0.152,0.574,7
354,レース0354,2025-12-27,阪神,2400,TURF,3勝,4,2,H0004219,ウマ4219,セ,2022,加藤 楓,58.0,25,0.264,0.145,0.441,6
354,レース0354,2025-12-27,阪神,2400,TURF,3勝,5,3,H0004220,ウマ4220,牝,2021,山本 陽,58.0,11,0.175,0.074,0.522,2
354,レース0354,2025-12-27,阪神,2400,TURF,3勝,6,3,H0004221,ウマ4221,セ,2021,山本 陽,58.0,25,0.296,0.076,0.414,8
354,レース0354,2025-12-27,阪神,2400,TURF,3勝,7,4,H0004222,ウマ4222,牝,2020,加藤 楓,55.0,20,0.035,0.09,0.839,4
354,レース0354,2025-12-27,阪神,2400,TURF,3勝,8,4,H0004223,ウマ4223,牝,2022,高橋 大輔,58.0,11,0.198,0.202,0.703,5
354,レース0354,2025-12-27,阪神,2400,TURF,3勝,9,5,H0004224,ウマ4224,牡,2021,小林 蓮,55.0,22,0.097,0.065,0.596,9
354,レース0354,2025-12-27,阪神,2400,TURF,3勝,10,5,H0004225,ウマ4225,セ,2020,佐藤 健,54.0,28,0.247,0.123,0.774,3
355,レース0355,2025-09-25,東京,1400,DIRT,G2,1,1,H0004226,ウマ4226,牡,2021,佐藤 健,55.0,9,0.158,0.122,0.584,5
355,レース0355,2025-09-25,東京,1400,DIRT,G2,2,1,H0004227,ウマ4227,牝,2020,山本 陽,55.0,20,0.233,0.145,0.62,3
355,レース0355,2025-09-25,東京,1400,DIRT,G2,3,2,H0004228,ウマ4228,牡,2022,山本 陽,54.0,16,0.097,0.143,0.648,8
355,レース0355,2025-09-25,東京,1400,DIRT,G2,4,2,H0004229,ウマ4229,牡,2020,小林 蓮,58.0,18,0.156,0.131,0.741,6
355,レース0355,2025-09-25,東京,1400,DIRT,G2,5,3,H0004230,ウマ4230,牡,2020,田中 一郎,58.0,25,0.262,0.097,0.413,4
355,レース0355,2025-09-25,東京,1400,DIRT,G2,6,3,H0004231,ウマ4231,牝,2020,佐藤 健,57.0,12,0.274,0.171,0.849,1
355,レース0355,2025-09-25,東京,1400,DIRT,G2,7,4,H0004232,ウマ4232,セ,2021,鈴木 花子,56.0,14,0.178,0.166,0.371,2
355,レース0355,2025-09-25,東京,1400,DIRT,G2,8,4,H0004233,ウマ4233,牝,2022,田中 一郎,58.0,25,0.247,0.108,0.52,7
356,レース0356,2025-03-18,阪神,1400,TURF,未勝利,1,1,H0004234,ウマ4234,セ,2020,加藤 楓,56.0,3,0.105,0.236,0.47,15
356,レース0356,2025-03-18,阪神,1400,TURF,未勝利,2,1,H0004235,ウマ4235,牡,2020,佐藤 健,58.0,6,0.253,0.082,0.529,5
356,レース0356,2025-03-18,阪神,1400,TURF,未勝利,3,2,H0004236,ウマ4236,セ,2022,高橋 大輔,54.0,8,0.107,0.075,0.736,6
356,レース0356,2025-03-18,阪神,1400,TURF,未勝利,4,2,H0004237,ウマ4237,牝,2021,佐藤 健,56.0,14,0.177,0.15,0.578,8
356,レース0356,2025-03-18,阪神,1400,TURF,未勝利,5,3,H0004238,ウマ4238,牡,2020,中村 駿,55.0,17,0.316,0.19,0.84,1
356,レース0356,2025-03-18,阪神,1400,TURF,未勝利,6,3,H0004239,ウマ4239,牝,2021,田中 一郎,55.0,6,0.047,0.099,0.776,10
356,レース0356,2025-03-18,阪神,1400,TURF,未勝利,7,4,H0004240,ウマ4240,牡,2021,小林 蓮,57.0,28,0.373,0.13,0.475,3
356,レース0356,2025-03-18,阪神,1400,TURF,未勝利,8,4,H0004241,ウマ4241,牡,2021,高橋 大輔,54.0,19,0.233,0.076,0.513,9
356,レース0356,2025-03-18,阪神,1400,TURF,未勝利,9,5,H0004242,ウマ4242,牡,2020,佐藤 健,55.0,8,0.0,0.099,0.634,16
356,レース0356,2025-03-18,阪神,1400,TURF,未勝利,10,5,H0004243,ウマ4243,牡,2021,田中 一郎,56.0,14,0.294,0.147,0.787,2
356,レース0356,2025-03-18,阪神,1400,TURF,未勝利,11,6,H0004244,ウマ4244,牡,2020,渡辺 美咲,58.0,3,0.249,0.135,0.48,7
356,レース0356,2025-03-18,阪神,1400,TURF,未勝利,12,6,H0004245,ウマ4245,牝,2021,小林 蓮,56.0,17,0.028,0.159,0.689,11
356,レース0356,2025-03-18,阪神,1400,TURF,未勝利,13,7,H0004246,ウマ4246,牝,2022,小林 蓮,58.0,4,0.181,0.211,0.67,4
356,レース0356,2025-03-18,阪神,1400,TURF,未勝利,14,7,H0004247,ウマ4247,セ,2021,田中 一郎,57.0,13,0.168,0.066,0.46,12
356,レース0356,2025-03-18,阪神,1400,TURF,未勝利,15,8,H0004248,ウマ4248,牡,2020,小林 蓮,56.0,8,0.0,0.163,0.497,13
356,レース0356,2025-03-18,阪神,1400,TURF,未勝利,16,8,H0004249,ウマ4249,セ,2020,鈴木 花子,55.0,30,0.087,0.15,0.389,14
357,レース0357,2025-02-03,中山,1200,TURF,2勝,1,1,H0004250,ウマ4250,牝,2020,中村 駿,55.0,20,0.125,0.13,0.485,13
357,レース0357,2025-02-03,中山,1200,TURF,2勝,2,1,H0004251,ウマ4251,牝,2021,鈴木 花子,55.0,5,0.364,0.15,0.409,4
357,レース0357,2025-02-03,中山,1200,TURF,2勝,3,2,H0004252,ウマ4252,牝,2020,鈴木 花子,56.0,17,0.131,0.097,0.322,10
357,レース0357,2025-02-03,中山,1200,TURF,2勝,4,2,H0004253,ウマ4253,セ,2022,中村 駿,57.0,9,0.266,0.145,0.138,14
357,レース0357,2025-02-03,中山,1200,TURF,2勝,5,3,H0004254,ウマ4254,牝,2022,山本 陽,56.0,3,0.126,0.115,0.493,7
357,レース0357,2025-02-03,中山,1200,TURF,2勝,6,3,H0004255,ウマ4255,セ,2020,山本 陽,58.0,4,0.153,0.169,0.38,2
357,レース0357,2025-02-03,中山,1200,TURF,2勝,7,4,H0004256,ウマ4256,牝,2022,中村 駿,56.0,18,0.0,0.15,0.507,11
357,レース0357,2025-02-03,中山,1200,TURF,2勝,8,4,H0004257,ウマ4257,牡,2021,山本 陽,58.0,15,0.206,0.081,0.19,12
357,レース0357,2025-02-03,中山,1200,TURF,2勝,9,5,H0004258,ウマ4258,牡,2021,中村 駿,54.0,12,0.253,0.128,0.469,5
357,レース0357,2025-02-03,中山,1200,TURF,2勝,10,5,H0004259,ウマ4259,牡,2022,高橋 大輔,54.0,20,0.078,0.231,0.115,16
357,レース0357,2025-02-03,中山,1200,TURF,2勝,11,6,H0004260,ウマ4260,牝,2021,加藤 楓,56.0,30,0.203,0.208,0.557,1
357,レース0357,2025-02-03,中山,1200,TURF,2勝,12,6,H0004261,ウマ4261,牝,2022,山本 陽,55.0,23,0.232,0.177,0.785,3
357,レース0357,2025-02-03,中山,1200,TURF,2勝,13,7,H0004262,ウマ4262,牝,2020,渡辺 美咲,58.0,25,0.315,0.107,0.344,6
357,レース0357,2025-02-03,中山,1200,TURF,2勝,14,7,H0004263,ウマ4263,牡,2020,渡辺 美咲,58.0,25,0.124,0.13,0.443,8
357,レース0357,2025-02-03,中山,1200,TURF,2勝,15,8,H0004264,ウマ4264,牝,2020,山本 陽,54.0,10,0.194,0.055,0.597,9
357,レース0357,2025-02-03,中山,1200,TURF,2勝,16,8,H0004265,ウマ4265,牝,2021,加藤 楓,58.0,12,0.099,0.107,0.297,15
358,レース0358,2025-06-24,中山,1400,DIRT,OP,1,1,H0004266,ウマ4266,牡,2022,鈴木 花子,56.0,20,0.246,0.135,0.23,11
358,レース0358,2025-06-24,中山,1400,DIRT,OP,2,1,H0004267,ウマ4267,牝,2020,高橋 大輔,55.0,30,0.17,0.078,0.446,10
358,レース0358,2025-06-24,中山,1400,DIRT,OP,3,2,H0004268,ウマ4268,牡,2020,中村 駿,57.0,16,0.195,0.129,0.563,8
358,レース0358,2025-06-24,中山,1400,DIRT,OP,4,2,H0004269,ウマ4269,牝,2022,高橋 大輔,55.0,11,0.204,0.167,0.681,7
358,レース0358,2025-06-24,中山,1400,DIRT,OP,5,3,H0004270,ウマ4270,牝,2020,中村 駿,55.0,8,0.205,0.237,0.198,5
358,レース0358,2025-06-24,中山,1400,DIRT,OP,6,3,H0004271,ウマ4271,牡,2021,伊藤 翼,55.0,11,0.214,0.072,0.221,12
358,レース0358,2025-06-24,中山,1400,DIRT,OP,7,4,H0004272,ウマ4272,セ,2021,高橋 大輔,54.0,11,0.271,0.071,0.794,2
358,レース0358,2025-06-24,中山,1400,DIRT,OP,8,4,H0004273,ウマ4273,セ,2021,伊藤 翼,56.0,21,0.325,0.046,0.623,6
358,レース0358,2025-06-24,中山,1400,DIRT,OP,9,5,H0004274,ウマ4274,牡,2022,加藤 楓,55.0,20,0.201,0.095,0.774,3
358,レース0358,2025-06-24,中山,1400,DIRT,OP,10,5,H0004275,ウマ4275,牝,2020,佐藤 健,55.0,22,0.169,0.099,0.443,9
358,レース0358,2025-06-24,中山,1400,DIRT,OP,11,6,H0004276,ウマ4276,牝,2022,山本 陽,57.0,8,0.126,0.236,0.871,4
358,レース0358,2025-06-24,中山,1400,DIRT,OP,12,6,H0004277,ウマ4277,牡,2021,小林 蓮,58.0,26,0.288,0.088,0.493,1
359,レース0359,2025-06-25,京都,2400,TURF,未勝利,1,1,H0004278,ウマ4278,牡,2020,小林 蓮,56.0,13,0.296,0.074,0.29,10
359,レース0359,2025-06-25,京都,2400,TURF,未勝利,2,1,H0004279,ウマ4279,牝,2021,山本 陽,58.0,8,0.206,0.094,0.809,6
359,レース0359,2025-06-25,京都,2400,TURF,未勝利,3,2,H0004280,ウマ4280,牝,2022,佐藤 健,54.0,11,0.165,0.223,0.359,9
359,レース0359,2025-06-25,京都,2400,TURF,未勝利,4,2,H0004281,ウマ4281,牝,2021,高橋 大輔,54.0,26,0.153,0.16,0.806,5
359,レース0359,2025-06-25,京都,2400,TURF,未勝利,5,3,H0004282,ウマ4282,牝,2020,田中 一郎,57.0,29,0.247,0.059,0.585,1
359,レース0359,2025-06-25,京都,2400,TURF,未勝利,6,3,H0004283,ウマ4283,セ,2021,鈴木 花子,57.0,26,0.047,0.045,0.53,11
359,レース0359,2025-06-25,京都,2400,TURF,未勝利,7,4,H0004284,ウマ4284,牡,2022,小林 蓮,58.0,12,0.169,0.22,0.604,4
359,レース0359,2025-06-25,京都,2400,TURF,未勝利,8,4,H0004285,ウマ4285,牝,2022,田中 一郎,54.0,15,0.035,0.066,0.764,8
359,レース0359,2025-06-25,京都,2400,TURF,未勝利,9,5,H0004286,ウマ4286,牝,2022,田中 一郎,56.0,6,0.322,0.102,0.711,2
359,レース0359,2025-06-25,京都,2400,TURF,未勝利,10,5,H0004287,ウマ4287,牡,2020,伊藤 翼,55.0,27,0.222,0.149,0.84,3
359,レース0359,2025-06-25,京都,2400,TURF,未勝利,11,6,H0004288,ウマ4288,セ,2022,中村 駿,57.0,28,0.182,0.234,0.679,7
360,レース0360,2025-01-18,中山,1200,TURF,G3,1,1,H0004289,ウマ4289,牡,2021,山本 陽,56.0,15,0.152,0.143,0.546,11
360,レース0360,2025-01-18,中山,1200,TURF,G3,2,1,H0004290,ウマ4290,牝,2020,田中 一郎,57.0,4,0.055,0.136,0.301,14
360,レース0360,2025-01-18,中山,1200,TURF,G3,3,2,H0004291,ウマ4291,セ,2021,高橋 大輔,56.0,29,0.136,0.097,0.525,12
360,レース0360,2025-01-18,中山,1200,TURF,G3,4,2,H0004292,ウマ4292,牡,2022,渡辺 美咲,58.0,21,0.25,0.092,0.56,2
360,レース0360,2025-01-18,中山,1200,TURF,G3,5,3,H0004293,ウマ4293,セ,2021,小林 蓮,58.0,13,0.106,0.175,0.692,4
360,レース0360,2025-01-18,中山,1200,TURF,G3,6,3,H0004294,ウマ4294,牝,2022,山本 陽,55.0,19,0.145,0.088,0.315,9
360,レース0360,2025-01-18,中山,1200,TURF,G3,7,4,H0004295,ウマ4295,セ,2022,加藤 楓,58.0,30,0.211,0.162,0.437,7
360,レース0360,2025-01-18,中山,1200,TURF,G3,8,4,H0004296,ウマ4296,牝,2022,鈴木 花子,57.0,4,0.269,0.154,0.394,13
360,レース0360,2025-01-18,中山,1200,TURF,G3,9,5,H0004297,ウマ4297,牝,2020,山本 陽,54.0,4,0.137,0.156,0.512,10
360,レース0360,2025-01-18,中山,1200,TURF,G3,10,5,H0004298,ウマ4298,牡,2022,渡辺 美咲,57.0,27,0.313,0.175,0.525,1
360,レース0360,2025-01-18,中山,1200,TURF,G3,11,6,H0004299,ウマ4299,牝,2020,渡辺 美咲,54.0,12,0.092,0.114,0.431,8
360,レース0360,2025-01-18,中山,1200,TURF,G3,12,6,H0004300,ウマ4300,牝,2021,鈴木 花子,57.0,28,0.114,0.081,0.199,16
360,レース0360,2025-01-18,中山,1200,TURF,G3,13,7,H0004301,ウマ4301,牝,2021,伊藤 翼,55.0,6,0.195,0.145,0.455,5
360,レース0360,2025-01-18,中山,1200,TURF,G3,14,7,H0004302,ウマ4302,牝,2022,伊藤 翼,55.0,4,0.18,0.03,0.489,6
360,レース0360,2025-01-18,中山,1200,TURF,G3,15,8,H0004303,ウマ4303,牝,2020,伊藤 翼,57.0,23,0.0,0.128,0.447,15
360,レース0360,2025-01-18,中山,1200,TURF,G3,16,8,H0004304,ウマ4304,牝,2022,中村 駿,58.0,24,0.139,0.133,0.86,3
361,レース0361,2025-05-18,京都,1400,DIRT,未勝利,1,1,H0004305,ウマ4305,牡,2020,渡辺 美咲,55.0,29,0.242,0.047,0.307,11
361,レース0361,2025-05-18,京都,1400,DIRT,未勝利,2,1,H0004306,ウマ4306,セ,2022,田中 一郎,57.0,5,0.342,0.127,0.212,9
361,レース0361,2025-05-18,京都,1400,DIRT,未勝利,3,2,H0004307,ウマ4307,セ,2020,山本 陽,57.0,11,0.092,0.054,0.6,10
361,レース0361,2025-05-18,京都,1400,DIRT,未勝利,4,2,H0004308,ウマ4308,牡,2020,山本 陽,57.0,15,0.006,0.052,0.433,12
361,レース0361,2025-05-18,京都,1400,DIRT,未勝利,5,3,H0004309,ウマ4309,牡,2020,加藤 楓,58.0,13,0.044,0.132,0.187,13
361,レース0361,2025-05-18,京都,1400,DIRT,未勝利,6,3,H0004310,ウマ4310,牡,2021,山本 陽,54.0,25,0.073,0.124,0.742,5
361,レース0361,2025-05-18,京都,1400,DIRT,未勝利,7,4,H0004311,ウマ4311,牝,2020,加藤 楓,56.0,13,0.221,0.143,0.694,3
361,レース0361,2025-05-18,京都,1400,DIRT,未勝利,8,4,H0004312,ウマ4312,牝,2022,高橋 大輔,58.0,13,0.271,0.273,0.789,1
361,レース0361,2025-05-18,京都,1400,DIRT,未勝利,9,5,H0004313,ウマ4313,牡,2021,田中 一郎,57.0,19,0.219,0.165,0.636,2
361,レース0361,2025-05-18,京都,1400,DIRT,未勝利,10,5,H0004314,ウマ4314,牝,2020,鈴木 花子,55.0,19,0.2,0.124,0.58,7
361,レース0361,2025-05-18,京都,1400,DIRT,未勝利,11,6,H0004315,ウマ4315,牝,2022,高橋 大輔,55.0,24,0.091,0.094,0.588,8
361,レース0361,2025-05-18,京都,1400,DIRT,未勝利,12,6,H0004316,ウマ4316,セ,2020,小林 蓮,56.0,5,0.227,0.142,0.76,4
361,レース0361,2025-05-18,京都,1400,DIRT,未勝利,13,7,H0004317,ウマ4317,牝,2021,伊藤 翼,55.0,5,0.235,0.045,0.679,6
362,レース0362,2025-01-22,京都,1800,TURF,1勝,1,1,H0004318,ウマ4318,牡,2020,小林 蓮,58.0,20,0.2,0.134,0.579,4
362,レース0362,2025-01-22,京都,1800,TURF,1勝,2,1,H0004319,ウマ4319,牝,2021,中村 駿,58.0,18,0.039,0.11,0.523,15
362,レース0362,2025-01-22,京都,1800,TURF,1勝,3,2,H0004320,ウマ4320,牝,2021,小林 蓮,57.0,15,0.149,0.211,0.433,10
362,レース0362,2025-01-22,京都,1800,TURF,1勝,4,2,H0004321,ウマ4321,セ,2020,山本 陽,55.0,13,0.149,0.173,0.368,12
362,レース0362,2025-01-22,京都,1800,TURF,1勝,5,3,H0004322,ウマ4322,セ,2022,鈴木 花子,55.0,6,0.344,0.157,0.289,8
362,レース0362,2025-01-22,京都,1800,TURF,1勝,6,3,H0004323,ウマ4323,牡,2022,山本 陽,56.0,26,0.22,0.114,0.383,11
362,レース0362,2025-01-22,京都,1800,TURF,1勝,7,4,H0004324,ウマ4324,牡,2020,渡辺 美咲,55.0,24,0.097,0.13,0.432,14
362,レース0362,2025-01-22,京都,1800,TURF,1勝,8,4,H0004325,ウマ4325,牡,2021,田中 一郎,56.0,7,0.179,0.111,0.765,5
362,レース0362,2025-01-22,京都,1800,TURF,1勝,9,5,H0004326,ウマ4326,牝,2020,中村 駿,55.0,17,0.162,0.123,0.574,7
362,レース0362,2025-01-22,京都,1800,TURF,1勝,10,5,H0004327,ウマ4327,セ,2021,中村 駿,56.0,8,0.172,0.153,0.488,9
362,レース0362,2025-01-22,京都,1800,TURF,1勝,11,6,H0004328,ウマ4328,セ,2020,伊藤 翼,57.0,24,0.146,0.222,0.814,1
362,レース0362,2025-01-22,京都,1800,TURF,1勝,12,6,H0004329,ウマ4329,セ,2021,田中 一郎,55.0,16,0.271,0.188,0.671,6
362,レース0362,2025-01-22,京都,1800,TURF,1勝,13,7,H0004330,ウマ4330,セ,2020,佐藤 健,55.0,10,0.078,0.045,0.413,16
362,レース0362,2025-01-22,京都,1800,TURF,1勝,14,7,H0004331,ウマ4331,牡,2020,渡辺 美咲,57.0,20,0.171,0.044,0.389,13
362,レース0362,2025-01-22,京都,1800,TURF,1勝,15,8,H0004332,ウマ4332,牡,2022,山本 陽,58.0,12,0.276,0.147,0.678,2
362,レース0362,2025-01-22,京都,1800,TURF,1勝,16,8,H0004333,ウマ4333,牡,2022,山本 陽,56.0,11,0.221,0.089,0.786,3
363,レース0363,2025-05-25,阪神,1600,DIRT,1勝,1,1,H0004334,ウマ4334,牝,2020,渡辺 美咲,58.0,8,0.247,0.114,0.67,7
363,レース0363,2025-05-25,阪神,1600,DIRT,1勝,2,1,H0004335,ウマ4335,セ,2021,渡辺 美咲,58.0,11,0.163,0.158,0.801,5
363,レース0363,2025-05-25,阪神,1600,DIRT,1勝,3,2,H0004336,ウマ4336,牝,2021,山本 陽,54.0,24,0.056,0.123,0.551,11
363,レース0363,2025-05-25,阪神,1600,DIRT,1勝,4,2,H0004337,ウマ4337,セ,2022,高橋 大輔,57.0,16,0.164,0.142,0.669,4
363,レース0363,2025-05-25,阪神,1600,DIRT,1勝,5,3,H0004338,ウマ4338,セ,2020,加藤 楓,56.0,25,0.133,0.046,0.569,6
363,レース0363,2025-05-25,阪神,1600,DIRT,1勝,6,3,H0004339,ウマ4339,牡,2022,小林 蓮,57.0,10,0.338,0.146,0.524,2
363,レース0363,2025-05-25,阪神,1600,DIRT,1勝,7,4,H0004340,ウマ4340,牡,2021,鈴木 花子,54.0,10,0.213,0.118,0.898,1
363,レース0363,2025-05-25,阪神,1600,DIRT,1勝,8,4,H0004341,ウマ4341,牝,2021,小林 蓮,54.0,13,0.173,0.123,0.301,12
363,レース0363,2025-05-25,阪神,1600,DIRT,1勝,9,5,H0004342,ウマ4342,セ,2022,高橋 大輔,56.0,30,0.19,0.162,0.376,8
363,レース0363,2025-05-25,阪神,1600,DIRT,1勝,10,5,H0004343,ウマ4343,牡,2021,田中 一郎,58.0,16,0.261,0.176,0.328,10
363,レース0363,2025-05-25,阪神,1600,DIRT,1勝,11,6,H0004344,ウマ4344,牝,2022,小林 蓮,58.0,6,0.261,0.172,0.451,9
363,レース0363,2025-05-25,阪神,1600,DIRT,1勝,12,6,H0004345,ウマ4345,セ,2021,田中 一郎,57.0,21,0.15,0.085,0.389,13
363,レース0363,2025-05-25,阪神,1600,DIRT,1勝,13,7,H0004346,ウマ4346,牝,2022,田中 一郎,55.0,13,0.227,0.138,0.969,3
364,レース0364,2025-02-28,京都,2400,TURF,1勝,1,1,H0004347,ウマ4347,牝,2021,鈴木 花子,55.0,19,0.233,0.111,0.391,10
364,レース0364,2025-02-28,京都,2400,TURF,1勝,2,1,H0004348,ウマ4348,牡,2020,佐藤 健,57.0,23,0.132,0.16,0.695,8
364,レース0364,2025-02-28,京都,2400,TURF,1勝,3,2,H0004349,ウマ4349,セ,2021,山本 陽,56.0,18,0.13,0.03,0.269,13
364,レース0364,2025-02-28,京都,2400,TURF,1勝,4,2,H0004350,ウマ4350,セ,2022,山本 陽,58.0,16,0.225,0.072,0.478,6
364,レース0364,2025-02-28,京都,2400,TURF,1勝,5,3,H0004351,ウマ4351,セ,2020,伊藤 翼,56.0,25,0.178,0.109,0.436,11
364,レース0364,2025-02-28,京都,2400,TURF,1勝,6,3,H0004352,ウマ4352,牝,2022,鈴木 花子,55.0,16,0.209,0.148,0.775,4
364,レース0364,2025-02-28,京都,2400,TURF,1勝,7,4,H0004353,ウマ4353,セ,2020,鈴木 花子,56.0,18,0.18,0.167,0.64,5
364,レース0364,2025-02-28,京都,2400,TURF,1勝,8,4,H0004354,ウマ4354,セ,2021,高橋 大輔,58.0,17,0.163,0.03,0.857,7
364,レース0364,2025-02-28,京都,2400,TURF,1勝,9,5,H0004355,ウマ4355,牝,2020,中村 駿,56.0,28,0.311,0.128,0.639,3
364,レース0364,2025-02-28,京都,2400,TURF,1勝,10,5,H0004356,ウマ4356,牝,2021,高橋 大輔,57.0,23,0.107,0.149,0.645,9
364,レース0364,2025-02-28,京都,2400,TURF,1勝,11,6,H0004357,ウマ4357,セ,2022,伊藤 翼,56.0,28,0.171,0.072,0.374,12
364,レース0364,2025-02-28,京都,2400,TURF,1勝,12,6,H0004358,ウマ4358,セ,2020,高橋 大輔,54.0,30,0.269,0.212,0.678,1
364,レース0364,2025-02-28,京都,2400,TURF,1勝,13,7,H0004359,ウマ4359,牡,2022,小林 蓮,56.0,12,0.176,0.074,0.849,2
365,レース0365,2025-06-27,中山,1400,DIRT,OP,1,1,H0004360,ウマ4360,牡,2020,高橋 大輔,58.0,29,0.197,0.109,0.596,4
365,レース0365,2025-06-27,中山,1400,DIRT,OP,2,1,H0004361,ウマ4361,セ,2021,佐藤 健,58.0,24,0.187,0.129,0.746,2
365,レース0365,2025-06-27,中山,1400,DIRT,OP,3,2,H0004362,ウマ4362,牡,2022,佐藤 健,54.0,19,0.032,0.171,0.617,13
365,レース0365,2025-06-27,中山,1400,DIRT,OP,4,2,H0004363,ウマ4363,牝,2021,中村 駿,55.0,10,0.188,0.074,0.562,9
365,レース0365,2025-06-27,中山,1400,DIRT,OP,5,3,H0004364,ウマ4364,牡,2022,鈴木 花子,58.0,23,0.159,0.068,0.73,12
365,レース0365,2025-06-27,中山,1400,DIRT,OP,6,3,H0004365,ウマ4365,牡,2020,小林 蓮,56.0,22,0.182,0.182,0.689,1
365,レース0365,2025-06-27,中山,1400,DIRT,OP,7,4,H0004366,ウマ4366,牡,2020,小林 蓮,58.0,14,0.083,0.159,0.584,14
365,レース0365,2025-06-27,中山,1400,DIRT,OP,8,4,H0004367,ウマ4367,牝,2022,渡辺 美咲,55.0,7,0.205,0.199,0.645,3
365,レース0365,2025-06-27,中山,1400,DIRT,OP,9,5,H0004368,ウマ4368,牡,2022,渡辺 美咲,56.0,4,0.32,0.161,0.388,5
365,レース0365,2025-06-27,中山,1400,DIRT,OP,10,5,H0004369,ウマ4369,セ,2020,小林 蓮,57.0,28,0.245,0.043,0.543,11
365,レース0365,2025-06-27,中山,1400,DIRT,OP,11,6,H0004370,ウマ4370,牝,2022,伊藤 翼,57.0,28,0.15,0.201,0.664,7
365,レース0365,2025-06-27,中山,1400,DIRT,OP,12,6,H0004371,ウマ4371,牡,2022,加藤 楓,58.0,8,0.146,0.125,0.351,8
365,レース0365,2025-06-27,中山,1400,DIRT,OP,13,7,H0004372,ウマ4372,牝,2022,小林 蓮,54.0,17,0.307,0.222,0.338,6
365,レース0365,2025-06-27,中山,1400,DIRT,OP,14,7,H0004373,ウマ4373,牝,2021,中村 駿,54.0,29,0.109,0.131,0.704,10
366,レース0366,2025-02-27,中山,1400,TURF,1勝,1,1,H0004374,ウマ4374,セ,2022,田中 一郎,56.0,30,0.228,0.089,0.484,6
366,レース0366,2025-02-27,中山,1400,TURF,1勝,2,1,H0004375,ウマ4375,セ,2021,渡辺 美咲,56.0,17,0.292,0.113,0.42,9
366,レース0366,2025-02-27,中山,1400,TURF,1勝,3,2,H0004376,ウマ4376,牡,2022,高橋 大輔,57.0,20,0.153,0.04,0.591,5
366,レース0366,2025-02-27,中山,1400,TURF,1勝,4,2,H0004377,ウマ4377,セ,2020,渡辺 美咲,54.0,22,0.086,0.118,0.527,10
366,レース0366,2025-02-27,中山,1400,TURF,1勝,5,3,H0004378,ウマ4378,牡,2020,山本 陽,57.0,25,0.168,0.101,0.699,4
366,レース0366,2025-02-27,中山,1400,TURF,1勝,6,3,H0004379,ウマ4379,牝,2020,鈴木 花子,58.0,21,0.094,0.063,0.59,11
366,レース0366,2025-02-27,中山,1400,TURF,1勝,7,4,H0004380,ウマ4380,牝,2020,加藤 楓,57.0,27,0.0,0.134,0.475,13
366,レース0366,2025-02-27,中山,1400,TURF,1勝,8,4,H0004381,ウマ4381,牝,2020,田中 一郎,58.0,24,0.15,0.162,0.766,7
366,レース0366,2025-02-27,中山,1400,TURF,1勝,9,5,H0004382,ウマ4382,セ,2020,加藤 楓,55.0,20,0.204,0.199,0.849,1
366,レース0366,2025-02-27,中山,1400,TURF,1勝,10,5,H0004383,ウマ4383,牝,2021,高橋 大輔,58.0,17,0.207,0.141,0.947,2
366,レース0366,2025-02-27,中山,1400,TURF,1勝,11,6,H0004384,ウマ4384,牝,2022,高橋 大輔,57.0,15,0.194,0.135,0.579,8
366,レース0366,2025-02-27,中山,1400,TURF,1勝,12,6,H0004385,ウマ4385,セ,2021,小林 蓮,54.0,28,0.113,0.174,0.47,12
366,レース0366,2025-02-27,中山,1400,TURF,1勝,13,7,H0004386,ウマ4386,牝,2021,田中 一郎,55.0,13,0.19,0.107,0.899,3
367,レース0367,2025-02-13,阪神,1400,DIRT,OP,1,1,H0004387,ウマ4387,牝,2022,加藤 楓,56.0,18,0.179,0.197,0.3,12
367,レース0367,2025-02-13,阪神,1400,DIRT,OP,2,1,H0004388,ウマ4388,セ,2022,中村 駿,54.0,20,0.1,0.129,0.416,9
367,レース0367,2025-02-13,阪神,1400,DIRT,OP,3,2,H0004389,ウマ4389,牡,2021,中村 駿,55.0,7,0.304,0.199,0.304,2
367,レース0367,2025-02-13,阪神,1400,DIRT,OP,4,2,H0004390,ウマ4390,セ,2020,山本 陽,58.0,13,0.402,0.072,1.0,1
367,レース0367,2025-02-13,阪神,1400,DIRT,OP,5,3,H0004391,ウマ4391,牝,2022,小林 蓮,57.0,27,0.103,0.126,0.733,8
367,レース0367,2025-02-13,阪神,1400,DIRT,OP,6,3,H0004392,ウマ4392,セ,2020,田中 一郎,54.0,17,0.053,0.128,0.498,6
367,レース0367,2025-02-13,阪神,1400,DIRT,OP,7,4,H0004393,ウマ4393,セ,2021,伊藤 翼,55.0,10,0.207,0.188,0.473,5
367,レース0367,2025-02-13,阪神,1400,DIRT,OP,8,4,H0004394,ウマ4394,セ,2020,加藤 楓,55.0,22,0.261,0.177,0.3,4
367,レース0367,2025-02-13,阪神,1400,DIRT,OP,9,5,H0004395,ウマ4395,牡,2022,高橋 大輔,58.0,7,0.17,0.164,0.409,11
367,レース0367,2025-02-13,阪神,1400,DIRT,OP,10,5,H0004396,ウマ4396,セ,2022,伊藤 翼,56.0,23,0.145,0.228,0.838,3
367,レース0367,2025-02-13,阪神,1400,DIRT,OP,11,6,H0004397,ウマ4397,牡,2021,山本 陽,58.0,12,0.195,0.1,0.492,7
367,レース0367,2025-02-13,阪神,1400,DIRT,OP,12,6,H0004398,ウマ4398,セ,2021,鈴木 花子,56.0,29,0.149,0.135,0.526,10
368,レース0368,2025-12-22,京都,2000,DIRT,G1,1,1,H0004399,ウマ4399,牝,2021,中村 駿,57.0,4,0.201,0.215,0.554,5
368,レース0368,2025-12-22,京都,2000,DIRT,G1,2,1,H0004400,ウマ4400,セ,2022,渡辺 美咲,55.0,29,0.292,0.179,0.543,1
368,レース0368,2025-12-22,京都,2000,DIRT,G1,3,2,H0004401,ウマ4401,牝,2022,高橋 大輔,55.0,20,0.235,0.144,0.697,3
368,レース0368,2025-12-22,京都,2000,DIRT,G1,4,2,H0004402,ウマ4402,牡,2022,高橋 大輔,55.0,16,0.156,0.09,0.586,9
368,レース0368,2025-12-22,京都,2000,DIRT,G1,5,3,H0004403,ウマ4403,牝,2022,田中 一郎,58.0,8,0.19,0.206,0.439,6
368,レース0368,2025-12-22,京都,2000,DIRT,G1,6,3,H0004404,ウマ4404,牡,2021,鈴木 花子,58.0,14,0.155,0.093,0.667,8
368,レース0368,2025-12-22,京都,2000,DIRT,G1,7,4,H0004405,ウマ4405,牡,2020,小林 蓮,55.0,19,0.285,0.104,0.465,4
368,レース0368,2025-12-22,京都,2000,DIRT,G1,8,4,H0004406,ウマ4406,牝,2021,鈴木 花子,57.0,21,0.166,0.091,0.634,7
368,レース0368,2025-12-22,京都,2000,DIRT,G1,9,5,H0004407,ウマ4407,牡,2020,田中 一郎,58.0,7,0.272,0.189,0.737,2
368,レース0368,2025-12-22,京都,2000,DIRT,G1,10,5,H0004408,ウマ4408,牝,2021,田中 一郎,57.0,14,0.085,0.03,0.452,10
369,レース0369,2025-04-14,中京,1400,TURF,G1,1,1,H0004409,ウマ4409,セ,2021,佐藤 健,55.0,15,0.276,0.134,0.464,7
369,レース0369,2025-04-14,中京,1400,TURF,G1,2,1,H0004410,ウマ4410,牝,2021,山本 陽,57.0,29,0.172,0.093,0.818,6
369,レース0369,2025-04-14,中京,1400,TURF,G1,3,2,H0004411,ウマ4411,牝,2021,佐藤 健,56.0,14,0.0,0.192,0.524,14
369,レース0369,2025-04-14,中京,1400,TURF,G1,4,2,H0004412,ウマ4412,セ,2022,佐藤 健,56.0,30,0.142,0.09,0.603,8
369,レース0369,2025-04-14,中京,1400,TURF,G1,5,3,H0004413,ウマ4413,セ,2020,加藤 楓,58.0,14,0.116,0.202,0.303,4
369,レース0369,2025-04-14,中京,1400,TURF,G1,6,3,H0004414,ウマ4414,牝,2022,中村 駿,54.0,18,0.0,0.21,0.453,11
369,レース0369,2025-04-14,中京,1400,TURF,G1,7,4,H0004415,ウマ4415,牝,2022,中村 駿,56.0,18,0.304,0.075,0.391,9
369,レース0369,2025-04-14,中京,1400,TURF,G1,8,4,H0004416,ウマ4416,セ,2020,山本 陽,54.0,20,0.158,0.202,0.539,3
369,レース0369,2025-04-14,中京,1400,TURF,G1,9,5,H0004417,ウマ4417,牝,2022,田中 一郎,55.0,8,0.223,0.208,0.906,1
369,レース0369,2025-04-14,中京,1400,TURF,G1,10,5,H0004418,ウマ4418,セ,2021,渡辺 美咲,57.0,15,0.172,0.133,0.392,15
369,レース0369,2025-04-14,中京,1400,TURF,G1,11,6,H0004419,ウマ4419,セ,2021,佐藤 健,55.0,11,0.2,0.166,0.61,5
369,レース0369,2025-04-14,中京,1400,TURF,G1,12,6,H0004420,ウマ4420,牝,2022,小林 蓮,56.0,30,0.288,0.137,0.354,12
369,レース0369,2025-04-14,中京,1400,TURF,G1,13,7,H0004421,ウマ4421,セ,2020,佐藤 健,58.0,11,0.0,0.107,0.629,16
369,レース0369,2025-04-14,中京,1400,TURF,G1,14,7,H0004422,ウマ4422,牝,2020,加藤 楓,55.0,26,0.224,0.212,0.541,2
369,レース0369,2025-04-14,中京,1400,TURF,G1,15,8,H0004423,ウマ4423,牝,2022,伊藤 翼,57.0,18,0.107,0.054,0.491,13
369,レース0369,2025-04-14,中京,1400,TURF,G1,16,8,H0004424,ウマ4424,牡,2020,加藤 楓,55.0,14,0.046,0.051,0.711,10
370,レース0370,2025-07-17,阪神,2400,DIRT,G3,1,1,H0004425,ウマ4425,セ,2022,伊藤 翼,58.0,5,0.407,0.217,0.584,1
370,レース0370,2025-07-17,阪神,2400,DIRT,G3,2,1,H0004426,ウマ4426,セ,2020,佐藤 健,55.0,19,0.223,0.141,0.268,8
370,レース0370,2025-07-17,阪神,2400,DIRT,G3,3,2,H0004427,ウマ4427,牡,2022,山本 陽,57.0,11,0.18,0.128,1.0,4
370,レース0370,2025-07-17,阪神,2400,DIRT,G3,4,2,H0004428,ウマ4428,牝,2021,伊藤 翼,58.0,5,0.056,0.145,0.491,12
370,レース0370,2025-07-17,阪神,2400,DIRT,G3,5,3,H0004429,ウマ4429,牡,2020,高橋 大輔,55.0,14,0.249,0.073,0.39,11
370,レース0370,2025-07-17,阪神,2400,DIRT,G3,6,3,H0004430,ウマ4430,牝,2021,高橋 大輔,55.0,13,0.355,0.12,0.575,2
370,レース0370,2025-07-17,阪神,2400,DIRT,G3,7,4,H0004431,ウマ4431,セ,2021,渡辺 美咲,58.0,17,0.09,0.042,1.0,5
370,レース0370,2025-07-17,阪神,2400,DIRT,G3,8,4,H0004432,ウマ4432,牝,2022,佐藤 健,58.0,5,0.195,0.206,0.749,6
370,レース0370,2025-07-17,阪神,2400,DIRT,G3,9,5,H0004433,ウマ4433,セ,2021,加藤 楓,57.0,13,0.233,0.212,0.567,10
370,レース0370,2025-07-17,阪神,2400,DIRT,G3,10,5,H0004434,ウマ4434,牝,2020,加藤 楓,55.0,29,0.15,0.034,0.85,9
370,レース0370,2025-07-17,阪神,2400,DIRT,G3,11,6,H0004435,ウマ4435,牡,2022,山本 陽,56.0,28,0.258,0.086,0.607,7
370,レース0370,2025-07-17,阪神,2400,DIRT,G3,12,6,H0004436,ウマ4436,セ,2020,中村 駿,57.0,9,0.294,0.106,0.429,3
371,レース0371,2025-09-10,阪神,1400,TURF,G1,1,1,H0004437,ウマ4437,牡,2020,高橋 大輔,55.0,25,0.148,0.145,0.649,5
371,レース0371,2025-09-10,阪神,1400,TURF,G1,2,1,H0004438,ウマ4438,牝,2022,小林 蓮,54.0,12,0.255,0.163,0.451,4
371,レース0371,2025-09-10,阪神,1400,TURF,G1,3,2,H0004439,ウマ4439,セ,2020,田中 一郎,56.0,10,0.065,0.1,0.0,9
371,レース0371,2025-09-10,阪神,1400,TURF,G1,4,2,H0004440,ウマ4440,牡,2021,中村 駿,54.0,8,0.314,0.147,0.528,1
371,レース0371,2025-09-10,阪神,1400,TURF,G1,5,3,H0004441,ウマ4441,牝,2020,加藤 楓,56.0,23,0.418,0.117,0.381,2
371,レース0371,2025-09-10,阪神,1400,TURF,G1,6,3,H0004442,ウマ4442,セ,2021,鈴木 花子,57.0,27,0.167,0.096,0.767,6
371,レース0371,2025-09-10,阪神,1400,TURF,G1,7,4,H0004443,ウマ4443,セ,2021,田中 一郎,54.0,26,0.247,0.07,0.33,8
371,レース0371,2025-09-10,阪神,1400,TURF,G1,8,4,H0004444,ウマ4444,牝,2021,山本 陽,57.0,3,0.172,0.121,0.497,3
371,レース0371,2025-09-10,阪神,1400,TURF,G1,9,5,H0004445,ウマ4445,セ,2020,中村 駿,58.0,29,0.117,0.089,0.426,7
372,レース0372,2025-07-13,京都,1200,DIRT,G1,1,1,H0004446,ウマ4446,牝,2020,佐藤 健,56.0,5,0.127,0.086,0.389,9
372,レース0372,2025-07-13,京都,1200,DIRT,G1,2,1,H0004447,ウマ4447,セ,2022,高橋 大輔,55.0,14,0.152,0.137,0.67,4
372,レース0372,2025-07-13,京都,1200,DIRT,G1,3,2,H0004448,ウマ4448,牡,2022,田中 一郎,54.0,24,0.303,0.126,0.687,2
372,レース0372,2025-07-13,京都,1200,DIRT,G1,4,2,H0004449,ウマ4449,牡,2021,田中 一郎,55.0,29,0.126,0.137,0.511,8
372,レース0372,2025-07-13,京都,1200,DIRT,G1,5,3,H0004450,ウマ4450,牡,2020,高橋 大輔,56.0,27,0.178,0.082,0.638,7
372,レース0372,2025-07-13,京都,1200,DIRT,G1,6,3,H0004451,ウマ4451,セ,2020,佐藤 健,56.0,21,0.29,0.189,0.543,5
372,レース0372,2025-07-13,京都,1200,DIRT,G1,7,4,H0004452,ウマ4452,セ,2020,佐藤 健,55.0,3,0.298,0.218,0.374,6
372,レース0372,2025-07-13,京都,1200,DIRT,G1,8,4,H0004453,ウマ4453,セ,2020,田中 一郎,54.0,19,0.204,0.102,0.923,3
372,レース0372,2025-07-13,京都,1200,DIRT,G1,9,5,H0004454,ウマ4454,牝,2021,加藤 楓,56.0,3,0.13,0.03,0.191,10
372,レース0372,2025-07-13,京都,1200,DIRT,G1,10,5,H0004455,ウマ4455,牝,2020,小林 蓮,56.0,26,0.3,0.193,0.384,1
373,レース0373,2025-04-20,中山,2400,DIRT,G2,1,1,H0004456,ウマ4456,セ,2020,小林 蓮,55.0,11,0.228,0.125,0.608,3
373,レース0373,2025-04-20,中山,2400,DIRT,G2,2,1,H0004457,ウマ4457,牝,2021,田中 一郎,55.0,27,0.047,0.076,0.582,10
373,レース0373,2025-04-20,中山,2400,DIRT,G2,3,2,H0004458,ウマ4458,牝,2021,伊藤 翼,55.0,9,0.115,0.234,0.321,9
373,レース0373,2025-04-20,中山,2400,DIRT,G2,4,2,H0004459,ウマ4459,牡,2020,高橋 大輔,56.0,3,0.081,0.092,0.715,4
373,レース0373,2025-04-20,中山,2400,DIRT,G2,5,3,H0004460,ウマ4460,牝,2022,高橋 大輔,54.0,29,0.3,0.059,0.513,5
373,レース0373,2025-04-20,中山,2400,DIRT,G2,6,3,H0004461,ウマ4461,牝,2022,加藤 楓,56.0,30,0.27,0.182,0.222,1
373,レース0373,2025-04-20,中山,2400,DIRT,G2,7,4,H0004462,ウマ4462,牝,2020,加藤 楓,58.0,7,0.164,0.106,0.552,11
373,レース0373,2025-04-20,中山,2400,DIRT,G2,8,4,H0004463,ウマ4463,牝,2021,小林 蓮,54.0,21,0.266,0.1,0.58,2
373,レース0373,2025-04-20,中山,2400,DIRT,G2,9,5,H0004464,ウマ4464,牝,2021,田中 一郎,54.0,3,0.208,0.106,0.333,8
373,レース0373,2025-04-20,中山,2400,DIRT,G2,10,5,H0004465,ウマ4465,セ,2021,渡辺 美咲,58.0,24,0.201,0.167,0.336,7
373,レース0373,2025-04-20,中山,2400,DIRT,G2,11,6,H0004466,ウマ4466,牝,2022,中村 駿,57.0,15,0.264,0.207,0.428,6
374,レース0374,2025-07-13,東京,1400,DIRT,OP,1,1,H0004467,ウマ4467,牡,2022,鈴木 花子,56.0,20,0.16,0.045,0.74,7
374,レース0374,2025-07-13,東京,1400,DIRT,OP,2,1,H0004468,ウマ4468,セ,2020,渡辺 美咲,58.0,29,0.051,0.184,0.552,13
374,レース0374,2025-07-13,東京,1400,DIRT,OP,3,2,H0004469,ウマ4469,牡,2022,高橋 大輔,56.0,27,0.28,0.061,0.446,12
374,レース0374,2025-07-13,東京,1400,DIRT,OP,4,2,H0004470,ウマ4470,セ,2021,小林 蓮,55.0,17,0.072,0.096,0.687,9
374,レース0374,2025-07-13,東京,1400,DIRT,OP,5,3,H0004471,ウマ4471,牡,2022,鈴木 花子,58.0,16,0.084,0.185,0.341,5
374,レース0374,2025-07-13,東京,1400,DIRT,OP,6,3,H0004472,ウマ4472,牡,2021,加藤 楓,54.0,5,0.229,0.149,0.741,1
374,レース0374,2025-07-13,東京,1400,DIRT,OP,7,4,H0004473,ウマ4473,セ,2020,山本 陽,58.0,10,0.181,0.167,0.443,4
374,レース0374,2025-07-13,東京,1400,DIRT,OP,8,4,H0004474,ウマ4474,牝,2020,中村 駿,56.0,4,0.227,0.255,0.582,3
374,レース0374,2025-07-13,東京,1400,DIRT,OP,9,5,H0004475,ウマ4475,牡,2021,田中 一郎,58.0,5,0.069,0.121,0.486,10
374,レース0374,2025-07-13,東京,1400,DIRT,OP,10,5,H0004476,ウマ4476,セ,2021,小林 蓮,58.0,13,0.227,0.19,0.676,2
374,レース0374,2025-07-13,東京,1400,DIRT,OP,11,6,H0004477,ウマ4477,セ,2022,田中 一郎,57.0,21,0.165,0.187,0.426,14
374,レース0374,2025-07-13,東京,1400,DIRT,OP,12,6,H0004478,ウマ4478,牝,2021,渡辺 美咲,54.0,21,0.064,0.185,0.529,8
374,レース0374,2025-07-13,東京,1400,DIRT,OP,13,7,H0004479,ウマ4479,セ,2021,田中 一郎,54.0,13,0.082,0.137,0.488,11
374,レース0374,2025-07-13,東京,1400,DIRT,OP,14,7,H0004480,ウマ4480,セ,2022,鈴木 花子,57.0,4,0.155,0.03,0.623,6
375,レース0375,2025-06-14,東京,1200,DIRT,未勝利,1,1,H0004481,ウマ4481,セ,2022,加藤 楓,55.0,17,0.129,0.101,0.595,8
375,レース0375,2025-06-14,東京,1200,DIRT,未勝利,2,1,H0004482,ウマ4482,セ,2022,鈴木 花子,57.0,15,0.279,0.083,0.275,5
375,レース0375,2025-06-14,東京,1200,DIRT,未勝利,3,2,H0004483,ウマ4483,牝,2022,渡辺 美咲,54.0,17,0.137,0.18,0.566,14
375,レース0375,2025-06-14,東京,1200,DIRT,未勝利,4,2,H0004484,ウマ4484,牡,2020,中村 駿,57.0,13,0.247,0.242,0.542,3
375,レース0375,2025-06-14,東京,1200,DIRT,未勝利,5,3,H0004485,ウマ4485,セ,2020,佐藤 健,55.0,30,0.23,0.058,0.486,6
375,レース0375,2025-06-14,東京,1200,DIRT,未勝利,6,3,H0004486,ウマ4486,セ,2020,伊藤 翼,58.0,21,0.17,0.066,0.564,13
375,レース0375,2025-06-14,東京,1200,DIRT,未勝利,7,4,H0004487,ウマ4487,セ,2022,渡辺 美咲,58.0,24,0.294,0.112,0.42,12
375,レース0375,2025-06-14,東京,1200,DIRT,未勝利,8,4,H0004488,ウマ4488,セ,2020,田中 一郎,56.0,25,0.115,0.217,0.549,15
375,レース0375,2025-06-14,東京,1200,DIRT,未勝利,9,5,H0004489,ウマ4489,セ,2021,小林 蓮,58.0,3,0.197,0.097,0.648,10
375,レース0375,2025-06-14,東京,1200,DIRT,未勝利,10,5,H0004490,ウマ4490,牝,2022,鈴木 花子,58.0,11,0.144,0.104,0.554,9
375,レース0375,2025-06-14,東京,1200,DIRT,未勝利,11,6,H0004491,ウマ4491,牝,2021,田中 一郎,54.0,7,0.18,0.127,0.823,1
375,レース0375,2025-06-14,東京,1200,DIRT,未勝利,12,6,H0004492,ウマ4492,牝,2021,田中 一郎,54.0,17,0.233,0.137,0.907,2
375,レース0375,2025-06-14,東京,1200,DIRT,未勝利,13,7,H0004493,ウマ4493,セ,2022,渡辺 美咲,55.0,26,0.194,0.062,0.65,11
375,レース0375,2025-06-14,東京,1200,DIRT,未勝利,14,7,H0004494,ウマ4494,牝,2022,小林 蓮,55.0,21,0.258,0.138,0.45,4
375,レース0375,2025-06-14,東京,1200,DIRT,未勝利,15,8,H0004495,ウマ4495,牡,2021,中村 駿,58.0,23,0.234,0.069,0.689,7
375,レース0375,2025-06-14,東京,1200,DIRT,未勝利,16,8,H0004496,ウマ4496,牝,2022,小林 蓮,56.0,29,0.127,0.15,0.408,16
376,レース0376,2025-12-11,中山,1200,DIRT,G1,1,1,H0004497,ウマ4497,牝,2022,小林 蓮,58.0,17,0.226,0.191,0.494,12
376,レース0376,2025-12-11,中山,1200,DIRT,G1,2,1,H0004498,ウマ4498,セ,2020,小林 蓮,57.0,12,0.101,0.162,0.659,15
376,レース0376,2025-12-11,中山,1200,DIRT,G1,3,2,H0004499,ウマ4499,牡,2020,伊藤 翼,55.0,6,0.306,0.096,0.529,7
376,レース0376,2025-12-11,中山,1200,DIRT,G1,4,2,H0004500,ウマ4500,牝,2021,佐藤 健,57.0,18,0.411,0.137,0.629,1
376,レース0376,2025-12-11,中山,1200,DIRT,G1,5,3,H0004501,ウマ4501,セ,2022,小林 蓮,57.0,6,0.181,0.128,0.63,9
376,レース0376,2025-12-11,中山,1200,DIRT,G1,6,3,H0004502,ウマ4502,牝,2020,小林 蓮,56.0,8,0.214,0.098,0.597,13
376,レース0376,2025-12-11,中山,1200,DIRT,G1,7,4,H0004503,ウマ4503,牡,2021,中村 駿,58.0,17,0.068,0.101,0.699,11
376,レース0376,2025-12-11,中山,1200,DIRT,G1,8,4,H0004504,ウマ4504,牝,2020,佐藤 健,55.0,26,0.191,0.037,0.801,4
376,レース0376,2025-12-11,中山,1200,DIRT,G1,9,5,H0004505,ウマ4505,牝,2022,伊藤 翼,55.0,16,0.141,0.161,0.782,6
376,レース0376,2025-12-11,中山,1200,DIRT,G1,10,5,H0004506,ウマ4506,牝,2021,小林 蓮,56.0,19,0.236,0.122,0.755,5
376,レース0376,2025-12-11,中山,1200,DIRT,G1,11,6,H0004507,ウマ4507,牡,2021,渡辺 美咲,54.0,4,0.252,0.191,0.47,8
376,レース0376,2025-12-11,中山,1200,DIRT,G1,12,6,H0004508,ウマ4508,牡,2022,山本 陽,54.0,30,0.092,0.113,0.452,16
376,レース0376,2025-12-11,中山,1200,DIRT,G1,13,7,H0004509,ウマ4509,セ,2021,中村 駿,54.0,17,0.244,0.128,0.619,3
376,レース0376,2025-12-11,中山,1200,DIRT,G1,14,7,H0004510,ウマ4510,牝,2020,佐藤 健,56.0,11,0.141,0.03,0.738,10
376,レース0376,2025-12-11,中山,1200,DIRT,G1,15,8,H0004511,ウマ4511,牝,2020,佐藤 健,58.0,19,0.313,0.241,0.821,2
376,レース0376,2025-12-11,中山,1200,DIRT,G1,16,8,H0004512,ウマ4512,牡,2021,加藤 楓,57.0,5,0.298,0.127,0.152,14
377,レース0377,2025-04-06,中京,1600,TURF,未勝利,1,1,H0004513,ウマ4513,牝,2021,渡辺 美咲,58.0,7,0.246,0.162,0.673,6
377,レース0377,2025-04-06,中京,1600,TURF,未勝利,2,1,H0004514,ウマ4514,セ,2021,渡辺 美咲,54.0,18,0.013,0.093,0.635,10
377,レース0377,2025-04-06,中京,1600,TURF,未勝利,3,2,H0004515,ウマ4515,セ,2021,伊藤 翼,54.0,12,0.412,0.137,0.791,2
377,レース0377,2025-04-06,中京,1600,TURF,未勝利,4,2,H0004516,ウマ4516,セ,2022,加藤 楓,56.0,21,0.361,0.202,0.72,1
377,レース0377,2025-04-06,中京,1600,TURF,未勝利,5,3,H0004517,ウマ4517,牝,2020,渡辺 美咲,58.0,16,0.129,0.142,0.761,7
377,レース0377,2025-04-06,中京,1600,TURF,未勝利,6,3,H0004518,ウマ4518,牝,2020,渡辺 美咲,55.0,5,0.133,0.179,0.578,8
377,レース0377,2025-04-06,中京,1600,TURF,未勝利,7,4,H0004519,ウマ4519,セ,2020,小林 蓮,56.0,19,0.029,0.139,0.292,11
377,レース0377,2025-04-06,中京,1600,TURF,未勝利,8,4,H0004520,ウマ4520,牡,2021,高橋 大輔,54.0,11,0.101,0.13,0.712,4
377,レース0377,2025-04-06,中京,1600,TURF,未勝利,9,5,H0004521,ウマ4521,セ,2021,中村 駿,54.0,25,0.187,0.092,0.699,5
377,レース0377,2025-04-06,中京,1600,TURF,未勝利,10,5,H0004522,ウマ4522,牡,2021,伊藤 翼,56.0,24,0.098,0.148,0.651,9
377,レース0377,2025-04-06,中京,1600,TURF,未勝利,11,6,H0004523,ウマ4523,牡,2020,佐藤 健,57.0,7,0.124,0.161,0.851,3
378,レース0378,2025-01-04,阪神,2400,TURF,G2,1,1,H0004524,ウマ4524,牝,2020,山本 陽,55.0,20,0.119,0.121,0.824,2
378,レース0378,2025-01-04,阪神,2400,TURF,G2,2,1,H0004525,ウマ4525,牝,2022,鈴木 花子,56.0,28,0.154,0.127,0.681,6
378,レース0378,2025-01-04,阪神,2400,TURF,G2,3,2,H0004526,ウマ4526,セ,2020,田中 一郎,54.0,26,0.077,0.163,0.687,4
378,レース0378,2025-01-04,阪神,2400,TURF,G2,4,2,H0004527,ウマ4527,牡,2021,加藤 楓,58.0,4,0.355,0.139,0.45,1
378,レース0378,2025-01-04,阪神,2400,TURF,G2,5,3,H0004528,ウマ4528,セ,2020,渡辺 美咲,55.0,4,0.281,0.092,0.509,5
378,レース0378,2025-01-04,阪神,2400,TURF,G2,6,3,H0004529,ウマ4529,セ,2020,渡辺 美咲,56.0,23,0.04,0.103,0.421,12
378,レース0378,2025-01-04,阪神,2400,TURF,G2,7,4,H0004530,ウマ4530,セ,2022,田中 一郎,57.0,23,0.001,0.037,0.512,11
378,レース0378,2025-01-04,阪神,2400,TURF,G2,8,4,H0004531,ウマ4531,セ,2021,中村 駿,57.0,3,0.197,0.152,0.556,3
378,レース0378,2025-01-04,阪神,2400,TURF,G2,9,5,H0004532,ウマ4532,牝,2021,小林 蓮,54.0,29,0.214,0.228,0.257,10
378,レース0378,2025-01-04,阪神,2400,TURF,G2,10,5,H0004533,ウマ4533,牡,2021,佐藤 健,56.0,4,0.119,0.148,0.448,9
378,レース0378,2025-01-04,阪神,2400,TURF,G2,11,6,H0004534,ウマ4534,セ,2021,山本 陽,58.0,25,0.178,0.042,0.637,7
378,レース0378,2025-01-04,阪神,2400,TURF,G2,12,6,H0004535,ウマ4535,牡,2020,鈴木 花子,58.0,26,0.161,0.063,0.652,8
379,レース0379,2025-08-23,阪神,1800,DIRT,2勝,1,1,H0004536,ウマ4536,牝,2022,鈴木 花子,57.0,9,0.107,0.151,0.497,10
379,レース0379,2025-08-23,阪神,1800,DIRT,2勝,2,1,H0004537,ウマ4537,セ,2022,中村 駿,56.0,12,0.429,0.15,0.3,4
379,レース0379,2025-08-23,阪神,1800,DIRT,2勝,3,2,H0004538,ウマ4538,牝,2020,山本 陽,56.0,13,0.057,0.1,0.404,12
379,レース0379,2025-08-23,阪神,1800,DIRT,2勝,4,2,H0004539,ウマ4539,牡,2021,加藤 楓,54.0,18,0.249,0.227,0.591,1
379,レース0379,2025-08-23,阪神,1800,DIRT,2勝,5,3,H0004540,ウマ4540,牡,2022,山本 陽,55.0,14,0.007,0.113,0.603,11
379,レース0379,2025-08-23,阪神,1800,DIRT,2勝,6,3,H0004541,ウマ4541,セ,2022,田中 一郎,58.0,25,0.263,0.03,0.461,7
379,レース0379,2025-08-23,阪神,1800,DIRT,2勝,7,4,H0004542,ウマ4542,牡,2022,高橋 大輔,58.0,14,0.232,0.104,0.741,3
379,レース0379,2025-08-23,阪神,1800,DIRT,2勝,8,4,H0004543,ウマ4543,牝,2022,加藤 楓,57.0,19,0.158,0.221,0.532,5
379,レース0379,2025-08-23,阪神,1800,DIRT,2勝,9,5,H0004544,ウマ4544,牝,2021,山本 陽,57.0,9,0.229,0.152,0.628,2
379,レース0379,2025-08-23,阪神,1800,DIRT,2勝,10,5,H0004545,ウマ4545,牡,2020,高橋 大輔,57.0,16,0.238,0.196,0.282,8
379,レース0379,2025-08-23,阪神,1800,DIRT,2勝,11,6,H0004546,ウマ4546,牡,2021,鈴木 花子,55.0,20,0.085,0.11,0.532,9
379,レース0379,2025-08-23,阪神,1800,DIRT,2勝,12,6,H0004547,ウマ4547,牝,2022,田中 一郎,56.0,8,0.22,0.209,0.35,6
380,レース0380,2025-08-03,中京,1200,TURF,未勝利,1,1,H0004548,ウマ4548,牝,2020,佐藤 健,55.0,26,0.0,0.125,0.512,10
380,レース0380,2025-08-03,中京,1200,TURF,未勝利,2,1,H0004549,ウマ4549,牝,2020,伊藤 翼,56.0,25,0.065,0.185,0.505,7
380,レース0380,2025-08-03,中京,1200,TURF,未勝利,3,2,H0004550,ウマ4550,牡,2022,鈴木 花子,55.0,29,0.277,0.13,0.62,2
380,レース0380,2025-08-03,中京,1200,TURF,未勝利,4,2,H0004551,ウマ4551,牝,2021,小林 蓮,58.0,26,0.011,0.113,0.545,8
380,レース0380,2025-08-03,中京,1200,TURF,未勝利,5,3,H0004552,ウマ4552,セ,2020,鈴木 花子,55.0,24,0.0,0.127,0.756,4
380,レース0380,2025-08-03,中京,1200,TURF,未勝利,6,3,H0004553,ウマ4553,セ,2020,中村 駿,55.0,3,0.232,0.1,0.346,5
380,レース0380,2025-08-03,中京,1200,TURF,未勝利,7,4,H0004554,ウマ4554,牝,2022,渡辺 美咲,57.0,23,0.146,0.149,0.301,9
380,レース0380,2025-08-03,中京,1200,TURF,未勝利,8,4,H0004555,ウマ4555,セ,2020,山本 陽,55.0,7,0.212,0.229,0.547,3
380,レース0380,2025-08-03,中京,1200,TURF,未勝利,9,5,H0004556,ウマ4556,牡,2021,小林 蓮,57.0,11,0.107,0.147,0.62,6
380,レース0380,2025-08-03,中京,1200,TURF,未勝利,10,5,H0004557,ウマ4557,牝,2020,鈴木 花子,58.0,6,0.093,0.187,1.0,1
381,レース0381,2025-04-23,中京,1800,DIRT,G1,1,1,H0004558,ウマ4558,セ,2022,小林 蓮,58.0,20,0.267,0.086,0.703,2
381,レース0381,2025-04-23,中京,1800,DIRT,G1,2,1,H0004559,ウマ4559,セ,2022,山本 陽,56.0,27,0.27,0.042,0.691,5
381,レース0381,2025-04-23,中京,1800,DIRT,G1,3,2,H0004560,ウマ4560,牝,2021,小林 蓮,58.0,4,0.321,0.085,0.486,4
381,レース0381,2025-04-23,中京,1800,DIRT,G1,4,2,H0004561,ウマ4561,牝,2020,佐藤 健,58.0,23,0.266,0.085,0.873,3
381,レース0381,2025-04-23,中京,1800,DIRT,G1,5,3,H0004562,ウマ4562,牡,2021,小林 蓮,56.0,21,0.13,0.112,0.471,10
381,レース0381,2025-04-23,中京,1800,DIRT,G1,6,3,H0004563,ウマ4563,牡,2022,山本 陽,58.0,19,0.268,0.114,0.808,1
381,レース0381,2025-04-23,中京,1800,DIRT,G1,7,4,H0004564,ウマ4564,牡,2020,山本 陽,57.0,13,0.17,0.138,0.428,6
381,レース0381,2025-04-23,中京,1800,DIRT,G1,8,4,H0004565,ウマ4565,牡,2020,加藤 楓,58.0,13,0.125,0.102,0.226,12
381,レース0381,2025-04-23,中京,1800,DIRT,G1,9,5,H0004566,ウマ4566,牡,2020,山本 陽,56.0,11,0.0,0.13,0.439,7
381,レース0381,2025-04-23,中京,1800,DIRT,G1,10,5,H0004567,ウマ4567,セ,2021,渡辺 美咲,55.0,12,0.078,0.144,0.462,9
381,レース0381,2025-04-23,中京,1800,DIRT,G1,11,6,H0004568,ウマ4568,セ,2021,山本 陽,58.0,5,0.159,0.136,0.32,8
381,レース0381,2025-04-23,中京,1800,DIRT,G1,12,6,H0004569,ウマ4569,セ,2022,鈴木 花子,55.0,3,0.15,0.069,0.328,11
382,レース0382,2025-11-14,東京,1400,DIRT,1勝,1,1,H0004570,ウマ4570,牝,2021,山本 陽,56.0,13,0.059,0.089,0.447,8
382,レース0382,2025-11-14,東京,1400,DIRT,1勝,2,1,H0004571,ウマ4571,牝,2020,田中 一郎,58.0,24,0.321,0.193,0.583,1
382,レース0382,2025-11-14,東京,1400,DIRT,1勝,3,2,H0004572,ウマ4572,牝,2022,小林 蓮,56.0,8,0.029,0.127,0.549,6
382,レース0382,2025-11-14,東京,1400,DIRT,1勝,4,2,H0004573,ウマ4573,セ,2022,山本 陽,56.0,15,0.161,0.203,0.282,4
382,レース0382,2025-11-14,東京,1400,DIRT,1勝,5,3,H0004574,ウマ4574,セ,2020,田中 一郎,55.0,14,0.194,0.061,0.68,2
382,レース0382,2025-11-14,東京,1400,DIRT,1勝,6,3,H0004575,ウマ4575,牡,2021,高橋 大輔,54.0,27,0.215,0.147,0.261,7
382,レース0382,2025-11-14,東京,1400,DIRT,1勝,7,4,H0004576,ウマ4576,セ,2021,小林 蓮,57.0,18,0.213,0.172,0.494,3
382,レース0382,2025-11-14,東京,1400,DIRT,1勝,8,4,H0004577,ウマ4577,牝,2022,小林 蓮,57.0,13,0.116,0.143,0.492,5
383,レース0383,2025-12-21,中山,1200,TURF,3勝,1,1,H0004578,ウマ4578,牝,2020,佐藤 健,56.0,30,0.016,0.073,0.419,8
383,レース0383,2025-12-21,中山,1200,TURF,3勝,2,1,H0004579,ウマ4579,牝,2021,中村 駿,58.0,15,0.0,0.122,0.185,7
383,レース0383,2025-12-21,中山,1200,TURF,3勝,3,2,H0004580,ウマ4580,セ,2021,小林 蓮,58.0,7,0.291,0.236,0.224,3
383,レース0383,2025-12-21,中山,1200,TURF,3勝,4,2,H0004581,ウマ4581,牡,2021,中村 駿,55.0,16,0.232,0.03,0.55,4
383,レース0383,2025-12-21,中山,1200,TURF,3勝,5,3,H0004582,ウマ4582,牝,2020,中村 駿,54.0,30,0.08,0.039,0.549,5
383,レース0383,2025-12-21,中山,1200,TURF,3勝,6,3,H0004583,ウマ4583,セ,2021,小林 蓮,58.0,9,0.255,0.106,0.655,2
383,レース0383,2025-12-21,中山,1200,TURF,3勝,7,4,H0004584,ウマ4584,セ,2020,小林 蓮,58.0,8,0.247,0.127,0.574,1
383,レース0383,2025-12-21,中山,1200,TURF,3勝,8,4,H0004585,ウマ4585,セ,2021,鈴木 花子,57.0,8,0.117,0.125,0.278,6
384,レース0384,2025-11-13,東京,2000,DIRT,OP,1,1,H0004586,ウマ4586,牝,2021,中村 駿,58.0,25,0.087,0.112,0.434,12
384,レース0384,2025-11-13,東京,2000,DIRT,OP,2,1,H0004587,ウマ4587,セ,2021,中村 駿,56.0,15,0.161,0.164,0.584,11
384,レース0384,2025-11-13,東京,2000,DIRT,OP,3,2,H0004588,ウマ4588,牡,2022,鈴木 花子,57.0,28,0.161,0.132,0.582,10
384,レース0384,2025-11-13,東京,2000,DIRT,OP,4,2,H0004589,ウマ4589,セ,2022,田中 一郎,57.0,30,0.265,0.127,0.673,5
384,レース0384,2025-11-13,東京,2000,DIRT,OP,5,3,H0004590,ウマ4590,セ,2022,渡辺 美咲,54.0,27,0.212,0.096,0.925,4
384,レース0384,2025-11-13,東京,2000,DIRT,OP,6,3,H0004591,ウマ4591,セ,2022,高橋 大輔,57.0,22,0.279,0.067,0.743,2
384,レース0384,2025-11-13,東京,2000,DIRT,OP,7,4,H0004592,ウマ4592,牡,2022,渡辺 美咲,57.0,21,0.082,0.03,0.76,6
384,レース0384,2025-11-13,東京,2000,DIRT,OP,8,4,H0004593,ウマ4593,セ,2022,山本 陽,56.0,25,0.18,0.08,0.28,13
384,レース0384,2025-11-13,東京,2000,DIRT,OP,9,5,H0004594,ウマ4594,セ,2021,山本 陽,55.0,27,0.214,0.137,0.348,9
384,レース0384,2025-11-13,東京,2000,DIRT,OP,10,5,H0004595,ウマ4595,セ,2020,山本 陽,57.0,10,0.147,0.117,0.49,14
384,レース0384,2025-11-13,東京,2000,DIRT,OP,11,6,H0004596,ウマ4596,牡,2021,加藤 楓,54.0,21,0.29,0.146,0.822,1
384,レース0384,2025-11-13,東京,2000,DIRT,OP,12,6,H0004597,ウマ4597,セ,2022,伊藤 翼,55.0,5,0.236,0.216,0.458,8
384,レース0384,2025-11-13,東京,2000,DIRT,OP,13,7,H0004598,ウマ4598,牡,2022,伊藤 翼,55.0,8,0.205,0.094,0.709,3
384,レース0384,2025-11-13,東京,2000,DIRT,OP,14,7,H0004599,ウマ4599,牝,2021,渡辺 美咲,57.0,13,0.14,0.061,0.772,7
385,レース0385,2025-12-12,中京,1400,TURF,OP,1,1,H0004600,ウマ4600,牝,2022,田中 一郎,58.0,30,0.226,0.113,0.623,11
385,レース0385,2025-12-12,中京,1400,TURF,OP,2,1,H0004601,ウマ4601,セ,2020,山本 陽,55.0,10,0.276,0.126,0.817,2
385,レース0385,2025-12-12,中京,1400,TURF,OP,3,2,H0004602,ウマ4602,牝,2022,山本 陽,55.0,18,0.185,0.144,0.388,15
385,レース0385,2025-12-12,中京,1400,TURF,OP,4,2,H0004603,ウマ4603,牝,2021,佐藤 健,58.0,16,0.295,0.179,0.662,3
385,レース0385,2025-12-12,中京,1400,TURF,OP,5,3,H0004604,ウマ4604,牝,2022,渡辺 美咲,57.0,13,0.332,0.088,0.525,8
385,レース0385,2025-12-12,中京,1400,TURF,OP,6,3,H0004605,ウマ4605,牡,2022,渡辺 美咲,54.0,26,0.314,0.146,0.658,1
385,レース0385,2025-12-12,中京,1400,TURF,OP,7,4,H0004606,ウマ4606,牝,2021,中村 駿,54.0,26,0.139,0.105,0.348,12
385,レース0385,2025-12-12,中京,1400,TURF,OP,8,4,H0004607,ウマ4607,セ,2020,渡辺 美咲,56.0,19,0.102,0.239,0.526,13
385,レース0385,2025-12-12,中京,1400,TURF,OP,9,5,H0004608,ウマ4608,牝,2021,山本 陽,58.0,18,0.197,0.133,0.551,5
385,レース0385,2025-12-12,中京,1400,TURF,OP,10,5,H0004609,ウマ4609,セ,2022,中村 駿,55.0,15,0.203,0.093,0.477,14
385,レース0385,2025-12-12,中京,1400,TURF,OP,11,6,H0004610,ウマ4610,牝,2020,高橋 大輔,56.0,10,0.18,0.147,0.716,7
385,レース0385,2025-12-12,中京,1400,TURF,OP,12,6,H0004611,ウマ4611,牝,2022,佐藤 健,55.0,7,0.15,0.182,0.511,16
385,レース0385,2025-12-12,中京,1400,TURF,OP,13,7,H0004612,ウマ4612,牡,2022,鈴木 花子,57.0,22,0.296,0.161,0.149,9
385,レース0385,2025-12-12,中京,1400,TURF,OP,14,7,H0004613,ウマ4613,セ,2021,高橋 大輔,55.0,12,0.254,0.109,0.637,6
385,レース0385,2025-12-12,中京,1400,TURF,OP,15,8,H0004614,ウマ4614,牝,2020,渡辺 美咲,55.0,23,0.274,0.146,0.545,10
385,レース0385,2025-12-12,中京,1400,TURF,OP,16,8,H0004615,ウマ4615,セ,2022,中村 駿,57.0,8,0.282,0.131,0.55,4
386,レース0386,2025-08-08,京都,2000,DIRT,未勝利,1,1,H0004616,ウマ4616,セ,2021,山本 陽,54.0,6,0.159,0.181,0.523,4
386,レース0386,2025-08-08,京都,2000,DIRT,未勝利,2,1,H0004617,ウマ4617,牝,2020,山本 陽,55.0,17,0.149,0.116,0.552,5
386,レース0386,2025-08-08,京都,2000,DIRT,未勝利,3,2,H0004618,ウマ4618,牝,2022,山本 陽,58.0,24,0.076,0.093,0.375,8
386,レース0386,2025-08-08,京都,2000,DIRT,未勝利,4,2,H0004619,ウマ4619,セ,2022,加藤 楓,55.0,11,0.097,0.032,0.687,6
386,レース0386,2025-08-08,京都,2000,DIRT,未勝利,5,3,H0004620,ウマ4620,牡,2021,高橋 大輔,58.0,30,0.109,0.168,0.514,3
386,レース0386,2025-08-08,京都,2000,DIRT,未勝利,6,3,H0004621,ウマ4621,牝,2022,佐藤 健,57.0,5,0.128,0.118,0.347,7
386,レース0386,2025-08-08,京都,2000,DIRT,未勝利,7,4,H0004622,ウマ4622,牝,2021,鈴木 花子,58.0,28,0.194,0.167,0.716,2
386,レース0386,2025-08-08,京都,2000,DIRT,未勝利,8,4,H0004623,ウマ4623,牝,2021,山本 陽,58.0,30,0.258,0.076,0.822,1
386,レース0386,2025-08-08,京都,2000,DIRT,未勝利,9,5,H0004624,ウマ4624,牡,2022,田中 一郎,55.0,23,0.114,0.083,0.245,9
387,レース0387,2025-06-10,東京,2000,DIRT,G1,1,1,H0004625,ウマ4625,牝,2022,山本 陽,56.0,5,0.154,0.15,0.57,8
387,レース0387,2025-06-10,東京,2000,DIRT,G1,2,1,H0004626,ウマ4626,牡,2022,小林 蓮,55.0,6,0.259,0.094,0.487,5
387,レース0387,2025-06-10,東京,2000,DIRT,G1,3,2,H0004627,ウマ4627,牝,2021,高橋 大輔,54.0,9,0.238,0.126,0.592,2
387,レース0387,2025-06-10,東京,2000,DIRT,G1,4,2,H0004628,ウマ4628,牝,2021,山本 陽,56.0,24,0.391,0.069,0.78,1
387,レース0387,2025-06-10,東京,2000,DIRT,G1,5,3,H0004629,ウマ4629,牡,2022,中村 駿,55.0,3,0.067,0.113,0.655,4
387,レース0387,2025-06-10,東京,2000,DIRT,G1,6,3,H0004630,ウマ4630,セ,2022,加藤 楓,56.0,7,0.179,0.067,0.513,7
387,レース0387,2025-06-10,東京,2000,DIRT,G1,7,4,H0004631,ウマ4631,セ,2021,小林 蓮,57.0,10,0.208,0.043,0.75,3
387,レース0387,2025-06-10,東京,2000,DIRT,G1,8,4,H0004632,ウマ4632,牝,2021,田中 一郎,55.0,21,0.17,0.05,0.389,6
388,レース0388,2025-06-01,中京,2000,DIRT,2勝,1,1,H0004633,ウマ4633,牝,2022,佐藤 健,56.0,22,0.218,0.049,0.492,10
388,レース0388,2025-06-01,中京,2000,DIRT,2勝,2,1,H0004634,ウマ4634,牡,2021,山本 陽,54.0,10,0.111,0.033,0.806,8
388,レース0388,2025-06-01,中京,2000,DIRT,2勝,3,2,H0004635,ウマ4635,牝,2021,中村 駿,57.0,10,0.146,0.056,0.651,11
388,レース0388,2025-06-01,中京,2000,DIRT,2勝,4,2,H0004636,ウマ4636,牝,2021,鈴木 花子,54.0,5,0.248,0.199,0.575,2
388,レース0388,2025-06-01,中京,2000,DIRT,2勝,5,3,H0004637,ウマ4637,セ,2021,加藤 楓,57.0,5,0.104,0.141,0.252,15
388,レース0388,2025-06-01,中京,2000,DIRT,2勝,6,3,H0004638,ウマ4638,牡,2022,加藤 楓,58.0,12,0.093,0.116,0.315,14
388,レース0388,2025-06-01,中京,2000,DIRT,2勝,7,4,H0004639,ウマ4639,牝,2020,中村 駿,58.0,13,0.26,0.132,0.502,6
388,レース0388,2025-06-01,中京,2000,DIRT,2勝,8,4,H0004640,ウマ4640,セ,2021,田中 一郎,57.0,27,0.235,0.088,0.411,12
388,レース0388,2025-06-01,中京,2000,DIRT,2勝,9,5,H0004641,ウマ4641,牝,2022,中村 駿,55.0,17,0.047,0.152,0.624,9
388,レース0388,2025-06-01,中京,2000,DIRT,2勝,10,5,H0004642,ウマ4642,牝,2022,高橋 大輔,58.0,20,0.186,0.166,0.835,7
388,レース0388,2025-06-01,中京,2000,DIRT,2勝,11,6,H0004643,ウマ4643,牡,2021,山本 陽,58.0,29,0.16,0.134,0.738,1
388,レース0388,2025-06-01,中京,2000,DIRT,2勝,12,6,H0004644,ウマ4644,セ,2022,佐藤 健,56.0,12,0.137,0.103,0.513,4
388,レース0388,2025-06-01,中京,2000,DIRT,2勝,13,7,H0004645,ウマ4645,セ,2020,加藤 楓,57.0,14,0.268,0.159,0.537,5
388,レース0388,2025-06-01,中京,2000,DIRT,2勝,14,7,H0004646,ウマ4646,セ,2020,中村 駿,58.0,27,0.181,0.117,0.541,13
388,レース0388,2025-06-01,中京,2000,DIRT,2勝,15,8,H0004647,ウマ4647,牝,2021,中村 駿,55.0,4,0.279,0.106,0.689,3
389,レース0389,2025-10-12,阪神,1600,DIRT,2勝,1,1,H0004648,ウマ4648,牡,2021,小林 蓮,56.0,18,0.248,0.095,0.592,8
389,レース0389,2025-10-12,阪神,1600,DIRT,2勝,2,1,H0004649,ウマ4649,セ,2022,山本 陽,55.0,26,0.219,0.114,0.699,5
389,レース0389,2025-10-12,阪神,1600,DIRT,2勝,3,2,H0004650,ウマ4650,牝,2022,小林 蓮,58.0,7,0.169,0.112,0.549,4
389,レース0389,2025-10-12,阪神,1600,DIRT,2勝,4,2,H0004651,ウマ4651,牡,2022,田中 一郎,57.0,7,0.205,0.186,0.506,6
389,レース0389,2025-10-12,阪神,1600,DIRT,2勝,5,3,H0004652,ウマ4652,牡,2021,伊藤 翼,56.0,21,0.262,0.124,0.636,7
389,レース0389,2025-10-12,阪神,1600,DIRT,2勝,6,3,H0004653,ウマ4653,牡,2020,渡辺 美咲,57.0,23,0.183,0.181,0.817,2
389,レース0389,2025-10-12,阪神,1600,DIRT,2勝,7,4,H0004654,ウマ4654,セ,2021,田中 一郎,57.0,25,0.192,0.097,0.681,11
389,レース0389,2025-10-12,阪神,1600,DIRT,2勝,8,4,H0004655,ウマ4655,牝,2020,加藤 楓,56.0,21,0.159,0.203,0.517,10
389,レース0389,2025-10-12,阪神,1600,DIRT,2勝,9,5,H0004656,ウマ4656,セ,2022,田中 一郎,54.0,23,0.201,0.175,0.742,3
389,レース0389,2025-10-12,阪神,1600,DIRT,2勝,10,5,H0004657,ウマ4657,セ,2022,加藤 楓,57.0,4,0.088,0.175,0.502,13
389,レース0389,2025-10-12,阪神,1600,DIRT,2勝,11,6,H0004658,ウマ4658,牡,2021,伊藤 翼,57.0,18,0.243,0.161,0.488,9
389,レース0389,2025-10-12,阪神,1600,DIRT,2勝,12,6,H0004659,ウマ4659,セ,2022,高橋 大輔,54.0,10,0.214,0.153,0.349,12
389,レース0389,2025-10-12,阪神,1600,DIRT,2勝,13,7,H0004660,ウマ4660,セ,2020,伊藤 翼,56.0,11,0.297,0.079,0.805,1
389,レース0389,2025-10-12,阪神,1600,DIRT,2勝,14,7,H0004661,ウマ4661,牡,2022,山本 陽,57.0,4,0.07,0.049,0.293,14
390,レース0390,2025-10-23,東京,1600,DIRT,OP,1,1,H0004662,ウマ4662,セ,2022,中村 駿,58.0,18,0.07,0.092,0.507,5
390,レース0390,2025-10-23,東京,1600,DIRT,OP,2,1,H0004663,ウマ4663,セ,2021,田中 一郎,58.0,21,0.063,0.059,0.57,6
390,レース0390,2025-10-23,東京,1600,DIRT,OP,3,2,H0004664,ウマ4664,牡,2022,加藤 楓,55.0,6,0.188,0.03,0.342,7
390,レース0390,2025-10-23,東京,1600,DIRT,OP,4,2,H0004665,ウマ4665,牡,2020,加藤 楓,54.0,12,0.361,0.044,0.933,1
390,レース0390,2025-10-23,東京,1600,DIRT,OP,5,3,H0004666,ウマ4666,牝,2020,鈴木 花子,55.0,15,0.13,0.113,0.609,4
390,レース0390,2025-10-23,東京,1600,DIRT,OP,6,3,H0004667,ウマ4667,牡,2020,渡辺 美咲,56.0,10,0.179,0.169,0.054,8
390,レース0390,2025-10-23,東京,1600,DIRT,OP,7,4,H0004668,ウマ4668,牝,2021,佐藤 健,57.0,27,0.34,0.107,0.594,3
390,レース0390,2025-10-23,東京,1600,DIRT,OP,8,4,H0004669,ウマ4669,セ,2022,伊藤 翼,57.0,18,0.286,0.065,0.774,2
391,レース0391,2025-11-19,京都,2000,TURF,G1,1,1,H0004670,ウマ4670,牡,2022,高橋 大輔,57.0,5,0.139,0.088,0.351,12
391,レース0391,2025-11-19,京都,2000,TURF,G1,2,1,H0004671,ウマ4671,牡,2021,伊藤 翼,56.0,17,0.188,0.044,0.707,7
391,レース0391,2025-11-19,京都,2000,TURF,G1,3,2,H0004672,ウマ4672,牝,2020,渡辺 美咲,54.0,8,0.233,0.174,0.648,3
391,レース0391,2025-11-19,京都,2000,TURF,G1,4,2,H0004673,ウマ4673,牝,2022,山本 陽,55.0,12,0.113,0.147,0.401,11
391,レース0391,2025-11-19,京都,2000,TURF,G1,5,3,H0004674,ウマ4674,セ,2020,高橋 大輔,54.0,26,0.289,0.124,0.379,6
391,レース0391,2025-11-19,京都,2000,TURF,G1,6,3,H0004675,ウマ4675,セ,2020,加藤 楓,57.0,28,0.228,0.072,0.544,10
391,レース0391,2025-11-19,京都,2000,TURF,G1,7,4,H0004676,ウマ4676,セ,2020,伊藤 翼,57.0,8,0.287,0.143,0.677,1
391,レース0391,2025-11-19,京都,2000,TURF,G1,8,4,H0004677,ウマ4677,牡,2021,中村 駿,56.0,11,0.235,0.062,0.874,4
391,レース0391,2025-11-19,京都,2000,TURF,G1,9,5,H0004678,ウマ4678,牝,2022,鈴木 花子,54.0,9,0.182,0.189,0.235,9
391,レース0391,2025-11-19,京都,2000,TURF,G1,10,5,H0004679,ウマ4679,牡,2021,佐藤 健,54.0,29,0.136,0.163,0.475,8
391,レース0391,2025-11-19,京都,2000,TURF,G1,11,6,H0004680,ウマ4680,牝,2021,鈴木 花子,54.0,29,0.253,0.182,0.667,2
391,レース0391,2025-11-19,京都,2000,TURF,G1,12,6,H0004681,ウマ4681,牝,2021,田中 一郎,56.0,14,0.313,0.134,0.536,5
392,レース0392,2025-11-17,中京,2000,TURF,3勝,1,1,H0004682,ウマ4682,牡,2020,中村 駿,57.0,9,0.227,0.198,0.42,12
392,レース0392,2025-11-17,中京,2000,TURF,3勝,2,1,H0004683,ウマ4683,牡,2022,高橋 大輔,55.0,7,0.186,0.142,0.415,11
392,レース0392,2025-11-17,中京,2000,TURF,3勝,3,2,H0004684,ウマ4684,牝,2020,小林 蓮,55.0,17,0.067,0.106,0.608,14
392,レース0392,2025-11-17,中京,2000,TURF,3勝,4,2,H0004685,ウマ4685,セ,2020,山本 陽,56.0,23,0.262,0.103,0.454,6
392,レース0392,2025-11-17,中京,2000,TURF,3勝,5,3,H0004686,ウマ4686,セ,2022,小林 蓮,58.0,27,0.36,0.177,0.297,4
392,レース0392,2025-11-17,中京,2000,TURF,3勝,6,3,H0004687,ウマ4687,牡,2020,中村 駿,58.0,18,0.142,0.203,0.697,8
392,レース0392,2025-11-17,中京,2000,TURF,3勝,7,4,H0004688,ウマ4688,セ,2021,中村 駿,55.0,19,0.169,0.071,0.857,1
392,レース0392,2025-11-17,中京,2000,TURF,3勝,8,4,H0004689,ウマ4689,セ,2021,小林 蓮,56.0,23,0.169,0.222,0.567,10
392,レース0392,2025-11-17,中京,2000,TURF,3勝,9,5,H0004690,ウマ4690,牝,2020,高橋 大輔,54.0,30,0.178,0.045,0.547,13
392,レース0392,2025-11-17,中京,2000,TURF,3勝,10,5,H0004691,ウマ4691,セ,2022,加藤 楓,54.0,10,0.257,0.164,0.684,2
392,レース0392,2025-11-17,中京,2000,TURF,3勝,11,6,H0004692,ウマ4692,セ,2022,鈴木 花子,56.0,19,0.186,0.139,0.627,7
392,レース0392,2025-11-17,中京,2000,TURF,3勝,12,6,H0004693,ウマ4693,牡,2022,田中 一郎,55.0,30,0.27,0.135,0.489,9
392,レース0392,2025-11-17,中京,2000,TURF,3勝,13,7,H0004694,ウマ4694,セ,2022,山本 陽,58.0,23,0.343,0.179,0.715,3
392,レース0392,2025-11-17,中京,2000,TURF,3勝,14,7,H0004695,ウマ4695,セ,2020,渡辺 美咲,55.0,18,0.337,0.041,0.701,5
393,レース0393,2025-01-22,京都,1600,TURF,G2,1,1,H0004696,ウマ4696,牡,2020,中村 駿,58.0,14,0.217,0.092,0.682,2
393,レース0393,2025-01-22,京都,1600,TURF,G2,2,1,H0004697,ウマ4697,牝,2021,加藤 楓,55.0,23,0.264,0.148,0.726,1
393,レース0393,2025-01-22,京都,1600,TURF,G2,3,2,H0004698,ウマ4698,セ,2022,佐藤 健,56.0,30,0.152,0.108,0.488,10
393,レース0393,2025-01-22,京都,1600,TURF,G2,4,2,H0004699,ウマ4699,牝,2020,鈴木 花子,55.0,4,0.272,0.116,0.278,8
393,レース0393,2025-01-22,京都,1600,TURF,G2,5,3,H0004700,ウマ4700,セ,2022,小林 蓮,56.0,23,0.013,0.117,0.541,7
393,レース0393,2025-01-22,京都,1600,TURF,G2,6,3,H0004701,ウマ4701,セ,2021,渡辺 美咲,54.0,8,0.228,0.133,0.386,6
393,レース0393,2025-01-22,京都,1600,TURF,G2,7,4,H0004702,ウマ4702,牝,2020,加藤 楓,57.0,9,0.107,0.165,0.41,9
393,レース0393,2025-01-22,京都,1600,TURF,G2,8,4,H0004703,ウマ4703,牡,2021,高橋 大輔,55.0,18,0.145,0.141,0.228,11
393,レース0393,2025-01-22,京都,1600,TURF,G2,9,5,H0004704,ウマ4704,牝,2020,山本 陽,57.0,3,0.311,0.147,0.545,4
393,レース0393,2025-01-22,京都,1600,TURF,G2,10,5,H0004705,ウマ4705,セ,2022,中村 駿,54.0,8,0.184,0.137,0.632,3
393,レース0393,2025-01-22,京都,1600,TURF,G2,11,6,H0004706,ウマ4706,セ,2021,小林 蓮,54.0,12,0.148,0.119,0.581,5
394,レース0394,2025-02-08,京都,2000,DIRT,G3,1,1,H0004707,ウマ4707,牡,2020,佐藤 健,55.0,21,0.212,0.161,0.669,7
394,レース0394,2025-02-08,京都,2000,DIRT,G3,2,1,H0004708,ウマ4708,牡,2021,山本 陽,56.0,24,0.234,0.058,0.628,10
394,レース0394,2025-02-08,京都,2000,DIRT,G3,3,2,H0004709,ウマ4709,牝,2021,高橋 大輔,56.0,23,0.221,0.1,0.41,12
394,レース0394,2025-02-08,京都,2000,DIRT,G3,4,2,H0004710,ウマ4710,牝,2021,加藤 楓,56.0,4,0.021,0.183,0.664,15
394,レース0394,2025-02-08,京都,2000,DIRT,G3,5,3,H0004711,ウマ4711,牡,2021,中村 駿,56.0,22,0.334,0.162,0.665,3
394,レース0394,2025-02-08,京都,2000,DIRT,G3,6,3,H0004712,ウマ4712,セ,2022,渡辺 美咲,56.0,23,0.077,0.149,0.435,16
394,レース0394,2025-02-08,京都,2000,DIRT,G3,7,4,H0004713,ウマ4713,牡,2022,小林 蓮,57.0,26,0.349,0.14,0.481,6
394,レース0394,2025-02-08,京都,2000,DIRT,G3,8,4,H0004714,ウマ4714,牡,2020,小林 蓮,58.0,28,0.238,0.118,0.56,13
394,レース0394,2025-02-08,京都,2000,DIRT,G3,9,5,H0004715,ウマ4715,セ,2022,田中 一郎,56.0,12,0.258,0.186,0.664,1
394,レース0394,2025-02-08,京都,2000,DIRT,G3,10,5,H0004716,ウマ4716,セ,2021,伊藤 翼,56.0,3,0.21,0.143,0.674,5
394,レース0394,2025-02-08,京都,2000,DIRT,G3,11,6,H0004717,ウマ4717,牡,2021,佐藤 健,58.0,3,0.208,0.144,0.485,9
394,レース0394,2025-02-08,京都,2000,DIRT,G3,12,6,H0004718,ウマ4718,牝,2020,山本 陽,55.0,9,0.202,0.161,0.394,8
394,レース0394,2025-02-08,京都,2000,DIRT,G3,13,7,H0004719,ウマ4719,牡,2020,鈴木 花子,57.0,15,0.259,0.153,0.5,4
394,レース0394,2025-02-08,京都,2000,DIRT,G3,14,7,H0004720,ウマ4720,牡,2020,田中 一郎,58.0,5,0.33,0.144,0.583,2
394,レース0394,2025-02-08,京都,2000,DIRT,G3,15,8,H0004721,ウマ4721,セ,2021,田中 一郎,56.0,13,0.044,0.142,0.782,11
394,レース0394,2025-02-08,京都,2000,DIRT,G3,16,8,H0004722,ウマ4722,セ,2020,山本 陽,58.0,25,0.29,0.135,0.306,14
395,レース0395,2025-04-21,東京,1800,DIRT,未勝利,1,1,H0004723,ウマ4723,牝,2020,渡辺 美咲,56.0,8,0.078,0.2,0.721,4
395,レース0395,2025-04-21,東京,1800,DIRT,未勝利,2,1,H0004724,ウマ4724,牡,2022,中村 駿,54.0,18,0.179,0.127,0.683,3
395,レース0395,2025-04-21,東京,1800,DIRT,未勝利,3,2,H0004725,ウマ4725,セ,2020,高橋 大輔,54.0,14,0.21,0.129,0.296,7
395,レース0395,2025-04-21,東京,1800,DIRT,未勝利,4,2,H0004726,ウマ4726,牝,2022,田中 一郎,56.0,14,0.256,0.17,0.42,5
395,レース0395,2025-04-21,東京,1800,DIRT,未勝利,5,3,H0004727,ウマ4727,セ,2022,小林 蓮,57.0,25,0.076,0.141,0.584,2
395,レース0395,2025-04-21,東京,1800,DIRT,未勝利,6,3,H0004728,ウマ4728,牡,2021,加藤 楓,55.0,17,0.224,0.153,0.253,6
395,レース0395,2025-04-21,東京,1800,DIRT,未勝利,7,4,H0004729,ウマ4729,セ,2020,中村 駿,58.0,29,0.283,0.109,0.449,1
395,レース0395,2025-04-21,東京,1800,DIRT,未勝利,8,4,H0004730,ウマ4730,牡,2021,鈴木 花子,54.0,5,0.014,0.117,0.195,8
396,レース0396,2025-02-06,京都,2400,TURF,3勝,1,1,H0004731,ウマ4731,牝,2020,鈴木 花子,56.0,24,0.137,0.217,0.485,3
396,レース0396,2025-02-06,京都,2400,TURF,3勝,2,1,H0004732,ウマ4732,セ,2021,鈴木 花子,57.0,21,0.259,0.18,0.473,4
396,レース0396,2025-02-06,京都,2400,TURF,3勝,3,2,H0004733,ウマ4733,牝,2022,田中 一郎,56.0,20,0.182,0.129,0.345,6
396,レース0396,2025-02-06,京都,2400,TURF,3勝,4,2,H0004734,ウマ4734,牡,2020,鈴木 花子,54.0,18,0.245,0.081,0.787,5
396,レース0396,2025-02-06,京都,2400,TURF,3勝,5,3,H0004735,ウマ4735,牡,2020,鈴木 花子,55.0,24,0.019,0.192,0.377,9
396,レース0396,2025-02-06,京都,2400,TURF,3勝,6,3,H0004736,ウマ4736,セ,2022,鈴木 花子,55.0,17,0.201,0.154,0.639,2
396,レース0396,2025-02-06,京都,2400,TURF,3勝,7,4,H0004737,ウマ4737,牝,2021,田中 一郎,57.0,3,0.291,0.23,0.748,1
396,レース0396,2025-02-06,京都,2400,TURF,3勝,8,4,H0004738,ウマ4738,牡,2021,田中 一郎,56.0,25,0.158,0.147,0.575,8
396,レース0396,2025-02-06,京都,2400,TURF,3勝,9,5,H0004739,ウマ4739,牝,2021,高橋 大輔,56.0,11,0.256,0.097,0.593,7
397,レース0397,2025-08-11,京都,1200,TURF,3勝,1,1,H0004740,ウマ4740,セ,2020,佐藤 健,57.0,10,0.134,0.183,0.366,7
397,レース0397,2025-08-11,京都,1200,TURF,3勝,2,1,H0004741,ウマ4741,牡,2020,中村 駿,56.0,19,0.211,0.125,0.046,10
397,レース0397,2025-08-11,京都,1200,TURF,3勝,3,2,H0004742,ウマ4742,セ,2021,鈴木 花子,58.0,23,0.308,0.129,0.61,1
397,レース0397,2025-08-11,京都,1200,TURF,3勝,4,2,H0004743,ウマ4743,牡,2020,小林 蓮,57.0,12,0.143,0.064,0.58,6
397,レース0397,2025-08-11,京都,1200,TURF,3勝,5,3,H0004744,ウマ4744,牝,2021,山本 陽,55.0,28,0.381,0.091,0.623,2
397,レース0397,2025-08-11,京都,1200,TURF,3勝,6,3,H0004745,ウマ4745,セ,2020,小林 蓮,56.0,23,0.142,0.179,0.597,5
397,レース0397,2025-08-11,京都,1200,TURF,3勝,7,4,H0004746,ウマ4746,セ,2020,鈴木 花子,56.0,27,0.053,0.158,0.628,4
397,レース0397,2025-08-11,京都,1200,TURF,3勝,8,4,H0004747,ウマ4747,セ,2021,山本 陽,54.0,29,0.092,0.03,0.214,9
397,レース0397,2025-08-11,京都,1200,TURF,3勝,9,5,H0004748,ウマ4748,セ,2022,高橋 大輔,57.0,3,0.133,0.112,0.405,8
397,レース0397,2025-08-11,京都,1200,TURF,3勝,10,5,H0004749,ウマ4749,牝,2021,小林 蓮,56.0,10,0.159,0.206,0.393,3
398,レース0398,2025-04-14,京都,1600,TURF,未勝利,1,1,H0004750,ウマ4750,セ,2021,佐藤 健,54.0,29,0.34,0.133,0.345,2
398,レース0398,2025-04-14,京都,1600,TURF,未勝利,2,1,H0004751,ウマ4751,牝,2020,伊藤 翼,57.0,3,0.343,0.101,0.84,1
398,レース0398,2025-04-14,京都,1600,TURF,未勝利,3,2,H0004752,ウマ4752,セ,2020,加藤 楓,54.0,13,0.256,0.14,0.43,7
398,レース0398,2025-04-14,京都,1600,TURF,未勝利,4,2,H0004753,ウマ4753,牝,2020,山本 陽,54.0,3,0.097,0.086,0.503,8
398,レース0398,2025-04-14,京都,1600,TURF,未勝利,5,3,H0004754,ウマ4754,牝,2021,山本 陽,56.0,7,0.113,0.089,0.83,6
398,レース0398,2025-04-14,京都,1600,TURF,未勝利,6,3,H0004755,ウマ4755,牝,2020,山本 陽,57.0,22,0.069,0.129,0.452,10
398,レース0398,2025-04-14,京都,1600,TURF,未勝利,7,4,H0004756,ウマ4756,セ,2020,鈴木 花子,54.0,22,0.197,0.11,0.467,5
398,レース0398,2025-04-14,京都,1600,TURF,未勝利,8,4,H0004757,ウマ4757,牝,2022,山本 陽,57.0,3,0.139,0.163,0.66,4
398,レース0398,2025-04-14,京都,1600,TURF,未勝利,9,5,H0004758,ウマ4758,牡,2020,鈴木 花子,54.0,7,0.047,0.068,0.535,11
398,レース0398,2025-04-14,京都,1600,TURF,未勝利,10,5,H0004759,ウマ4759,セ,2020,佐藤 健,58.0,9,0.342,0.107,0.319,9
398,レース0398,2025-04-14,京都,1600,TURF,未勝利,11,6,H0004760,ウマ4760,牝,2020,渡辺 美咲,56.0,3,0.209,0.131,0.624,3
399,レース0399,2025-07-06,中京,1800,DIRT,G2,1,1,H0004761,ウマ4761,牡,2021,小林 蓮,55.0,9,0.128,0.058,0.685,8
399,レース0399,2025-07-06,中京,1800,DIRT,G2,2,1,H0004762,ウマ4762,牝,2021,佐藤 健,57.0,28,0.162,0.157,0.673,4
399,レース0399,2025-07-06,中京,1800,DIRT,G2,3,2,H0004763,ウマ4763,牝,2022,高橋 大輔,56.0,18,0.334,0.193,0.545,2
399,レース0399,2025-07-06,中京,1800,DIRT,G2,4,2,H0004764,ウマ4764,セ,2022,山本 陽,58.0,12,0.166,0.127,0.723,3
399,レース0399,2025-07-06,中京,1800,DIRT,G2,5,3,H0004765,ウマ4765,牝,2020,田中 一郎,58.0,30,0.198,0.143,0.652,5
399,レース0399,2025-07-06,中京,1800,DIRT,G2,6,3,H0004766,ウマ4766,セ,2022,山本 陽,58.0,10,0.118,0.135,0.38,11
399,レース0399,2025-07-06,中京,1800,DIRT,G2,7,4,H0004767,ウマ4767,牡,2020,加藤 楓,58.0,26,0.074,0.176,0.601,9
399,レース0399,2025-07-06,中京,1800,DIRT,G2,8,4,H0004768,ウマ4768,牡,2020,高橋 大輔,54.0,13,0.236,0.093,0.415,10
399,レース0399,2025-07-06,中京,1800,DIRT,G2,9,5,H0004769,ウマ4769,牡,2021,渡辺 美咲,55.0,9,0.285,0.175,0.463,7
399,レース0399,2025-07-06,中京,1800,DIRT,G2,10,5,H0004770,ウマ4770,牝,2021,山本 陽,54.0,11,0.13,0.071,0.769,6
399,レース0399,2025-07-06,中京,1800,DIRT,G2,11,6,H0004771,ウマ4771,牡,2022,佐藤 健,54.0,8,0.343,0.103,0.659,1
400,レース0400,2025-04-17,中山,2000,TURF,未勝利,1,1,H0004772,ウマ4772,セ,2022,伊藤 翼,57.0,9,0.049,0.132,0.175,11
400,レース0400,2025-04-17,中山,2000,TURF,未勝利,2,1,H0004773,ウマ4773,セ,2021,加藤 楓,58.0,9,0.033,0.082,0.55,6
400,レース0400,2025-04-17,中山,2000,TURF,未勝利,3,2,H0004774,ウマ4774,牡,2021,加藤 楓,55.0,8,0.194,0.1,0.564,1
400,レース0400,2025-04-17,中山,2000,TURF,未勝利,4,2,H0004775,ウマ4775,牡,2021,鈴木 花子,58.0,22,0.263,0.186,0.302,10
400,レース0400,2025-04-17,中山,2000,TURF,未勝利,5,3,H0004776,ウマ4776,セ,2022,加藤 楓,58.0,20,0.168,0.143,0.957,3
400,レース0400,2025-04-17,中山,2000,TURF,未勝利,6,3,H0004777,ウマ4777,牝,2022,高橋 大輔,56.0,20,0.217,0.042,0.434,2
400,レース0400,2025-04-17,中山,2000,TURF,未勝利,7,4,H0004778,ウマ4778,セ,2021,山本 陽,55.0,11,0.165,0.155,0.64,5
400,レース0400,2025-04-17,中山,2000,TURF,未勝利,8,4,H0004779,ウマ4779,牡,2020,渡辺 美咲,57.0,10,0.119,0.156,0.447,8
400,レース0400,2025-04-17,中山,2000,TURF,未勝利,9,5,H0004780,ウマ4780,牡,2021,加藤 楓,58.0,26,0.238,0.168,0.472,7
400,レース0400,2025-04-17,中山,2000,TURF,未勝利,10,5,H0004781,ウマ4781,セ,2020,加藤 楓,55.0,13,0.217,0.145,0.283,9
400,レース0400,2025-04-17,中山,2000,TURF,未勝利,11,6,H0004782,ウマ4782,牝,2022,加藤 楓,58.0,27,0.171,0.238,0.698,4
401,レース0401,2025-04-15,京都,2400,DIRT,2勝,1,1,H0004783,ウマ4783,牡,2021,田中 一郎,55.0,15,0.258,0.151,0.56,8
401,レース0401,2025-04-15,京都,2400,DIRT,2勝,2,1,H0004784,ウマ4784,セ,2022,中村 駿,57.0,9,0.139,0.066,0.694,10
401,レース0401,2025-04-15,京都,2400,DIRT,2勝,3,2,H0004785,ウマ4785,セ,2020,鈴木 花子,54.0,21,0.186,0.094,0.807,4
401,レース0401,2025-04-15,京都,2400,DIRT,2勝,4,2,H0004786,ウマ4786,牝,2020,鈴木 花子,54.0,29,0.273,0.089,0.808,2
401,レース0401,2025-04-15,京都,2400,DIRT,2勝,5,3,H0004787,ウマ4787,牡,2020,小林 蓮,54.0,21,0.23,0.201,0.576,1
401,レース0401,2025-04-15,京都,2400,DIRT,2勝,6,3,H0004788,ウマ4788,セ,2022,佐藤 健,57.0,4,0.284,0.107,0.459,9
401,レース0401,2025-04-15,京都,2400,DIRT,2勝,7,4,H0004789,ウマ4789,牡,2021,佐藤 健,54.0,29,0.239,0.105,0.74,5
401,レース0401,2025-04-15,京都,2400,DIRT,2勝,8,4,H0004790,ウマ4790,牝,2022,伊藤 翼,56.0,18,0.127,0.113,1.0,7
401,レース0401,2025-04-15,京都,2400,DIRT,2勝,9,5,H0004791,ウマ4791,牡,2022,山本 陽,57.0,3,0.183,0.177,0.589,3
401,レース0401,2025-04-15,京都,2400,DIRT,2勝,10,5,H0004792,ウマ4792,牝,2022,鈴木 花子,57.0,7,0.103,0.076,0.876,6
402,レース0402,2025-10-12,阪神,2400,TURF,G1,1,1,H0004793,ウマ4793,セ,2021,田中 一郎,55.0,20,0.017,0.143,0.588,6
402,レース0402,2025-10-12,阪神,2400,TURF,G1,2,1,H0004794,ウマ4794,セ,2021,伊藤 翼,57.0,13,0.176,0.185,0.693,2
402,レース0402,2025-10-12,阪神,2400,TURF,G1,3,2,H0004795,ウマ4795,セ,2021,伊藤 翼,58.0,12,0.0,0.179,0.0,8
402,レース0402,2025-10-12,阪神,2400,TURF,G1,4,2,H0004796,ウマ4796,セ,2021,鈴木 花子,56.0,14,0.28,0.143,0.549,3
402,レース0402,2025-10-12,阪神,2400,TURF,G1,5,3,H0004797,ウマ4797,牡,2020,鈴木 花子,56.0,26,0.298,0.096,0.268,7
402,レース0402,2025-10-12,阪神,2400,TURF,G1,6,3,H0004798,ウマ4798,セ,2022,高橋 大輔,56.0,4,0.258,0.084,0.681,1
402,レース0402,2025-10-12,阪神,2400,TURF,G1,7,4,H0004799,ウマ4799,牡,2021,加藤 楓,54.0,4,0.198,0.125,0.573,4
402,レース0402,2025-10-12,阪神,2400,TURF,G1,8,4,H0004800,ウマ4800,牝,2021,中村 駿,58.0,14,0.249,0.087,0.683,5
403,レース0403,2025-01-02,中京,1200,DIRT,G1,1,1,H0004801,ウマ4801,牝,2021,加藤 楓,56.0,28,0.199,0.121,0.501,10
403,レース0403,2025-01-02,中京,1200,DIRT,G1,2,1,H0004802,ウマ4802,牝,2020,渡辺 美咲,58.0,16,0.269,0.15,0.833,4
403,レース0403,2025-01-02,中京,1200,DIRT,G1,3,2,H0004803,ウマ4803,牡,2021,小林 蓮,56.0,16,0.45,0.149,0.317,6
403,レース0403,2025-01-02,中京,1200,DIRT,G1,4,2,H0004804,ウマ4804,牝,2022,渡辺 美咲,58.0,26,0.141,0.251,0.724,9
403,レース0403,2025-01-02,中京,1200,DIRT,G1,5,3,H0004805,ウマ4805,牝,2021,佐藤 健,54.0,24,0.415,0.201,0.754,1
403,レース0403,2025-01-02,中京,1200,DIRT,G1,6,3,H0004806,ウマ4806,牝,2022,田中 一郎,54.0,12,0.266,0.12,0.497,8
403,レース0403,2025-01-02,中京,1200,DIRT,G1,7,4,H0004807,ウマ4807,牝,2020,中村 駿,54.0,24,0.185,0.175,0.909,5
403,レース0403,2025-01-02,中京,1200,DIRT,G1,8,4,H0004808,ウマ4808,セ,2022,中村 駿,57.0,9,0.204,0.111,0.985,3
403,レース0403,2025-01-02,中京,1200,DIRT,G1,9,5,H0004809,ウマ4809,牡,2022,高橋 大輔,55.0,6,0.251,0.044,0.591,7
403,レース0403,2025-01-02,中京,1200,DIRT,G1,10,5,H0004810,ウマ4810,牝,2021,鈴木 花子,54.0,16,0.195,0.086,0.458,11
403,レース0403,2025-01-02,中京,1200,DIRT,G1,11,6,H0004811,ウマ4811,セ,2022,山本 陽,56.0,27,0.0,0.123,0.508,12
403,レース0403,2025-01-02,中京,1200,DIRT,G1,12,6,H0004812,ウマ4812,セ,2020,佐藤 健,54.0,19,0.299,0.162,0.797,2
404,レース0404,2025-05-24,東京,1800,TURF,G3,1,1,H0004813,ウマ4813,牝,2022,渡辺 美咲,55.0,21,0.15,0.093,0.266,7
404,レース0404,2025-05-24,東京,1800,TURF,G3,2,1,H0004814,ウマ4814,セ,2021,田中 一郎,56.0,3,0.186,0.213,0.745,1
404,レース0404,2025-05-24,東京,1800,TURF,G3,3,2,H0004815,ウマ4815,牝,2020,山本 陽,58.0,7,0.111,0.111,0.387,9
404,レース0404,2025-05-24,東京,1800,TURF,G3,4,2,H0004816,ウマ4816,牡,2022,小林 蓮,58.0,27,0.309,0.105,0.433,3
404,レース0404,2025-05-24,東京,1800,TURF,G3,5,3,H0004817,ウマ4817,セ,2021,高橋 大輔,57.0,17,0.183,0.18,0.34,5
404,レース0404,2025-05-24,東京,1800,TURF,G3,6,3,H0004818,ウマ4818,牝,2020,山本 陽,56.0,6,0.055,0.087,0.519,6
404,レース0404,2025-05-24,東京,1800,TURF,G3,7,4,H0004819,ウマ4819,牝,2021,小林 蓮,58.0,16,0.241,0.086,0.241,8
404,レース0404,2025-05-24,東京,1800,TURF,G3,8,4,H0004820,ウマ4820,牡,2022,鈴木 花子,54.0,22,0.261,0.03,0.75,2
404,レース0404,2025-05-24,東京,1800,TURF,G3,9,5,H0004821,ウマ4821,セ,2022,高橋 大輔,56.0,6,0.212,0.174,0.449,4
405,レース0405,2025-07-25,阪神,1200,DIRT,2勝,1,1,H0004822,ウマ4822,牝,2022,中村 駿,54.0,26,0.227,0.157,0.427,12
405,レース0405,2025-07-25,阪神,1200,DIRT,2勝,2,1,H0004823,ウマ4823,セ,2021,伊藤 翼,57.0,28,0.216,0.043,0.523,10
405,レース0405,2025-07-25,阪神,1200,DIRT,2勝,3,2,H0004824,ウマ4824,牝,2021,小林 蓮,54.0,4,0.05,0.03,0.708,14
405,レース0405,2025-07-25,阪神,1200,DIRT,2勝,4,2,H0004825,ウマ4825,牝,2021,山本 陽,54.0,12,0.237,0.166,0.583,7
405,レース0405,2025-07-25,阪神,1200,DIRT,2勝,5,3,H0004826,ウマ4826,セ,2021,小林 蓮,58.0,28,0.175,0.222,0.626,6
405,レース0405,2025-07-25,阪神,1200,DIRT,2勝,6,3,H0004827,ウマ4827,牝,2022,加藤 楓,56.0,11,0.141,0.173,0.676,1
405,レース0405,2025-07-25,阪神,1200,DIRT,2勝,7,4,H0004828,ウマ4828,セ,2021,高橋 大輔,57.0,10,0.177,0.079,0.779,8
405,レース0405,2025-07-25,阪神,1200,DIRT,2勝,8,4,H0004829,ウマ4829,セ,2021,高橋 大輔,56.0,27,0.245,0.063,0.564,11
405,レース0405,2025-07-25,阪神,1200,DIRT,2勝,9,5,H0004830,ウマ4830,牝,2020,加藤 楓,57.0,23,0.179,0.185,0.562,3
405,レース0405,2025-07-25,阪神,1200,DIRT,2勝,10,5,H0004831,ウマ4831,牝,2020,加藤 楓,58.0,21,0.138,0.047,0.318,13
405,レース0405,2025-07-25,阪神,1200,DIRT,2勝,11,6,H0004832,ウマ4832,セ,2021,中村 駿,55.0,3,0.198,0.226,0.53,5
405,レース0405,2025-07-25,阪神,1200,DIRT,2勝,12,6,H0004833,ウマ4833,牝,2022,伊藤 翼,55.0,11,0.2,0.243,0.634,2
405,レース0405,2025-07-25,阪神,1200,DIRT,2勝,13,7,H0004834,ウマ4834,牝,2020,渡辺 美咲,58.0,4,0.076,0.061,0.484,9
405,レース0405,2025-07-25,阪神,1200,DIRT,2勝,14,7,H0004835,ウマ4835,牝,2021,小林 蓮,57.0,24,0.277,0.15,0.708,4
405,レース0405,2025-07-25,阪神,1200,DIRT,2勝,15,8,H0004836,ウマ4836,牝,2022,鈴木 花子,57.0,21,0.039,0.103,0.534,15
406,レース0406,2025-10-11,阪神,2400,TURF,1勝,1,1,H0004837,ウマ4837,牡,2020,中村 駿,58.0,22,0.35,0.143,0.441,8
406,レース0406,2025-10-11,阪神,2400,TURF,1勝,2,1,H0004838,ウマ4838,牝,2022,加藤 楓,57.0,7,0.19,0.177,0.635,6
406,レース0406,2025-10-11,阪神,2400,TURF,1勝,3,2,H0004839,ウマ4839,セ,2021,山本 陽,55.0,3,0.207,0.185,0.76,4
406,レース0406,2025-10-11,阪神,2400,TURF,1勝,4,2,H0004840,ウマ4840,牡,2021,山本 陽,57.0,30,0.211,0.206,0.889,1
406,レース0406,2025-10-11,阪神,2400,TURF,1勝,5,3,H0004841,ウマ4841,セ,2021,山本 陽,58.0,23,0.148,0.048,0.524,9
406,レース0406,2025-10-11,阪神,2400,TURF,1勝,6,3,H0004842,ウマ4842,セ,2020,山本 陽,54.0,30,0.252,0.089,0.748,5
406,レース0406,2025-10-11,阪神,2400,TURF,1勝,7,4,H0004843,ウマ4843,セ,2021,山本 陽,54.0,6,0.12,0.232,0.616,7
406,レース0406,2025-10-11,阪神,2400,TURF,1勝,8,4,H0004844,ウマ4844,牡,2022,佐藤 健,58.0,3,0.188,0.121,0.948,2
406,レース0406,2025-10-11,阪神,2400,TURF,1勝,9,5,H0004845,ウマ4845,セ,2021,中村 駿,54.0,24,0.242,0.043,0.189,3
407,レース0407,2025-10-10,中京,1400,DIRT,OP,1,1,H0004846,ウマ4846,牝,2022,伊藤 翼,55.0,8,0.105,0.16,0.347,10
407,レース0407,2025-10-10,中京,1400,DIRT,OP,2,1,H0004847,ウマ4847,セ,2022,渡辺 美咲,55.0,4,0.105,0.122,0.564,9
407,レース0407,2025-10-10,中京,1400,DIRT,OP,3,2,H0004848,ウマ4848,牝,2020,鈴木 花子,55.0,17,0.323,0.129,0.525,1
407,レース0407,2025-10-10,中京,1400,DIRT,OP,4,2,H0004849,ウマ4849,牡,2021,小林 蓮,56.0,22,0.033,0.088,0.412,14
407,レース0407,2025-10-10,中京,1400,DIRT,OP,5,3,H0004850,ウマ4850,セ,2022,高橋 大輔,56.0,25,0.229,0.098,0.46,7
407,レース0407,2025-10-10,中京,1400,DIRT,OP,6,3,H0004851,ウマ4851,牡,2022,加藤 楓,57.0,24,0.092,0.141,0.363,11
407,レース0407,2025-10-10,中京,1400,DIRT,OP,7,4,H0004852,ウマ4852,牡,2022,中村 駿,58.0,17,0.144,0.037,0.494,12
407,レース0407,2025-10-10,中京,1400,DIRT,OP,8,4,H0004853,ウマ4853,牡,2020,伊藤 翼,57.0,3,0.233,0.18,0.536,2
407,レース0407,2025-10-10,中京,1400,DIRT,OP,9,5,H0004854,ウマ4854,セ,2021,渡辺 美咲,55.0,8,0.338,0.057,0.648,3
407,レース0407,2025-10-10,中京,1400,DIRT,OP,10,5,H0004855,ウマ4855,牡,2020,田中 一郎,54.0,12,0.217,0.095,0.542,6
407,レース0407,2025-10-10,中京,1400,DIRT,OP,11,6,H0004856,ウマ4856,牡,2022,鈴木 花子,54.0,7,0.076,0.15,0.559,8
407,レース0407,2025-10-10,中京,1400,DIRT,OP,12,6,H0004857,ウマ4857,牡,2021,渡辺 美咲,57.0,17,0.046,0.079,0.551,13
407,レース0407,2025-10-10,中京,1400,DIRT,OP,13,7,H0004858,ウマ4858,牝,2021,田中 一郎,58.0,5,0.317,0.107,0.535,5
407,レース0407,2025-10-10,中京,1400,DIRT,OP,14,7,H0004859,ウマ4859,セ,2021,加藤 楓,54.0,12,0.105,0.106,0.767,4
408,レース0408,2025-04-16,阪神,1400,DIRT,G2,1,1,H0004860,ウマ4860,セ,2021,伊藤 翼,54.0,21,0.104,0.144,0.57,4
408,レース0408,2025-04-16,阪神,1400,DIRT,G2,2,1,H0004861,ウマ4861,牡,2020,佐藤 健,54.0,6,0.251,0.231,0.372,6
408,レース0408,2025-04-16,阪神,1400,DIRT,G2,3,2,H0004862,ウマ4862,牡,2020,山本 陽,57.0,18,0.208,0.109,0.281,13
408,レース0408,2025-04-16,阪神,1400,DIRT,G2,4,2,H0004863,ウマ4863,牝,2022,佐藤 健,54.0,16,0.23,0.062,0.875,7
408,レース0408,2025-04-16,阪神,1400,DIRT,G2,5,3,H0004864,ウマ4864,牡,2020,伊藤 翼,58.0,3,0.274,0.182,0.831,2
408,レース0408,2025-04-16,阪神,1400,DIRT,G2,6,3,H0004865,ウマ4865,セ,2021,中村 駿,56.0,4,0.273,0.124,0.595,5
408,レース0408,2025-04-16,阪神,1400,DIRT,G2,7,4,H0004866,ウマ4866,牝,2020,渡辺 美咲,54.0,20,0.265,0.164,0.78,1
408,レース0408,2025-04-16,阪神,1400,DIRT,G2,8,4,H0004867,ウマ4867,牡,2020,伊藤 翼,58.0,13,0.15,0.037,0.586,9
408,レース0408,2025-04-16,阪神,1400,DIRT,G2,9,5,H0004868,ウマ4868,セ,2020,山本 陽,55.0,13,0.147,0.23,0.674,3
408,レース0408,2025-04-16,阪神,1400,DIRT,G2,10,5,H0004869,ウマ4869,牡,2021,中村 駿,57.0,22,0.028,0.059,0.87,10
408,レース0408,2025-04-16,阪神,1400,DIRT,G2,11,6,H0004870,ウマ4870,牝,2021,山本 陽,56.0,16,0.141,0.147,0.234,11
408,レース0408,2025-04-16,阪神,1400,DIRT,G2,12,6,H0004871,ウマ4871,牝,2021,渡辺 美咲,56.0,3,0.029,0.178,0.541,12
408,レース0408,2025-04-16,阪神,1400,DIRT,G2,13,7,H0004872,ウマ4872,牝,2020,中村 駿,56.0,21,0.286,0.146,0.457,8
409,レース0409,2025-06-28,中京,1200,DIRT,未勝利,1,1,H0004873,ウマ4873,牡,2021,加藤 楓,57.0,20,0.178,0.154,0.34,11
409,レース0409,2025-06-28,中京,1200,DIRT,未勝利,2,1,H0004874,ウマ4874,セ,2020,鈴木 花子,54.0,21,0.168,0.141,0.478,9
409,レース0409,2025-06-28,中京,1200,DIRT,未勝利,3,2,H0004875,ウマ4875,牝,2021,加藤 楓,54.0,15,0.022,0.13,0.359,12
409,レース0409,2025-06-28,中京,1200,DIRT,未勝利,4,2,H0004876,ウマ4876,セ,2021,鈴木 花子,54.0,12,0.353,0.156,0.421,5
409,レース0409,2025-06-28,中京,1200,DIRT,未勝利,5,3,H0004877,ウマ4877,セ,2021,小林 蓮,56.0,28,0.24,0.108,0.864,2
409,レース0409,2025-06-28,中京,1200,DIRT,未勝利,6,3,H0004878,ウマ4878,牡,2020,渡辺 美咲,54.0,29,0.364,0.088,0.39,3
409,レース0409,2025-06-28,中京,1200,DIRT,未勝利,7,4,H0004879,ウマ4879,牝,2022,小林 蓮,55.0,4,0.249,0.168,0.364,8
409,レース0409,2025-06-28,中京,1200,DIRT,未勝利,8,4,H0004880,ウマ4880,セ,2022,鈴木 花子,57.0,12,0.173,0.12,0.683,4
409,レース0409,2025-06-28,中京,1200,DIRT,未勝利,9,5,H0004881,ウマ4881,セ,2020,田中 一郎,58.0,16,0.295,0.218,1.0,1
409,レース0409,2025-06-28,中京,1200,DIRT,未勝利,10,5,H0004882,ウマ4882,セ,2021,佐藤 健,55.0,24,0.189,0.03,0.466,10
409,レース0409,2025-06-28,中京,1200,DIRT,未勝利,11,6,H0004883,ウマ4883,セ,2020,渡辺 美咲,57.0,11,0.29,0.102,0.432,6
409,レース0409,2025-06-28,中京,1200,DIRT,未勝利,12,6,H0004884,ウマ4884,牡,2021,中村 駿,54.0,3,0.098,0.17,0.688,7
410,レース0410,2025-01-15,阪神,1200,DIRT,G1,1,1,H0004885,ウマ4885,牝,2020,加藤 楓,56.0,23,0.277,0.097,0.613,4
410,レース0410,2025-01-15,阪神,1200,DIRT,G1,2,1,H0004886,ウマ4886,牝,2020,鈴木 花子,54.0,22,0.246,0.078,0.641,3
410,レース0410,2025-01-15,阪神,1200,DIRT,G1,3,2,H0004887,ウマ4887,牡,2021,高橋 大輔,56.0,3,0.156,0.042,0.685,7
410,レース0410,2025-01-15,阪神,1200,DIRT,G1,4,2,H0004888,ウマ4888,牡,2021,佐藤 健,55.0,26,0.316,0.194,0.477,5
410,レース0410,2025-01-15,阪神,1200,DIRT,G1,5,3,H0004889,ウマ4889,牝,2022,田中 一郎,57.0,19,0.112,0.174,0.583,1
410,レース0410,2025-01-15,阪神,1200,DIRT,G1,6,3,H0004890,ウマ4890,セ,2021,伊藤 翼,54.0,25,0.273,0.12,0.475,6
410,レース0410,2025-01-15,阪神,1200,DIRT,G1,7,4,H0004891,ウマ4891,セ,2020,鈴木 花子,58.0,8,0.0,0.152,0.323,9
410,レース0410,2025-01-15,阪神,1200,DIRT,G1,8,4,H0004892,ウマ4892,牡,2022,高橋 大輔,57.0,16,0.273,0.116,0.455,2
410,レース0410,2025-01-15,阪神,1200,DIRT,G1,9,5,H0004893,ウマ4893,セ,2020,鈴木 花子,56.0,30,0.193,0.135,0.503,8
411,レース0411,2025-12-08,中山,2400,TURF,1勝,1,1,H0004894,ウマ4894,セ,2021,山本 陽,56.0,6,0.171,0.095,0.584,4
411,レース0411,2025-12-08,中山,2400,TURF,1勝,2,1,H0004895,ウマ4895,牡,2022,中村 駿,57.0,28,0.143,0.175,0.793,3
411,レース0411,2025-12-08,中山,2400,TURF,1勝,3,2,H0004896,ウマ4896,セ,2020,中村 駿,57.0,30,0.091,0.191,0.505,6
411,レース0411,2025-12-08,中山,2400,TURF,1勝,4,2,H0004897,ウマ4897,牡,2020,田中 一郎,57.0,22,0.228,0.128,0.228,13
411,レース0411,2025-12-08,中山,2400,TURF,1勝,5,3,H0004898,ウマ4898,セ,2020,中村 駿,56.0,22,0.375,0.157,0.678,1
411,レース0411,2025-12-08,中山,2400,TURF,1勝,6,3,H0004899,ウマ4899,セ,2022,小林 蓮,55.0,6,0.166,0.198,0.162,10
411,レース0411,2025-12-08,中山,2400,TURF,1勝,7,4,H0004900,ウマ4900,牝,2020,田中 一郎,55.0,4,0.104,0.155,0.347,11
411,レース0411,2025-12-08,中山,2400,TURF,1勝,8,4,H0004901,ウマ4901,牡,2022,山本 陽,56.0,10,0.118,0.089,0.484,2
411,レース0411,2025-12-08,中山,2400,TURF,1勝,9,5,H0004902,ウマ4902,牡,2022,渡辺 美咲,56.0,29,0.247,0.211,0.465,7
411,レース0411,2025-12-08,中山,2400,TURF,1勝,10,5,H0004903,ウマ4903,牝,2021,山本 陽,57.0,30,0.125,0.088,0.487,9
411,レース0411,2025-12-08,中山,2400,TURF,1勝,11,6,H0004904,ウマ4904,牡,2021,伊藤 翼,56.0,17,0.061,0.152,0.44,12
411,レース0411,2025-12-08,中山,2400,TURF,1勝,12,6,H0004905,ウマ4905,牡,2021,小林 蓮,58.0,3,0.365,0.038,0.262,8
411,レース0411,2025-12-08,中山,2400,TURF,1勝,13,7,H0004906,ウマ4906,牝,2021,伊藤 翼,58.0,14,0.016,0.181,0.737,14
411,レース0411,2025-12-08,中山,2400,TURF,1勝,14,7,H0004907,ウマ4907,牡,2020,山本 陽,56.0,20,0.224,0.151,0.429,5
412,レース0412,2025-04-18,阪神,1600,DIRT,未勝利,1,1,H0004908,ウマ4908,牝,2020,中村 駿,56.0,8,0.039,0.129,0.55,13
412,レース0412,2025-04-18,阪神,1600,DIRT,未勝利,2,1,H0004909,ウマ4909,牡,2020,渡辺 美咲,56.0,25,0.074,0.126,0.591,10
412,レース0412,2025-04-18,阪神,1600,DIRT,未勝利,3,2,H0004910,ウマ4910,牝,2020,鈴木 花子,54.0,9,0.085,0.169,0.722,6
412,レース0412,2025-04-18,阪神,1600,DIRT,未勝利,4,2,H0004911,ウマ4911,セ,2021,田中 一郎,58.0,26,0.147,0.164,0.833,3
412,レース0412,2025-04-18,阪神,1600,DIRT,未勝利,5,3,H0004912,ウマ4912,牡,2022,伊藤 翼,58.0,5,0.258,0.108,0.644,2
412,レース0412,2025-04-18,阪神,1600,DIRT,未勝利,6,3,H0004913,ウマ4913,セ,2020,小林 蓮,55.0,11,0.095,0.126,0.674,11
412,レース0412,2025-04-18,阪神,1600,DIRT,未勝利,7,4,H0004914,ウマ4914,牝,2020,渡辺 美咲,56.0,16,0.221,0.12,0.511,4
412,レース0412,2025-04-18,阪神,1600,DIRT,未勝利,8,4,H0004915,ウマ4915,セ,2022,佐藤 健,55.0,28,0.006,0.076,0.625,12
412,レース0412,2025-04-18,阪神,1600,DIRT,未勝利,9,5,H0004916,ウマ4916,牡,2022,小林 蓮,58.0,29,0.338,0.14,0.321,8
412,レース0412,2025-04-18,阪神,1600,DIRT,未勝利,10,5,H0004917,ウマ4917,セ,2020,中村 駿,55.0,4,0.16,0.121,0.798,1
412,レース0412,2025-04-18,阪神,1600,DIRT,未勝利,11,6,H0004918,ウマ4918,牡,2021,鈴木 花子,54.0,9,0.127,0.108,0.639,7
412,レース0412,2025-04-18,阪神,1600,DIRT,未勝利,12,6,H0004919,ウマ4919,牡,2022,高橋 大輔,56.0,16,0.058,0.14,0.528,9
412,レース0412,2025-04-18,阪神,1600,DIRT,未勝利,13,7,H0004920,ウマ4920,牡,2021,渡辺 美咲,55.0,24,0.217,0.098,0.645,5
413,レース0413,2025-12-20,東京,2400,DIRT,2勝,1,1,H0004921,ウマ4921,セ,2022,渡辺 美咲,54.0,6,0.252,0.124,0.768,1
413,レース0413,2025-12-20,東京,2400,DIRT,2勝,2,1,H0004922,ウマ4922,牡,2022,小林 蓮,55.0,22,0.146,0.172,0.461,5
413,レース0413,2025-12-20,東京,2400,DIRT,2勝,3,2,H0004923,ウマ4923,牡,2021,佐藤 健,54.0,28,0.082,0.112,0.44,10
413,レース0413,2025-12-20,東京,2400,DIRT,2勝,4,2,H0004924,ウマ4924,セ,2022,高橋 大輔,55.0,6,0.214,0.147,0.431,4
413,レース0413,2025-12-20,東京,2400,DIRT,2勝,5,3,H0004925,ウマ4925,セ,2020,小林 蓮,58.0,3,0.133,0.088,0.569,6
413,レース0413,2025-12-20,東京,2400,DIRT,2勝,6,3,H0004926,ウマ4926,セ,2021,中村 駿,56.0,16,0.101,0.129,0.59,8
413,レース0413,2025-12-20,東京,2400,DIRT,2勝,7,4,H0004927,ウマ4927,牡,2021,渡辺 美咲,57.0,18,0.079,0.125,0.649,9
413,レース0413,2025-12-20,東京,2400,DIRT,2勝,8,4,H0004928,ウマ4928,セ,2020,渡辺 美咲,57.0,9,0.059,0.123,0.306,11
413,レース0413,2025-12-20,東京,2400,DIRT,2勝,9,5,H0004929,ウマ4929,牡,2020,高橋 大輔,58.0,30,0.282,0.12,0.21,2
413,レース0413,2025-12-20,東京,2400,DIRT,2勝,10,5,H0004930,ウマ4930,セ,2022,佐藤 健,54.0,12,0.148,0.184,0.604,3
413,レース0413,2025-12-20,東京,2400,DIRT,2勝,11,6,H0004931,ウマ4931,牝,2020,鈴木 花子,58.0,3,0.152,0.134,0.485,7
414,レース0414,2025-09-22,阪神,1800,TURF,未勝利,1,1,H0004932,ウマ4932,セ,2022,中村 駿,54.0,3,0.101,0.163,0.781,4
414,レース0414,2025-09-22,阪神,1800,TURF,未勝利,2,1,H0004933,ウマ4933,セ,2020,佐藤 健,58.0,18,0.335,0.137,0.834,1
414,レース0414,2025-09-22,阪神,1800,TURF,未勝利,3,2,H0004934,ウマ4934,セ,2022,伊藤 翼,55.0,15,0.075,0.093,0.468,16
414,レース0414,2025-09-22,阪神,1800,TURF,未勝利,4,2,H0004935,ウマ4935,牡,2022,伊藤 翼,57.0,6,0.089,0.233,0.275,14
414,レース0414,2025-09-22,阪神,1800,TURF,未勝利,5,3,H0004936,ウマ4936,牝,2020,高橋 大輔,57.0,6,0.253,0.095,0.337,2
414,レース0414,2025-09-22,阪神,1800,TURF,未勝利,6,3,H0004937,ウマ4937,牝,2022,伊藤 翼,54.0,11,0.211,0.135,0.604,7
414,レース0414,2025-09-22,阪神,1800,TURF,未勝利,7,4,H0004938,ウマ4938,牝,2022,高橋 大輔,58.0,9,0.292,0.253,0.263,10
414,レース0414,2025-09-22,阪神,1800,TURF,未勝利,8,4,H0004939,ウマ4939,セ,2020,中村 駿,57.0,4,0.174,0.237,0.477,6
414,レース0414,2025-09-22,阪神,1800,TURF,未勝利,9,5,H0004940,ウマ4940,牝,2022,中村 駿,58.0,26,0.26,0.144,0.665,5
414,レース0414,2025-09-22,阪神,1800,TURF,未勝利,10,5,H0004941,ウマ4941,セ,2021,高橋 大輔,58.0,23,0.169,0.088,0.44,13
414,レース0414,2025-09-22,阪神,1800,TURF,未勝利,11,6,H0004942,ウマ4942,セ,2020,小林 蓮,58.0,19,0.296,0.188,0.582,11
414,レース0414,2025-09-22,阪神,1800,TURF,未勝利,12,6,H0004943,ウマ4943,牡,2021,加藤 楓,55.0,19,0.294,0.251,0.596,3
414,レース0414,2025-09-22,阪神,1800,TURF,未勝利,13,7,H0004944,ウマ4944,牝,2021,加藤 楓,54.0,23,0.041,0.089,0.553,15
414,レース0414,2025-09-22,阪神,1800,TURF,未勝利,14,7,H0004945,ウマ4945,牡,2021,渡辺 美咲,56.0,15,0.284,0.171,0.285,9
414,レース0414,2025-09-22,阪神,1800,TURF,未勝利,15,8,H0004946,ウマ4946,セ,2021,高橋 大輔,58.0,9,0.233,0.169,0.534,8
414,レース0414,2025-09-22,阪神,1800,TURF,未勝利,16,8,H0004947,ウマ4947,セ,2021,中村 駿,54.0,16,0.234,0.08,0.361,12
415,レース0415,2025-09-09,東京,1200,DIRT,未勝利,1,1,H0004948,ウマ4948,牝,2021,小林 蓮,54.0,12,0.153,0.119,0.372,7
415,レース0415,2025-09-09,東京,1200,DIRT,未勝利,2,1,H0004949,ウマ4949,牝,2021,渡辺 美咲,57.0,23,0.106,0.157,0.734,5
415,レース0415,2025-09-09,東京,1200,DIRT,未勝利,3,2,H0004950,ウマ4950,牝,2022,中村 駿,56.0,15,0.263,0.206,0.825,2
415,レース0415,2025-09-09,東京,1200,DIRT,未勝利,4,2,H0004951,ウマ4951,セ,2021,小林 蓮,57.0,22,0.062,0.149,0.496,9
415,レース0415,2025-09-09,東京,1200,DIRT,未勝利,5,3,H0004952,ウマ4952,牝,2020,高橋 大輔,54.0,19,0.167,0.123,0.74,6
415,レース0415,2025-09-09,東京,1200,DIRT,未勝利,6,3,H0004953,ウマ4953,牡,2022,佐藤 健,58.0,28,0.254,0.198,0.756,1
415,レース0415,2025-09-09,東京,1200,DIRT,未勝利,7,4,H0004954,ウマ4954,牡,2020,渡辺 美咲,58.0,23,0.13,0.148,0.763,4
415,レース0415,2025-09-09,東京,1200,DIRT,未勝利,8,4,H0004955,ウマ4955,牝,2020,田中 一郎,58.0,10,0.249,0.094,0.362,8
415,レース0415,2025-09-09,東京,1200,DIRT,未勝利,9,5,H0004956,ウマ4956,牡,2022,伊藤 翼,56.0,9,0.179,0.099,0.684,3
415,レース0415,2025-09-09,東京,1200,DIRT,未勝利,10,5,H0004957,ウマ4957,牡,2021,高橋 大輔,58.0,23,0.0,0.137,0.457,10
416,レース0416,2025-12-03,東京,1200,DIRT,G1,1,1,H0004958,ウマ4958,セ,2020,山本 陽,56.0,28,0.016,0.161,0.703,2
416,レース0416,2025-12-03,東京,1200,DIRT,G1,2,1,H0004959,ウマ4959,セ,2020,中村 駿,54.0,15,0.113,0.147,0.598,10
416,レース0416,2025-12-03,東京,1200,DIRT,G1,3,2,H0004960,ウマ4960,牝,2022,高橋 大輔,56.0,4,0.066,0.084,0.76,9
416,レース0416,2025-12-03,東京,1200,DIRT,G1,4,2,H0004961,ウマ4961,セ,2021,伊藤 翼,57.0,30,0.276,0.149,0.409,8
416,レース0416,2025-12-03,東京,1200,DIRT,G1,5,3,H0004962,ウマ4962,牝,2020,佐藤 健,54.0,13,0.172,0.135,0.275,6
416,レース0416,2025-12-03,東京,1200,DIRT,G1,6,3,H0004963,ウマ4963,牡,2020,鈴木 花子,55.0,16,0.122,0.076,0.17,13
416,レース0416,2025-12-03,東京,1200,DIRT,G1,7,4,H0004964,ウマ4964,牡,2020,小林 蓮,57.0,4,0.172,0.178,0.541,4
416,レース0416,2025-12-03,東京,1200,DIRT,G1,8,4,H0004965,ウマ4965,牡,2020,伊藤 翼,54.0,3,0.085,0.076,0.226,11
416,レース0416,2025-12-03,東京,1200,DIRT,G1,9,5,H0004966,ウマ4966,牡,2020,小林 蓮,54.0,16,0.291,0.1,0.42,5
416,レース0416,2025-12-03,東京,1200,DIRT,G1,10,5,H0004967,ウマ4967,牝,2021,佐藤 健,56.0,16,0.238,0.109,0.463,1
416,レース0416,2025-12-03,東京,1200,DIRT,G1,11,6,H0004968,ウマ4968,牡,2021,小林 蓮,54.0,18,0.289,0.079,0.196,7
416,レース0416,2025-12-03,東京,1200,DIRT,G1,12,6,H0004969,ウマ4969,セ,2022,渡辺 美咲,55.0,9,0.147,0.096,0.711,3
416,レース0416,2025-12-03,東京,1200,DIRT,G1,13,7,H0004970,ウマ4970,牝,2021,渡辺 美咲,58.0,22,0.225,0.101,0.05,12
417,レース0417,2025-01-09,阪神,2000,DIRT,G3,1,1,H0004971,ウマ4971,牡,2020,田中 一郎,58.0,28,0.158,0.056,0.629,9
417,レース0417,2025-01-09,阪神,2000,DIRT,G3,2,1,H0004972,ウマ4972,牡,2022,高橋 大輔,56.0,23,0.144,0.163,0.412,12
417,レース0417,2025-01-09,阪神,2000,DIRT,G3,3,2,H0004973,ウマ4973,牝,2020,高橋 大輔,56.0,27,0.227,0.124,0.743,5
417,レース0417,2025-01-09,阪神,2000,DIRT,G3,4,2,H0004974,ウマ4974,牝,2022,中村 駿,56.0,18,0.155,0.124,0.451,15
417,レース0417,2025-01-09,阪神,2000,DIRT,G3,5,3,H0004975,ウマ4975,牡,2021,中村 駿,57.0,26,0.129,0.054,0.593,6
417,レース0417,2025-01-09,阪神,2000,DIRT,G3,6,3,H0004976,ウマ4976,セ,2022,高橋 大輔,55.0,24,0.159,0.12,0.798,2
417,レース0417,2025-01-09,阪神,2000,DIRT,G3,7,4,H0004977,ウマ4977,セ,2022,小林 蓮,54.0,20,0.186,0.107,0.602,13
417,レース0417,2025-01-09,阪神,2000,DIRT,G3,8,4,H0004978,ウマ4978,セ,2022,高橋 大輔,58.0,5,0.091,0.093,1.0,4
417,レース0417,2025-01-09,阪神,2000,DIRT,G3,9,5,H0004979,ウマ4979,牝,2022,小林 蓮,57.0,27,0.129,0.157,0.704,10
417,レース0417,2025-01-09,阪神,2000,DIRT,G3,10,5,H0004980,ウマ4980,セ,2020,田中 一郎,55.0,13,0.253,0.237,0.676,3
417,レース0417,2025-01-09,阪神,2000,DIRT,G3,11,6,H0004981,ウマ4981,牡,2021,渡辺 美咲,58.0,15,0.117,0.086,0.48,14
417,レース0417,2025-01-09,阪神,2000,DIRT,G3,12,6,H0004982,ウマ4982,牡,2021,高橋 大輔,55.0,11,0.163,0.115,0.623,1
417,レース0417,2025-01-09,阪神,2000,DIRT,G3,13,7,H0004983,ウマ4983,セ,2020,鈴木 花子,54.0,26,0.157,0.208,0.509,11
417,レース0417,2025-01-09,阪神,2000,DIRT,G3,14,7,H0004984,ウマ4984,牝,2022,伊藤 翼,56.0,30,0.184,0.133,0.71,8
417,レース0417,2025-01-09,阪神,2000,DIRT,G3,15,8,H0004985,ウマ4985,牡,2020,鈴木 花子,54.0,28,0.172,0.139,0.0,16
417,レース0417,2025-01-09,阪神,2000,DIRT,G3,16,8,H0004986,ウマ4986,セ,2022,鈴木 花子,55.0,13,0.232,0.175,0.628,7
418,レース0418,2025-08-21,京都,2000,DIRT,OP,1,1,H0004987,ウマ4987,牝,2022,田中 一郎,57.0,23,0.209,0.127,0.881,5
418,レース0418,2025-08-21,京都,2000,DIRT,OP,2,1,H0004988,ウマ4988,牝,2020,伊藤 翼,55.0,25,0.243,0.108,0.605,6
418,レース0418,2025-08-21,京都,2000,DIRT,OP,3,2,H0004989,ウマ4989,牡,2021,山本 陽,56.0,19,0.096,0.059,0.645,7
418,レース0418,2025-08-21,京都,2000,DIRT,OP,4,2,H0004990,ウマ4990,セ,2022,高橋 大輔,54.0,17,0.176,0.207,0.646,3
418,レース0418,2025-08-21,京都,2000,DIRT,OP,5,3,H0004991,ウマ4991,セ,2021,高橋 大輔,55.0,15,0.094,0.093,0.389,10
418,レース0418,2025-08-21,京都,2000,DIRT,OP,6,3,H0004992,ウマ4992,牝,2021,鈴木 花子,58.0,30,0.183,0.108,0.515,8
418,レース0418,2025-08-21,京都,2000,DIRT,OP,7,4,H0004993,ウマ4993,セ,2022,佐藤 健,56.0,19,0.128,0.07,0.315,12
418,レース0418,2025-08-21,京都,2000,DIRT,OP,8,4,H0004994,ウマ4994,牝,2021,鈴木 花子,58.0,13,0.0,0.176,0.832,9
418,レース0418,2025-08-21,京都,2000,DIRT,OP,9,5,H0004995,ウマ4995,セ,2022,小林 蓮,57.0,6,0.086,0.09,0.758,4
418,レース0418,2025-08-21,京都,2000,DIRT,OP,10,5,H0004996,ウマ4996,牡,2020,小林 蓮,55.0,21,0.359,0.101,0.674,1
418,レース0418,2025-08-21,京都,2000,DIRT,OP,11,6,H0004997,ウマ4997,牝,2021,鈴木 花子,56.0,22,0.24,0.117,0.583,2
418,レース0418,2025-08-21,京都,2000,DIRT,OP,12,6,H0004998,ウマ4998,セ,2020,佐藤 健,57.0,6,0.12,0.171,0.289,11
419,レース0419,2025-09-14,東京,1400,TURF,未勝利,1,1,H0004999,ウマ4999,牝,2020,田中 一郎,58.0,14,0.136,0.194,0.203,8
419,レース0419,2025-09-14,東京,1400,TURF,未勝利,2,1,H0005000,ウマ5000,セ,2020,中村 駿,56.0,9,0.107,0.149,0.614,6
419,レース0419,2025-09-14,東京,1400,TURF,未勝利,3,2,H0005001,ウマ5001,牝,2022,高橋 大輔,57.0,8,0.295,0.174,0.489,1
419,レース0419,2025-09-14,東京,1400,TURF,未勝利,4,2,H0005002,ウマ5002,セ,2020,小林 蓮,58.0,12,0.235,0.123,0.349,3
419,レース0419,2025-09-14,東京,1400,TURF,未勝利,5,3,H0005003,ウマ5003,牝,2021,高橋 大輔,58.0,5,0.108,0.051,0.567,7
419,レース0419,2025-09-14,東京,1400,TURF,未勝利,6,3,H0005004,ウマ5004,牡,2022,小林 蓮,55.0,7,0.124,0.222,0.722,2
419,レース0419,2025-09-14,東京,1400,TURF,未勝利,7,4,H0005005,ウマ5005,セ,2021,伊藤 翼,54.0,23,0.193,0.121,0.439,5
419,レース0419,2025-09-14,東京,1400,TURF,未勝利,8,4,H0005006,ウマ5006,セ,2021,伊藤 翼,54.0,13,0.289,0.059,0.343,4
420,レース0420,2025-09-09,中山,2400,DIRT,OP,1,1,H0005007,ウマ5007,セ,2020,渡辺 美咲,57.0,17,0.298,0.133,0.858,1
420,レース0420,2025-09-09,中山,2400,DIRT,OP,2,1,H0005008,ウマ5008,牡,2022,小林 蓮,57.0,4,0.11,0.152,0.447,13
420,レース0420,2025-09-09,中山,2400,DIRT,OP,3,2,H0005009,ウマ5009,牡,2020,加藤 楓,54.0,16,0.161,0.152,0.389,9
420,レース0420,2025-09-09,中山,2400,DIRT,OP,4,2,H0005010,ウマ5010,牡,2021,伊藤 翼,57.0,29,0.158,0.03,0.73,10
420,レース0420,2025-09-09,中山,2400,DIRT,OP,5,3,H0005011,ウマ5011,セ,2021,中村 駿,57.0,28,0.175,0.078,0.619,4
420,レース0420,2025-09-09,中山,2400,DIRT,OP,6,3,H0005012,ウマ5012,牝,2020,伊藤 翼,56.0,3,0.169,0.152,0.555,12
420,レース0420,2025-09-09,中山,2400,DIRT,OP,7,4,H0005013,ウマ5013,セ,2021,小林 蓮,56.0,14,0.18,0.128,0.654,7
420,レース0420,2025-09-09,中山,2400,DIRT,OP,8,4,H0005014,ウマ5014,牝,2020,佐藤 健,57.0,21,0.3,0.067,0.675,3
420,レース0420,2025-09-09,中山,2400,DIRT,OP,9,5,H0005015,ウマ5015,セ,2021,山本 陽,56.0,3,0.116,0.085,0.454,14
420,レース0420,2025-09-09,中山,2400,DIRT,OP,10,5,H0005016,ウマ5016,牡,2022,伊藤 翼,55.0,30,0.325,0.154,0.238,11
420,レース0420,2025-09-09,中山,2400,DIRT,OP,11,6,H0005017,ウマ5017,牡,2021,渡辺 美咲,54.0,10,0.055,0.165,0.758,2
420,レース0420,2025-09-09,中山,2400,DIRT,OP,12,6,H0005018,ウマ5018,牡,2021,高橋 大輔,55.0,27,0.274,0.193,0.239,6
420,レース0420,2025-09-09,中山,2400,DIRT,OP,13,7,H0005019,ウマ5019,牡,2022,中村 駿,57.0,7,0.233,0.1,0.548,5
420,レース0420,2025-09-09,中山,2400,DIRT,OP,14,7,H0005020,ウマ5020,牝,2020,渡辺 美咲,58.0,30,0.18,0.114,0.519,8
421,レース0421,2025-07-04,阪神,1200,TURF,1勝,1,1,H0005021,ウマ5021,牡,2021,鈴木 花子,54.0,6,0.156,0.14,0.218,5
421,レース0421,2025-07-04,阪神,1200,TURF,1勝,2,1,H0005022,ウマ5022,牝,2022,高橋 大輔,57.0,6,0.254,0.037,0.635,2
421,レース0421,2025-07-04,阪神,1200,TURF,1勝,3,2,H0005023,ウマ5023,牡,2022,小林 蓮,58.0,11,0.0,0.052,0.511,7
421,レース0421,2025-07-04,阪神,1200,TURF,1勝,4,2,H0005024,ウマ5024,セ,2020,田中 一郎,55.0,19,0.192,0.06,0.325,6
421,レース0421,2025-07-04,阪神,1200,TURF,1勝,5,3,H0005025,ウマ5025,セ,2022,加藤 楓,57.0,7,0.129,0.079,0.268,4
421,レース0421,2025-07-04,阪神,1200,TURF,1勝,6,3,H0005026,ウマ5026,セ,2022,中村 駿,56.0,20,0.165,0.129,0.676,1
421,レース0421,2025-07-04,阪神,1200,TURF,1勝,7,4,H0005027,ウマ5027,セ,2020,田中 一郎,58.0,30,0.063,0.03,0.42,8
421,レース0421,2025-07-04,阪神,1200,TURF,1勝,8,4,H0005028,ウマ5028,牝,2021,小林 蓮,57.0,29,0.203,0.132,0.502,3
422,レース0422,2025-04-28,中京,1200,DIRT,G2,1,1,H0005029,ウマ5029,牝,2021,小林 蓮,54.0,27,0.195,0.03,0.284,12
422,レース0422,2025-04-28,中京,1200,DIRT,G2,2,1,H0005030,ウマ5030,牡,2022,佐藤 健,56.0,12,0.298,0.115,0.083,13
422,レース0422,2025-04-28,中京,1200,DIRT,G2,3,2,H0005031,ウマ5031,牝,2020,中村 駿,54.0,28,0.181,0.079,0.789,4
422,レース0422,2025-04-28,中京,1200,DIRT,G2,4,2,H0005032,ウマ5032,牡,2022,鈴木 花子,55.0,14,0.131,0.1,0.757,7
422,レース0422,2025-04-28,中京,1200,DIRT,G2,5,3,H0005033,ウマ5033,牡,2022,山本 陽,54.0,5,0.257,0.102,0.596,3
422,レース0422,2025-04-28,中京,1200,DIRT,G2,6,3,H0005034,ウマ5034,牝,2022,田中 一郎,54.0,3,0.437,0.09,0.712,1
422,レース0422,2025-04-28,中京,1200,DIRT,G2,7,4,H0005035,ウマ5035,牝,2020,渡辺 美咲,56.0,24,0.164,0.183,0.733,8
422,レース0422,2025-04-28,中京,1200,DIRT,G2,8,4,H0005036,ウマ5036,牡,2022,伊藤 翼,54.0,7,0.209,0.136,0.488,11
422,レース0422,2025-04-28,中京,1200,DIRT,G2,9,5,H0005037,ウマ5037,セ,2020,中村 駿,54.0,28,0.064,0.132,0.851,6
422,レース0422,2025-04-28,中京,1200,DIRT,G2,10,5,H0005038,ウマ5038,牝,2022,田中 一郎,54.0,23,0.28,0.167,0.347,9
422,レース0422,2025-04-28,中京,1200,DIRT,G2,11,6,H0005039,ウマ5039,牡,2021,中村 駿,56.0,30,0.0,0.183,0.962,10
422,レース0422,2025-04-28,中京,1200,DIRT,G2,12,6,H0005040,ウマ5040,セ,2020,山本 陽,57.0,11,0.281,0.126,0.47,5
422,レース0422,2025-04-28,中京,1200,DIRT,G2,13,7,H0005041,ウマ5041,牝,2022,加藤 楓,58.0,26,0.183,0.133,0.705,2
423,レース0423,2025-05-20,中京,1600,TURF,G1,1,1,H0005042,ウマ5042,牝,2022,小林 蓮,58.0,8,0.115,0.095,0.384,8
423,レース0423,2025-05-20,中京,1600,TURF,G1,2,1,H0005043,ウマ5043,セ,2021,鈴木 花子,56.0,17,0.178,0.136,0.565,12
423,レース0423,2025-05-20,中京,1600,TURF,G1,3,2,H0005044,ウマ5044,牡,2022,伊藤 翼,57.0,22,0.239,0.093,0.738,7
423,レース0423,2025-05-20,中京,1600,TURF,G1,4,2,H0005045,ウマ5045,セ,2021,加藤 楓,54.0,9,0.111,0.239,0.323,11
423,レース0423,2025-05-20,中京,1600,TURF,G1,5,3,H0005046,ウマ5046,牡,2020,佐藤 健,58.0,30,0.243,0.15,0.705,4
423,レース0423,2025-05-20,中京,1600,TURF,G1,6,3,H0005047,ウマ5047,牝,2021,小林 蓮,55.0,4,0.239,0.091,0.648,1
423,レース0423,2025-05-20,中京,1600,TURF,G1,7,4,H0005048,ウマ5048,牡,2020,山本 陽,55.0,24,0.383,0.066,0.504,5
423,レース0423,2025-05-20,中京,1600,TURF,G1,8,4,H0005049,ウマ5049,牡,2020,高橋 大輔,56.0,19,0.174,0.048,0.526,10
423,レース0423,2025-05-20,中京,1600,TURF,G1,9,5,H0005050,ウマ5050,牝,2021,中村 駿,56.0,22,0.318,0.113,0.483,6
423,レース0423,2025-05-20,中京,1600,TURF,G1,10,5,H0005051,ウマ5051,セ,2021,渡辺 美咲,54.0,28,0.173,0.153,0.905,3
423,レース0423,2025-05-20,中京,1600,TURF,G1,11,6,H0005052,ウマ5052,牡,2022,高橋 大輔,55.0,22,0.141,0.159,0.534,9
423,レース0423,2025-05-20,中京,1600,TURF,G1,12,6,H0005053,ウマ5053,セ,2020,佐藤 健,56.0,11,0.135,0.131,0.504,13
423,レース0423,2025-05-20,中京,1600,TURF,G1,13,7,H0005054,ウマ5054,セ,2021,小林 蓮,54.0,28,0.229,0.137,0.828,2
424,レース0424,2025-08-07,京都,1400,DIRT,G1,1,1,H0005055,ウマ5055,セ,2022,田中 一郎,56.0,12,0.246,0.098,0.832,4
424,レース0424,2025-08-07,京都,1400,DIRT,G1,2,1,H0005056,ウマ5056,セ,2022,佐藤 健,56.0,19,0.191,0.136,0.442,13
424,レース0424,2025-08-07,京都,1400,DIRT,G1,3,2,H0005057,ウマ5057,セ,2022,小林 蓮,55.0,3,0.118,0.163,0.439,11
424,レース0424,2025-08-07,京都,1400,DIRT,G1,4,2,H0005058,ウマ5058,牝,2022,小林 蓮,55.0,26,0.259,0.14,0.184,12
424,レース0424,2025-08-07,京都,1400,DIRT,G1,5,3,H0005059,ウマ5059,牡,2021,佐藤 健,55.0,27,0.184,0.14,0.706,6
424,レース0424,2025-08-07,京都,1400,DIRT,G1,6,3,H0005060,ウマ5060,牝,2021,田中 一郎,54.0,5,0.211,0.153,0.82,2
424,レース0424,2025-08-07,京都,1400,DIRT,G1,7,4,H0005061,ウマ5061,牡,2021,鈴木 花子,54.0,29,0.232,0.147,0.832,1
424,レース0424,2025-08-07,京都,1400,DIRT,G1,8,4,H0005062,ウマ5062,牝,2021,加藤 楓,57.0,19,0.341,0.164,0.467,7
424,レース0424,2025-08-07,京都,1400,DIRT,G1,9,5,H0005063,ウマ5063,セ,2022,小林 蓮,57.0,3,0.149,0.081,0.543,5
424,レース0424,2025-08-07,京都,1400,DIRT,G1,10,5,H0005064,ウマ5064,牡,2022,山本 陽,56.0,20,0.141,0.032,0.494,14
424,レース0424,2025-08-07,京都,1400,DIRT,G1,11,6,H0005065,ウマ5065,セ,2021,渡辺 美咲,55.0,17,0.177,0.11,0.596,3
424,レース0424,2025-08-07,京都,1400,DIRT,G1,12,6,H0005066,ウマ5066,牝,2021,伊藤 翼,55.0,28,0.226,0.112,0.392,10
424,レース0424,2025-08-07,京都,1400,DIRT,G1,13,7,H0005067,ウマ5067,牡,2020,加藤 楓,55.0,24,0.169,0.154,0.261,9
424,レース0424,2025-08-07,京都,1400,DIRT,G1,14,7,H0005068,ウマ5068,セ,2021,佐藤 健,57.0,21,0.033,0.141,0.69,8
425,レース0425,2025-08-03,東京,2000,TURF,G1,1,1,H0005069,ウマ5069,セ,2020,山本 陽,57.0,22,0.006,0.093,0.265,14
425,レース0425,2025-08-03,東京,2000,TURF,G1,2,1,H0005070,ウマ5070,セ,2020,加藤 楓,57.0,26,0.321,0.128,0.62,3
425,レース0425,2025-08-03,東京,2000,TURF,G1,3,2,H0005071,ウマ5071,牝,2020,伊藤 翼,58.0,25,0.209,0.152,0.192,1
425,レース0425,2025-08-03,東京,2000,TURF,G1,4,2,H0005072,ウマ5072,牡,2020,高橋 大輔,57.0,16,0.345,0.153,0.747,2
425,レース0425,2025-08-03,東京,2000,TURF,G1,5,3,H0005073,ウマ5073,牝,2022,田中 一郎,57.0,24,0.106,0.072,0.395,11
425,レース0425,2025-08-03,東京,2000,TURF,G1,6,3,H0005074,ウマ5074,牝,2020,加藤 楓,54.0,19,0.274,0.07,0.429,12
425,レース0425,2025-08-03,東京,2000,TURF,G1,7,4,H0005075,ウマ5075,セ,2021,田中 一郎,58.0,19,0.066,0.111,0.553,9
425,レース0425,2025-08-03,東京,2000,TURF,G1,8,4,H0005076,ウマ5076,牝,2022,佐藤 健,54.0,9,0.175,0.224,0.706,6
425,レース0425,2025-08-03,東京,2000,TURF,G1,9,5,H0005077,ウマ5077,牝,2022,加藤 楓,54.0,12,0.174,0.119,0.585,8
425,レース0425,2025-08-03,東京,2000,TURF,G1,10,5,H0005078,ウマ5078,牝,2020,鈴木 花子,55.0,29,0.089,0.124,0.858,5
425,レース0425,2025-08-03,東京,2000,TURF,G1,11,6,H0005079,ウマ5079,牡,2022,高橋 大輔,57.0,27,0.21,0.18,0.621,4
425,レース0425,2025-08-03,東京,2000,TURF,G1,12,6,H0005080,ウマ5080,セ,2020,伊藤 翼,54.0,10,0.043,0.204,0.45,13
425,レース0425,2025-08-03,東京,2000,TURF,G1,13,7,H0005081,ウマ5081,牝,2021,中村 駿,57.0,19,0.105,0.127,0.568,10
425,レース0425,2025-08-03,東京,2000,TURF,G1,14,7,H0005082,ウマ5082,セ,2020,鈴木 花子,54.0,28,0.334,0.122,0.413,7
426,レース0426,2025-10-03,阪神,1800,DIRT,G3,1,1,H0005083,ウマ5083,セ,2021,伊藤 翼,57.0,15,0.148,0.055,0.562,14
426,レース0426,2025-10-03,阪神,1800,DIRT,G3,2,1,H0005084,ウマ5084,牡,2021,加藤 楓,55.0,6,0.226,0.147,0.553,9
426,レース0426,2025-10-03,阪神,1800,DIRT,G3,3,2,H0005085,ウマ5085,牝,2022,加藤 楓,55.0,20,0.038,0.157,0.449,15
426,レース0426,2025-10-03,阪神,1800,DIRT,G3,4,2,H0005086,ウマ5086,牡,2020,中村 駿,56.0,9,0.311,0.147,0.59,2
426,レース0426,2025-10-03,阪神,1800,DIRT,G3,5,3,H0005087,ウマ5087,牝,2020,加藤 楓,57.0,21,0.249,0.136,0.48,10
426,レース0426,2025-10-03,阪神,1800,DIRT,G3,6,3,H0005088,ウマ5088,牡,2020,鈴木 花子,55.0,17,0.212,0.182,0.692,7
426,レース0426,2025-10-03,阪神,1800,DIRT,G3,7,4,H0005089,ウマ5089,牡,2020,高橋 大輔,57.0,20,0.042,0.073,0.553,12
426,レース0426,2025-10-03,阪神,1800,DIRT,G3,8,4,H0005090,ウマ5090,牡,2020,山本 陽,57.0,23,0.147,0.119,0.492,4
426,レース0426,2025-10-03,阪神,1800,DIRT,G3,9,5,H0005091,ウマ5091,牝,2021,山本 陽,54.0,15,0.323,0.062,0.754,3
426,レース0426,2025-10-03,阪神,1800,DIRT,G3,10,5,H0005092,ウマ5092,牝,2021,佐藤 健,57.0,18,0.246,0.198,0.689,6
426,レース0426,2025-10-03,阪神,1800,DIRT,G3,11,6,H0005093,ウマ5093,牡,2021,高橋 大輔,58.0,25,0.25,0.189,0.539,1
426,レース0426,2025-10-03,阪神,1800,DIRT,G3,12,6,H0005094,ウマ5094,牡,2021,田中 一郎,55.0,6,0.208,0.089,0.206,16
426,レース0426,2025-10-03,阪神,1800,DIRT,G3,13,7,H0005095,ウマ5095,セ,2021,中村 駿,54.0,6,0.316,0.108,0.409,11
426,レース0426,2025-10-03,阪神,1800,DIRT,G3,14,7,H0005096,ウマ5096,セ,2021,鈴木 花子,56.0,9,0.218,0.117,0.554,5
426,レース0426,2025-10-03,阪神,1800,DIRT,G3,15,8,H0005097,ウマ5097,セ,2020,伊藤 翼,54.0,3,0.188,0.155,0.387,8
426,レース0426,2025-10-03,阪神,1800,DIRT,G3,16,8,H0005098,ウマ5098,セ,2022,中村 駿,55.0,16,0.127,0.108,0.561,13
427,レース0427,2025-04-26,中山,2000,TURF,G1,1,1,H0005099,ウマ5099,牡,2022,鈴木 花子,57.0,21,0.081,0.179,0.108,13
427,レース0427,2025-04-26,中山,2000,TURF,G1,2,1,H0005100,ウマ5100,セ,2021,鈴木 花子,54.0,15,0.156,0.105,0.743,6
427,レース0427,2025-04-26,中山,2000,TURF,G1,3,2,H0005101,ウマ5101,牡,2022,鈴木 花子,56.0,11,0.235,0.168,0.499,4
427,レース0427,2025-04-26,中山,2000,TURF,G1,4,2,H0005102,ウマ5102,牝,2022,渡辺 美咲,54.0,30,0.21,0.126,0.562,5
427,レース0427,2025-04-26,中山,2000,TURF,G1,5,3,H0005103,ウマ5103,セ,2021,佐藤 健,56.0,4,0.239,0.08,0.421,7
427,レース0427,2025-04-26,中山,2000,TURF,G1,6,3,H0005104,ウマ5104,牡,2020,田中 一郎,58.0,6,0.052,0.149,0.599,11
427,レース0427,2025-04-26,中山,2000,TURF,G1,7,4,H0005105,ウマ5105,セ,2020,山本 陽,58.0,6,0.121,0.163,0.367,12
427,レース0427,2025-04-26,中山,2000,TURF,G1,8,4,H0005106,ウマ5106,牝,2020,山本 陽,54.0,8,0.113,0.181,0.304,9
427,レース0427,2025-04-26,中山,2000,TURF,G1,9,5,H0005107,ウマ5107,牡,2021,佐藤 健,54.0,24,0.03,0.199,0.384,10
427,レース0427,2025-04-26,中山,2000,TURF,G1,10,5,H0005108,ウマ5108,牝,2020,山本 陽,58.0,24,0.194,0.174,0.753,1
427,レース0427,2025-04-26,中山,2000,TURF,G1,11,6,H0005109,ウマ5109,セ,2021,佐藤 健,58.0,3,0.094,0.152,0.815,2
427,レース0427,2025-04-26,中山,2000,TURF,G1,12,6,H0005110,ウマ5110,牡,2020,高橋 大輔,58.0,15,0.055,0.133,0.562,3
427,レース0427,2025-04-26,中山,2000,TURF,G1,13,7,H0005111,ウマ5111,牝,2020,小林 蓮,56.0,6,0.197,0.085,0.513,8
428,レース0428,2025-05-12,京都,1400,DIRT,G2,1,1,H0005112,ウマ5112,牡,2020,山本 陽,58.0,3,0.265,0.089,0.468,1
428,レース0428,2025-05-12,京都,1400,DIRT,G2,2,1,H0005113,ウマ5113,牝,2020,小林 蓮,56.0,25,0.322,0.12,0.431,7
428,レース0428,2025-05-12,京都,1400,DIRT,G2,3,2,H0005114,ウマ5114,牡,2022,田中 一郎,57.0,21,0.262,0.155,0.656,2
428,レース0428,2025-05-12,京都,1400,DIRT,G2,4,2,H0005115,ウマ5115,牝,2022,伊藤 翼,54.0,17,0.127,0.126,0.435,13
428,レース0428,2025-05-12,京都,1400,DIRT,G2,5,3,H0005116,ウマ5116,牝,2020,小林 蓮,57.0,4,0.296,0.222,0.638,6
428,レース0428,2025-05-12,京都,1400,DIRT,G2,6,3,H0005117,ウマ5117,牡,2022,鈴木 花子,56.0,9,0.183,0.122,0.601,3
428,レース0428,2025-05-12,京都,1400,DIRT,G2,7,4,H0005118,ウマ5118,牡,2022,田中 一郎,57.0,21,0.229,0.129,0.63,8
428,レース0428,2025-05-12,京都,1400,DIRT,G2,8,4,H0005119,ウマ5119,牡,2021,山本 陽,54.0,4,0.063,0.224,0.409,15
428,レース0428,2025-05-12,京都,1400,DIRT,G2,9,5,H0005120,ウマ5120,牡,2021,高橋 大輔,58.0,22,0.184,0.093,0.733,10
428,レース0428,2025-05-12,京都,1400,DIRT,G2,10,5,H0005121,ウマ5121,セ,2020,山本 陽,54.0,16,0.223,0.21,0.409,12
428,レース0428,2025-05-12,京都,1400,DIRT,G2,11,6,H0005122,ウマ5122,牡,2020,中村 駿,57.0,12,0.121,0.051,0.15,14
428,レース0428,2025-05-12,京都,1400,DIRT,G2,12,6,H0005123,ウマ5123,セ,2021,中村 駿,57.0,8,0.071,0.182,0.977,4
428,レース0428,2025-05-12,京都,1400,DIRT,G2,13,7,H0005124,ウマ5124,牡,2022,鈴木 花子,56.0,23,0.0,0.122,0.599,11
428,レース0428,2025-05-12,京都,1400,DIRT,G2,14,7,H0005125,ウマ5125,牡,2021,小林 蓮,58.0,3,0.306,0.053,0.44,9
428,レース0428,2025-05-12,京都,1400,DIRT,G2,15,8,H0005126,ウマ5126,牡,2020,佐藤 健,55.0,19,0.33,0.178,0.389,5
429,レース0429,2025-09-22,京都,1600,TURF,OP,1,1,H0005127,ウマ5127,セ,2022,加藤 楓,55.0,27,0.23,0.096,0.536,2
429,レース0429,2025-09-22,京都,1600,TURF,OP,2,1,H0005128,ウマ5128,牡,2022,加藤 楓,54.0,4,0.192,0.05,0.734,5
429,レース0429,2025-09-22,京都,1600,TURF,OP,3,2,H0005129,ウマ5129,牝,2020,田中 一郎,54.0,16,0.19,0.098,0.753,1
429,レース0429,2025-09-22,京都,1600,TURF,OP,4,2,H0005130,ウマ5130,牡,2020,加藤 楓,58.0,19,0.051,0.03,0.576,13
429,レース0429,2025-09-22,京都,1600,TURF,OP,5,3,H0005131,ウマ5131,セ,2022,鈴木 花子,57.0,21,0.17,0.153,0.365,10
429,レース0429,2025-09-22,京都,1600,TURF,OP,6,3,H0005132,ウマ5132,牝,2020,山本 陽,54.0,17,0.223,0.147,0.481,7
429,レース0429,2025-09-22,京都,1600,TURF,OP,7,4,H0005133,ウマ5133,セ,2021,田中 一郎,56.0,30,0.262,0.14,0.072,12
429,レース0429,2025-09-22,京都,1600,TURF,OP,8,4,H0005134,ウマ5134,牡,2022,小林 蓮,54.0,28,0.203,0.03,0.718,3
429,レース0429,2025-09-22,京都,1600,TURF,OP,9,5,H0005135,ウマ5135,牝,2021,小林 蓮,56.0,16,0.124,0.144,0.466,8
429,レース0429,2025-09-22,京都,1600,TURF,OP,10,5,H0005136,ウマ5136,セ,2021,佐藤 健,57.0,26,0.127,0.077,0.397,11
429,レース0429,2025-09-22,京都,1600,TURF,OP,11,6,H0005137,ウマ5137,牝,2020,高橋 大輔,56.0,24,0.135,0.146,0.442,6
429,レース0429,2025-09-22,京都,1600,TURF,OP,12,6,H0005138,ウマ5138,牡,2021,中村 駿,58.0,15,0.188,0.175,0.36,9
429,レース0429,2025-09-22,京都,1600,TURF,OP,13,7,H0005139,ウマ5139,牡,2021,高橋 大輔,56.0,3,0.193,0.055,0.954,4
430,レース0430,2025-07-26,阪神,1400,TURF,未勝利,1,1,H0005140,ウマ5140,牝,2022,鈴木 花子,57.0,21,0.149,0.123,0.478,15
430,レース0430,2025-07-26,阪神,1400,TURF,未勝利,2,1,H0005141,ウマ5141,牡,2021,伊藤 翼,55.0,26,0.307,0.184,0.626,3
430,レース0430,2025-07-26,阪神,1400,TURF,未勝利,3,2,H0005142,ウマ5142,牡,2020,加藤 楓,58.0,11,0.24,0.101,0.38,14
430,レース0430,2025-07-26,阪神,1400,TURF,未勝利,4,2,H0005143,ウマ5143,セ,2022,佐藤 健,54.0,16,0.193,0.148,0.399,8
430,レース0430,2025-07-26,阪神,1400,TURF,未勝利,5,3,H0005144,ウマ5144,牡,2020,小林 蓮,56.0,9,0.292,0.147,0.611,5
430,レース0430,2025-07-26,阪神,1400,TURF,未勝利,6,3,H0005145,ウマ5145,牝,2021,渡辺 美咲,56.0,28,0.176,0.192,0.776,7
430,レース0430,2025-07-26,阪神,1400,TURF,未勝利,7,4,H0005146,ウマ5146,牡,2020,鈴木 花子,57.0,27,0.081,0.223,0.404,9
430,レース0430,2025-07-26,阪神,1400,TURF,未勝利,8,4,H0005147,ウマ5147,セ,2020,田中 一郎,55.0,20,0.092,0.167,0.397,11
430,レース0430,2025-07-26,阪神,1400,TURF,未勝利,9,5,H0005148,ウマ5148,セ,2020,田中 一郎,58.0,6,0.13,0.171,0.389,13
430,レース0430,2025-07-26,阪神,1400,TURF,未勝利,10,5,H0005149,ウマ5149,牝,2020,加藤 楓,54.0,19,0.14,0.201,0.26,12
430,レース0430,2025-07-26,阪神,1400,TURF,未勝利,11,6,H0005150,ウマ5150,セ,2022,山本 陽,56.0,4,0.204,0.233,0.474,4
430,レース0430,2025-07-26,阪神,1400,TURF,未勝利,12,6,H0005151,ウマ5151,牡,2021,鈴木 花子,55.0,17,0.181,0.055,0.464,10
430,レース0430,2025-07-26,阪神,1400,TURF,未勝利,13,7,H0005152,ウマ5152,セ,2021,高橋 大輔,54.0,27,0.395,0.151,0.816,1
430,レース0430,2025-07-26,阪神,1400,TURF,未勝利,14,7,H0005153,ウマ5153,牡,2021,佐藤 健,54.0,27,0.241,0.041,0.754,6
430,レース0430,2025-07-26,阪神,1400,TURF,未勝利,15,8,H0005154,ウマ5154,牡,2021,渡辺 美咲,58.0,3,0.235,0.177,0.79,2
431,レース0431,2025-11-03,東京,1600,TURF,G2,1,1,H0005155,ウマ5155,セ,2021,加藤 楓,57.0,28,0.095,0.164,0.546,11
431,レース0431,2025-11-03,東京,1600,TURF,G2,2,1,H0005156,ウマ5156,セ,2020,小林 蓮,57.0,28,0.238,0.215,0.759,2
431,レース0431,2025-11-03,東京,1600,TURF,G2,3,2,H0005157,ウマ5157,牡,2021,加藤 楓,55.0,20,0.141,0.07,0.39,10
431,レース0431,2025-11-03,東京,1600,TURF,G2,4,2,H0005158,ウマ5158,牝,2020,中村 駿,54.0,4,0.149,0.131,0.968,3
431,レース0431,2025-11-03,東京,1600,TURF,G2,5,3,H0005159,ウマ5159,牝,2021,田中 一郎,57.0,7,0.141,0.099,0.401,9
431,レース0431,2025-11-03,東京,1600,TURF,G2,6,3,H0005160,ウマ5160,牝,2022,伊藤 翼,54.0,19,0.365,0.087,0.539,4
431,レース0431,2025-11-03,東京,1600,TURF,G2,7,4,H0005161,ウマ5161,セ,2020,佐藤 健,54.0,19,0.172,0.13,0.504,6
431,レース0431,2025-11-03,東京,1600,TURF,G2,8,4,H0005162,ウマ5162,セ,2022,加藤 楓,58.0,13,0.116,0.093,0.541,8
431,レース0431,2025-11-03,東京,1600,TURF,G2,9,5,H0005163,ウマ5163,牡,2021,加藤 楓,58.0,6,0.277,0.094,1.0,1
431,レース0431,2025-11-03,東京,1600,TURF,G2,10,5,H0005164,ウマ5164,牡,2021,山本 陽,55.0,19,0.074,0.12,0.782,5
431,レース0431,2025-11-03,東京,1600,TURF,G2,11,6,H0005165,ウマ5165,牝,2022,中村 駿,57.0,6,0.171,0.093,0.659,7
432,レース0432,2025-04-02,京都,2400,DIRT,G3,1,1,H0005166,ウマ5166,セ,2022,伊藤 翼,58.0,15,0.168,0.15,0.387,6
432,レース0432,2025-04-02,京都,2400,DIRT,G3,2,1,H0005167,ウマ5167,牡,2021,伊藤 翼,55.0,17,0.0,0.139,0.463,5
432,レース0432,2025-04-02,京都,2400,DIRT,G3,3,2,H0005168,ウマ5168,セ,2020,中村 駿,55.0,7,0.434,0.244,0.869,1
432,レース0432,2025-04-02,京都,2400,DIRT,G3,4,2,H0005169,ウマ5169,セ,2022,加藤 楓,55.0,16,0.159,0.183,0.367,3
432,レース0432,2025-04-02,京都,2400,DIRT,G3,5,3,H0005170,ウマ5170,牡,2021,小林 蓮,55.0,16,0.178,0.113,0.353,4
432,レース0432,2025-04-02,京都,2400,DIRT,G3,6,3,H0005171,ウマ5171,セ,2020,中村 駿,56.0,20,0.272,0.138,0.563,2
432,レース0432,2025-04-02,京都,2400,DIRT,G3,7,4,H0005172,ウマ5172,牝,2021,鈴木 花子,57.0,25,0.056,0.07,0.45,7
432,レース0432,2025-04-02,京都,2400,DIRT,G3,8,4,H0005173,ウマ5173,セ,2020,高橋 大輔,57.0,18,0.083,0.163,0.271,8
432,レース0432,2025-04-02,京都,2400,DIRT,G3,9,5,H0005174,ウマ5174,セ,2021,渡辺 美咲,57.0,10,0.001,0.125,0.21,9
433,レース0433,2025-09-12,阪神,1800,DIRT,未勝利,1,1,H0005175,ウマ5175,セ,2022,加藤 楓,55.0,25,0.053,0.101,0.523,12
433,レース0433,2025-09-12,阪神,1800,DIRT,未勝利,2,1,H0005176,ウマ5176,牡,2020,山本 陽,58.0,15,0.261,0.145,0.69,2
433,レース0433,2025-09-12,阪神,1800,DIRT,未勝利,3,2,H0005177,ウマ5177,牝,2021,田中 一郎,56.0,7,0.226,0.136,0.548,5
433,レース0433,2025-09-12,阪神,1800,DIRT,未勝利,4,2,H0005178,ウマ5178,牝,2022,加藤 楓,58.0,20,0.188,0.172,0.691,10
433,レース0433,2025-09-12,阪神,1800,DIRT,未勝利,5,3,H0005179,ウマ5179,牝,2020,佐藤 健,55.0,21,0.35,0.073,0.566,6
433,レース0433,2025-09-12,阪神,1800,DIRT,未勝利,6,3,H0005180,ウマ5180,セ,2020,伊藤 翼,58.0,9,0.036,0.121,0.673,3
433,レース0433,2025-09-12,阪神,1800,DIRT,未勝利,7,4,H0005181,ウマ5181,セ,2022,中村 駿,58.0,13,0.141,0.131,0.687,4
433,レース0433,2025-09-12,阪神,1800,DIRT,未勝利,8,4,H0005182,ウマ5182,牡,2022,山本 陽,58.0,17,0.283,0.119,0.633,8
433,レース0433,2025-09-12,阪神,1800,DIRT,未勝利,9,5,H0005183,ウマ5183,牡,2022,鈴木 花子,58.0,10,0.186,0.128,0.261,13
433,レース0433,2025-09-12,阪神,1800,DIRT,未勝利,10,5,H0005184,ウマ5184,牝,2022,伊藤 翼,55.0,8,0.184,0.16,0.66,7
433,レース0433,2025-09-12,阪神,1800,DIRT,未勝利,11,6,H0005185,ウマ5185,牝,2021,伊藤 翼,57.0,19,0.163,0.141,0.689,9
433,レース0433,2025-09-12,阪神,1800,DIRT,未勝利,12,6,H0005186,ウマ5186,牡,2022,小林 蓮,58.0,24,0.121,0.079,0.727,11
433,レース0433,2025-09-12,阪神,1800,DIRT,未勝利,13,7,H0005187,ウマ5187,牝,2020,加藤 楓,56.0,25,0.18,0.126,0.516,1
434,レース0434,2025-01-25,東京,2000,TURF,1勝,1,1,H0005188,ウマ5188,牝,2022,鈴木 花子,57.0,24,0.206,0.182,0.584,2
434,レース0434,2025-01-25,東京,2000,TURF,1勝,2,1,H0005189,ウマ5189,セ,2021,中村 駿,55.0,22,0.038,0.249,0.379,9
434,レース0434,2025-01-25,東京,2000,TURF,1勝,3,2,H0005190,ウマ5190,牡,2020,中村 駿,58.0,30,0.214,0.065,0.605,8
434,レース0434,2025-01-25,東京,2000,TURF,1勝,4,2,H0005191,ウマ5191,牡,2021,加藤 楓,56.0,9,0.108,0.093,0.213,12
434,レース0434,2025-01-25,東京,2000,TURF,1勝,5,3,H0005192,ウマ5192,牡,2020,加藤 楓,57.0,20,0.225,0.108,1.0,3
434,レース0434,2025-01-25,東京,2000,TURF,1勝,6,3,H0005193,ウマ5193,牝,2022,田中 一郎,57.0,20,0.25,0.189,0.363,7
434,レース0434,2025-01-25,東京,2000,TURF,1勝,7,4,H0005194,ウマ5194,牝,2022,加藤 楓,54.0,4,0.105,0.102,0.211,11
434,レース0434,2025-01-25,東京,2000,TURF,1勝,8,4,H0005195,ウマ5195,セ,2021,伊藤 翼,55.0,13,0.162,0.17,0.736,1
434,レース0434,2025-01-25,東京,2000,TURF,1勝,9,5,H0005196,ウマ5196,セ,2020,小林 蓮,57.0,22,0.192,0.201,0.749,4
434,レース0434,2025-01-25,東京,2000,TURF,1勝,10,5,H0005197,ウマ5197,セ,2022,伊藤 翼,55.0,12,0.231,0.14,0.336,5
434,レース0434,2025-01-25,東京,2000,TURF,1勝,11,6,H0005198,ウマ5198,牡,2021,渡辺 美咲,55.0,13,0.022,0.156,0.966,6
434,レース0434,2025-01-25,東京,2000,TURF,1勝,12,6,H0005199,ウマ5199,牝,2021,加藤 楓,57.0,18,0.24,0.07,0.218,10
435,レース0435,2025-07-12,中山,1800,TURF,OP,1,1,H0005200,ウマ5200,牡,2022,渡辺 美咲,55.0,6,0.065,0.072,0.622,8
435,レース0435,2025-07-12,中山,1800,TURF,OP,2,1,H0005201,ウマ5201,牝,2021,山本 陽,57.0,14,0.209,0.126,0.698,3
435,レース0435,2025-07-12,中山,1800,TURF,OP,3,2,H0005202,ウマ5202,セ,2020,伊藤 翼,55.0,30,0.233,0.155,0.302,6
435,レース0435,2025-07-12,中山,1800,TURF,OP,4,2,H0005203,ウマ5203,牝,2022,鈴木 花子,57.0,28,0.097,0.096,0.315,10
435,レース0435,2025-07-12,中山,1800,TURF,OP,5,3,H0005204,ウマ5204,セ,2020,佐藤 健,56.0,20,0.204,0.194,0.803,2
435,レース0435,2025-07-12,中山,1800,TURF,OP,6,3,H0005205,ウマ5205,セ,2020,中村 駿,58.0,29,0.128,0.03,0.524,5
435,レース0435,2025-07-12,中山,1800,TURF,OP,7,4,H0005206,ウマ5206,牡,2022,中村 駿,56.0,15,0.255,0.087,0.454,1
435,レース0435,2025-07-12,中山,1800,TURF,OP,8,4,H0005207,ウマ5207,牝,2022,田中 一郎,58.0,19,0.027,0.137,0.208,7
435,レース0435,2025-07-12,中山,1800,TURF,OP,9,5,H0005208,ウマ5208,牡,2021,鈴木 花子,55.0,20,0.157,0.136,0.334,9
435,レース0435,2025-07-12,中山,1800,TURF,OP,10,5,H0005209,ウマ5209,牡,2022,伊藤 翼,58.0,28,0.152,0.089,0.831,4
436,レース0436,2025-08-02,京都,1600,DIRT,G3,1,1,H0005210,ウマ5210,牡,2021,加藤 楓,56.0,16,0.214,0.085,0.6,6
436,レース0436,2025-08-02,京都,1600,DIRT,G3,2,1,H0005211,ウマ5211,牝,2020,小林 蓮,55.0,13,0.292,0.156,0.545,3
436,レース0436,2025-08-02,京都,1600,DIRT,G3,3,2,H0005212,ウマ5212,牝,2021,田中 一郎,55.0,10,0.349,0.231,0.505,1
436,レース0436,2025-08-02,京都,1600,DIRT,G3,4,2,H0005213,ウマ5213,セ,2022,山本 陽,55.0,25,0.128,0.14,0.203,12
436,レース0436,2025-08-02,京都,1600,DIRT,G3,5,3,H0005214,ウマ5214,牝,2022,小林 蓮,58.0,18,0.113,0.211,0.808,2
436,レース0436,2025-08-02,京都,1600,DIRT,G3,6,3,H0005215,ウマ5215,セ,2022,高橋 大輔,55.0,29,0.0,0.157,0.507,11
436,レース0436,2025-08-02,京都,1600,DIRT,G3,7,4,H0005216,ウマ5216,牝,2022,小林 蓮,56.0,25,0.184,0.153,0.311,9
436,レース0436,2025-08-02,京都,1600,DIRT,G3,8,4,H0005217,ウマ5217,牝,2021,鈴木 花子,54.0,19,0.201,0.045,0.671,4
436,レース0436,2025-08-02,京都,1600,DIRT,G3,9,5,H0005218,ウマ5218,セ,2021,鈴木 花子,57.0,15,0.026,0.088,0.655,7
436,レース0436,2025-08-02,京都,1600,DIRT,G3,10,5,H0005219,ウマ5219,牡,2020,佐藤 健,58.0,26,0.311,0.079,0.568,5
436,レース0436,2025-08-02,京都,1600,DIRT,G3,11,6,H0005220,ウマ5220,牝,2020,山本 陽,58.0,11,0.091,0.138,0.46,10
436,レース0436,2025-08-02,京都,1600,DIRT,G3,12,6,H0005221,ウマ5221,牝,2020,中村 駿,57.0,12,0.11,0.157,0.656,8
437,レース0437,2025-05-04,中山,2000,DIRT,2勝,1,1,H0005222,ウマ5222,セ,2022,田中 一郎,57.0,30,0.076,0.179,0.743,7
437,レース0437,2025-05-04,中山,2000,DIRT,2勝,2,1,H0005223,ウマ5223,牡,2022,田中 一郎,56.0,3,0.23,0.144,0.416,3
437,レース0437,2025-05-04,中山,2000,DIRT,2勝,3,2,H0005224,ウマ5224,牝,2021,田中 一郎,54.0,12,0.167,0.147,0.317,11
437,レース0437,2025-05-04,中山,2000,DIRT,2勝,4,2,H0005225,ウマ5225,牡,2022,佐藤 健,54.0,9,0.119,0.093,0.382,12
437,レース0437,2025-05-04,中山,2000,DIRT,2勝,5,3,H0005226,ウマ5226,牝,2020,伊藤 翼,56.0,6,0.222,0.163,0.842,2
437,レース0437,2025-05-04,中山,2000,DIRT,2勝,6,3,H0005227,ウマ5227,セ,2021,鈴木 花子,55.0,23,0.295,0.099,0.422,5
437,レース0437,2025-05-04,中山,2000,DIRT,2勝,7,4,H0005228,ウマ5228,牡,2020,高橋 大輔,58.0,10,0.302,0.151,0.359,4
437,レース0437,2025-05-04,中山,2000,DIRT,2勝,8,4,H0005229,ウマ5229,セ,2021,伊藤 翼,55.0,28,0.226,0.083,0.634,8
437,レース0437,2025-05-04,中山,2000,DIRT,2勝,9,5,H0005230,ウマ5230,セ,2022,佐藤 健,57.0,21,0.115,0.109,0.713,9
437,レース0437,2025-05-04,中山,2000,DIRT,2勝,10,5,H0005231,ウマ5231,牡,2020,鈴木 花子,57.0,20,0.288,0.037,0.558,6
437,レース0437,2025-05-04,中山,2000,DIRT,2勝,11,6,H0005232,ウマ5232,セ,2020,中村 駿,57.0,14,0.151,0.105,0.79,1
437,レース0437,2025-05-04,中山,2000,DIRT,2勝,12,6,H0005233,ウマ5233,セ,2020,佐藤 健,56.0,29,0.209,0.099,0.424,10
438,レース0438,2025-08-22,中山,2400,DIRT,1勝,1,1,H0005234,ウマ5234,セ,2022,山本 陽,54.0,8,0.109,0.148,0.674,7
438,レース0438,2025-08-22,中山,2400,DIRT,1勝,2,1,H0005235,ウマ5235,牡,2021,伊藤 翼,55.0,29,0.15,0.073,0.245,8
438,レース0438,2025-08-22,中山,2400,DIRT,1勝,3,2,H0005236,ウマ5236,セ,2022,中村 駿,57.0,28,0.067,0.16,0.78,6
438,レース0438,2025-08-22,中山,2400,DIRT,1勝,4,2,H0005237,ウマ5237,セ,2021,小林 蓮,55.0,28,0.18,0.127,0.475,3
438,レース0438,2025-08-22,中山,2400,DIRT,1勝,5,3,H0005238,ウマ5238,牝,2022,伊藤 翼,56.0,22,0.079,0.12,0.611,4
438,レース0438,2025-08-22,中山,2400,DIRT,1勝,6,3,H0005239,ウマ5239,牡,2022,伊藤 翼,58.0,4,0.334,0.183,0.478,1
438,レース0438,2025-08-22,中山,2400,DIRT,1勝,7,4,H0005240,ウマ5240,牝,2022,渡辺 美咲,56.0,5,0.259,0.134,0.282,5
438,レース0438,2025-08-22,中山,2400,DIRT,1勝,8,4,H0005241,ウマ5241,セ,2022,渡辺 美咲,57.0,27,0.242,0.167,0.8,2
439,レース0439,2025-04-26,中山,1400,DIRT,2勝,1,1,H0005242,ウマ5242,牝,2020,山本 陽,58.0,28,0.198,0.155,0.551,7
439,レース0439,2025-04-26,中山,1400,DIRT,2勝,2,1,H0005243,ウマ5243,牡,2020,山本 陽,56.0,8,0.18,0.235,0.562,5
439,レース0439,2025-04-26,中山,1400,DIRT,2勝,3,2,H0005244,ウマ5244,牝,2020,小林 蓮,55.0,20,0.067,0.145,0.263,15
439,レース0439,2025-04-26,中山,1400,DIRT,2勝,4,2,H0005245,ウマ5245,牡,2020,伊藤 翼,58.0,23,0.164,0.13,0.713,10
439,レース0439,2025-04-26,中山,1400,DIRT,2勝,5,3,H0005246,ウマ5246,牡,2021,佐藤 健,55.0,3,0.07,0.122,0.297,13
439,レース0439,2025-04-26,中山,1400,DIRT,2勝,6,3,H0005247,ウマ5247,セ,2021,佐藤 健,56.0,19,0.287,0.083,0.57,1
439,レース0439,2025-04-26,中山,1400,DIRT,2勝,7,4,H0005248,ウマ5248,セ,2021,加藤 楓,57.0,25,0.094,0.111,0.75,4
439,レース0439,2025-04-26,中山,1400,DIRT,2勝,8,4,H0005249,ウマ5249,牡,2020,田中 一郎,58.0,21,0.229,0.271,0.567,2
439,レース0439,2025-04-26,中山,1400,DIRT,2勝,9,5,H0005250,ウマ5250,牝,2021,加藤 楓,58.0,17,0.247,0.122,0.483,6
439,レース0439,2025-04-26,中山,1400,DIRT,2勝,10,5,H0005251,ウマ5251,セ,2021,小林 蓮,54.0,8,0.123,0.124,0.863,3
439,レース0439,2025-04-26,中山,1400,DIRT,2勝,11,6,H0005252,ウマ5252,セ,2020,田中 一郎,55.0,24,0.034,0.116,0.215,14
439,レース0439,2025-04-26,中山,1400,DIRT,2勝,12,6,H0005253,ウマ5253,セ,2022,伊藤 翼,58.0,15,0.25,0.079,0.245,9
439,レース0439,2025-04-26,中山,1400,DIRT,2勝,13,7,H0005254,ウマ5254,牝,2021,中村 駿,54.0,8,0.117,0.133,0.295,12
439,レース0439,2025-04-26,中山,1400,DIRT,2勝,14,7,H0005255,ウマ5255,牝,2020,加藤 楓,55.0,28,0.114,0.064,0.405,8
439,レース0439,2025-04-26,中山,1400,DIRT,2勝,15,8,H0005256,ウマ5256,牝,2020,山本 陽,58.0,20,0.25,0.095,0.4,11
440,レース0440,2025-11-05,中山,1800,TURF,2勝,1,1,H0005257,ウマ5257,牡,2022,田中 一郎,57.0,23,0.267,0.144,0.862,1
440,レース0440,2025-11-05,中山,1800,TURF,2勝,2,1,H0005258,ウマ5258,牝,2020,山本 陽,58.0,8,0.058,0.099,0.633,8
440,レース0440,2025-11-05,中山,1800,TURF,2勝,3,2,H0005259,ウマ5259,牝,2020,鈴木 花子,56.0,21,0.253,0.141,0.643,4
440,レース0440,2025-11-05,中山,1800,TURF,2勝,4,2,H0005260,ウマ5260,牡,2020,鈴木 花子,58.0,8,0.019,0.03,0.59,7
440,レース0440,2025-11-05,中山,1800,TURF,2勝,5,3,H0005261,ウマ5261,セ,2020,中村 駿,58.0,22,0.236,0.142,0.234,5
440,レース0440,2025-11-05,中山,1800,TURF,2勝,6,3,H0005262,ウマ5262,牡,2022,中村 駿,55.0,16,0.298,0.143,0.421,3
440,レース0440,2025-11-05,中山,1800,TURF,2勝,7,4,H0005263,ウマ5263,牡,2021,渡辺 美咲,58.0,16,0.142,0.096,0.59,6
440,レース0440,2025-11-05,中山,1800,TURF,2勝,8,4,H0005264,ウマ5264,牡,2022,高橋 大輔,54.0,3,0.189,0.03,0.95,2
441,レース0441,2025-03-03,東京,1200,DIRT,OP,1,1,H0005265,ウマ5265,セ,2021,中村 駿,57.0,25,0.049,0.262,0.608,5
441,レース0441,2025-03-03,東京,1200,DIRT,OP,2,1,H0005266,ウマ5266,牡,2021,佐藤 健,54.0,20,0.167,0.118,0.433,4
441,レース0441,2025-03-03,東京,1200,DIRT,OP,3,2,H0005267,ウマ5267,牝,2021,伊藤 翼,55.0,11,0.221,0.101,0.471,2
441,レース0441,2025-03-03,東京,1200,DIRT,OP,4,2,H0005268,ウマ5268,牡,2021,小林 蓮,54.0,23,0.21,0.116,0.558,1
441,レース0441,2025-03-03,東京,1200,DIRT,OP,5,3,H0005269,ウマ5269,牡,2022,鈴木 花子,55.0,4,0.196,0.239,0.181,8
441,レース0441,2025-03-03,東京,1200,DIRT,OP,6,3,H0005270,ウマ5270,セ,2021,小林 蓮,58.0,22,0.147,0.158,0.589,7
441,レース0441,2025-03-03,東京,1200,DIRT,OP,7,4,H0005271,ウマ5271,セ,2021,中村 駿,54.0,11,0.242,0.042,0.496,3
441,レース0441,2025-03-03,東京,1200,DIRT,OP,8,4,H0005272,ウマ5272,セ,2022,渡辺 美咲,57.0,17,0.038,0.031,0.629,6
442,レース0442,2025-07-21,阪神,1400,TURF,OP,1,1,H0005273,ウマ5273,セ,2020,田中 一郎,56.0,29,0.039,0.149,0.349,12
442,レース0442,2025-07-21,阪神,1400,TURF,OP,2,1,H0005274,ウマ5274,セ,2020,小林 蓮,58.0,19,0.069,0.07,0.425,13
442,レース0442,2025-07-21,阪神,1400,TURF,OP,3,2,H0005275,ウマ5275,牝,2021,高橋 大輔,54.0,9,0.151,0.208,0.462,8
442,レース0442,2025-07-21,阪神,1400,TURF,OP,4,2,H0005276,ウマ5276,セ,2020,田中 一郎,56.0,28,0.211,0.127,0.674,4
442,レース0442,2025-07-21,阪神,1400,TURF,OP,5,3,H0005277,ウマ5277,牝,2021,渡辺 美咲,57.0,9,0.158,0.133,0.728,5
442,レース0442,2025-07-21,阪神,1400,TURF,OP,6,3,H0005278,ウマ5278,セ,2020,中村 駿,57.0,9,0.193,0.163,0.262,10
442,レース0442,2025-07-21,阪神,1400,TURF,OP,7,4,H0005279,ウマ5279,セ,2020,田中 一郎,55.0,9,0.099,0.122,0.83,2
442,レース0442,2025-07-21,阪神,1400,TURF,OP,8,4,H0005280,ウマ5280,牡,2021,高橋 大輔,55.0,24,0.287,0.155,0.411,9
442,レース0442,2025-07-21,阪神,1400,TURF,OP,9,5,H0005281,ウマ5281,セ,2022,田中 一郎,56.0,20,0.18,0.142,0.556,7
442,レース0442,2025-07-21,阪神,1400,TURF,OP,10,5,H0005282,ウマ5282,牡,2020,佐藤 健,57.0,27,0.15,0.176,0.411,6
442,レース0442,2025-07-21,阪神,1400,TURF,OP,11,6,H0005283,ウマ5283,牝,2022,小林 蓮,54.0,18,0.168,0.138,0.425,11
442,レース0442,2025-07-21,阪神,1400,TURF,OP,12,6,H0005284,ウマ5284,牝,2022,鈴木 花子,57.0,3,0.354,0.146,0.609,3
442,レース0442,2025-07-21,阪神,1400,TURF,OP,13,7,H0005285,ウマ5285,牝,2020,渡辺 美咲,57.0,7,0.003,0.088,0.893,1
443,レース0443,2025-04-27,京都,1800,TURF,未勝利,1,1,H0005286,ウマ5286,牡,2021,加藤 楓,54.0,16,0.141,0.116,0.477,6
443,レース0443,2025-04-27,京都,1800,TURF,未勝利,2,1,H0005287,ウマ5287,牝,2020,渡辺 美咲,56.0,30,0.085,0.121,0.292,9
443,レース0443,2025-04-27,京都,1800,TURF,未勝利,3,2,H0005288,ウマ5288,牡,2022,小林 蓮,58.0,12,0.252,0.096,0.453,5
443,レース0443,2025-04-27,京都,1800,TURF,未勝利,4,2,H0005289,ウマ5289,セ,2022,小林 蓮,57.0,25,0.262,0.123,0.47,3
443,レース0443,2025-04-27,京都,1800,TURF,未勝利,5,3,H0005290,ウマ5290,牝,2022,中村 駿,58.0,4,0.269,0.047,0.583,4
443,レース0443,2025-04-27,京都,1800,TURF,未勝利,6,3,H0005291,ウマ5291,牡,2020,伊藤 翼,57.0,24,0.188,0.159,0.483,2
443,レース0443,2025-04-27,京都,1800,TURF,未勝利,7,4,H0005292,ウマ5292,牡,2022,小林 蓮,56.0,28,0.121,0.114,0.183,8
443,レース0443,2025-04-27,京都,1800,TURF,未勝利,8,4,H0005293,ウマ5293,牝,2022,高橋 大輔,58.0,7,0.158,0.114,0.36,7
443,レース0443,2025-04-27,京都,1800,TURF,未勝利,9,5,H0005294,ウマ5294,牡,2021,山本 陽,57.0,16,0.059,0.142,0.807,1
444,レース0444,2025-11-22,東京,2400,DIRT,2勝,1,1,H0005295,ウマ5295,牡,2022,山本 陽,56.0,24,0.135,0.104,0.622,4
444,レース0444,2025-11-22,東京,2400,DIRT,2勝,2,1,H0005296,ウマ5296,セ,2022,加藤 楓,54.0,5,0.079,0.236,0.483,3
444,レース0444,2025-11-22,東京,2400,DIRT,2勝,3,2,H0005297,ウマ5297,セ,2022,田中 一郎,55.0,14,0.12,0.2,0.5,7
444,レース0444,2025-11-22,東京,2400,DIRT,2勝,4,2,H0005298,ウマ5298,牡,2021,山本 陽,55.0,9,0.196,0.197,0.458,2
444,レース0444,2025-11-22,東京,2400,DIRT,2勝,5,3,H0005299,ウマ5299,セ,2022,高橋 大輔,58.0,12,0.114,0.154,0.278,9
444,レース0444,2025-11-22,東京,2400,DIRT,2勝,6,3,H0005300,ウマ5300,牝,2021,中村 駿,56.0,7,0.156,0.088,0.562,6
444,レース0444,2025-11-22,東京,2400,DIRT,2勝,7,4,H0005301,ウマ5301,牝,2021,佐藤 健,58.0,22,0.273,0.165,0.546,1
444,レース0444,2025-11-22,東京,2400,DIRT,2勝,8,4,H0005302,ウマ5302,牝,2022,小林 蓮,58.0,3,0.113,0.113,0.474,8
444,レース0444,2025-11-22,東京,2400,DIRT,2勝,9,5,H0005303,ウマ5303,牡,2022,山本 陽,54.0,4,0.005,0.056,0.714,5
445,レース0445,2025-07-05,京都,1600,DIRT,G3,1,1,H0005304,ウマ5304,牡,2021,加藤 楓,55.0,6,0.334,0.03,0.698,6
445,レース0445,2025-07-05,京都,1600,DIRT,G3,2,1,H0005305,ウマ5305,牡,2021,田中 一郎,57.0,11,0.285,0.193,0.765,1
445,レース0445,2025-07-05,京都,1600,DIRT,G3,3,2,H0005306,ウマ5306,牝,2021,渡辺 美咲,56.0,25,0.014,0.151,0.31,16
445,レース0445,2025-07-05,京都,1600,DIRT,G3,4,2,H0005307,ウマ5307,牝,2020,中村 駿,57.0,21,0.244,0.208,0.436,9
445,レース0445,2025-07-05,京都,1600,DIRT,G3,5,3,H0005308,ウマ5308,牡,2021,佐藤 健,54.0,23,0.344,0.155,0.734,2
445,レース0445,2025-07-05,京都,1600,DIRT,G3,6,3,H0005309,ウマ5309,牡,2021,小林 蓮,56.0,11,0.104,0.115,0.523,15
445,レース0445,2025-07-05,京都,1600,DIRT,G3,7,4,H0005310,ウマ5310,牝,2021,加藤 楓,54.0,17,0.163,0.098,0.292,12
445,レース0445,2025-07-05,京都,1600,DIRT,G3,8,4,H0005311,ウマ5311,牡,2021,加藤 楓,55.0,27,0.136,0.127,0.419,10
445,レース0445,2025-07-05,京都,1600,DIRT,G3,9,5,H0005312,ウマ5312,セ,2020,伊藤 翼,56.0,14,0.161,0.134,0.716,7
445,レース0445,2025-07-05,京都,1600,DIRT,G3,10,5,H0005313,ウマ5313,牡,2022,高橋 大輔,54.0,14,0.298,0.197,0.624,4
445,レース0445,2025-07-05,京都,1600,DIRT,G3,11,6,H0005314,ウマ5314,牝,2021,中村 駿,57.0,6,0.074,0.145,0.405,14
445,レース0445,2025-07-05,京都,1600,DIRT,G3,12,6,H0005315,ウマ5315,牡,2021,小林 蓮,54.0,30,0.194,0.109,0.405,13
445,レース0445,2025-07-05,京都,1600,DIRT,G3,13,7,H0005316,ウマ5316,セ,2022,高橋 大輔,54.0,28,0.087,0.142,0.804,5
445,レース0445,2025-07-05,京都,1600,DIRT,G3,14,7,H0005317,ウマ5317,牡,2021,小林 蓮,54.0,5,0.154,0.165,0.195,11
445,レース0445,2025-07-05,京都,1600,DIRT,G3,15,8,H0005318,ウマ5318,牝,2021,加藤 楓,57.0,13,0.11,0.166,0.696,8
445,レース0445,2025-07-05,京都,1600,DIRT,G3,16,8,H0005319,ウマ5319,牝,2022,伊藤 翼,57.0,3,0.238,0.219,0.79,3
446,レース0446,2025-03-19,東京,1200,TURF,G3,1,1,H0005320,ウマ5320,セ,2022,中村 駿,56.0,13,0.183,0.064,0.281,11
446,レース0446,2025-03-19,東京,1200,TURF,G3,2,1,H0005321,ウマ5321,牝,2020,中村 駿,57.0,23,0.109,0.116,0.681,10
446,レース0446,2025-03-19,東京,1200,TURF,G3,3,2,H0005322,ウマ5322,牡,2020,加藤 楓,55.0,15,0.276,0.107,0.729,3
446,レース0446,2025-03-19,東京,1200,TURF,G3,4,2,H0005323,ウマ5323,セ,2022,田中 一郎,58.0,24,0.156,0.158,0.093,16
446,レース0446,2025-03-19,東京,1200,TURF,G3,5,3,H0005324,ウマ5324,牡,2022,高橋 大輔,58.0,3,0.317,0.198,0.287,9
446,レース0446,2025-03-19,東京,1200,TURF,G3,6,3,H0005325,ウマ5325,セ,2021,佐藤 健,57.0,28,0.386,0.13,0.45,2
446,レース0446,2025-03-19,東京,1200,TURF,G3,7,4,H0005326,ウマ5326,牡,2020,小林 蓮,55.0,5,0.194,0.115,0.206,15
446,レース0446,2025-03-19,東京,1200,TURF,G3,8,4,H0005327,ウマ5327,牡,2020,山本 陽,58.0,17,0.345,0.167,0.832,1
446,レース0446,2025-03-19,東京,1200,TURF,G3,9,5,H0005328,ウマ5328,牝,2020,渡辺 美咲,55.0,30,0.239,0.078,0.73,6
446,レース0446,2025-03-19,東京,1200,TURF,G3,10,5,H0005329,ウマ5329,セ,2020,小林 蓮,57.0,26,0.213,0.127,0.346,14
446,レース0446,2025-03-19,東京,1200,TURF,G3,11,6,H0005330,ウマ5330,牡,2022,加藤 楓,58.0,16,0.125,0.179,0.748,7
446,レース0446,2025-03-19,東京,1200,TURF,G3,12,6,H0005331,ウマ5331,牝,2020,加藤 楓,55.0,21,0.203,0.191,0.642,4
446,レース0446,2025-03-19,東京,1200,TURF,G3,13,7,H0005332,ウマ5332,セ,2021,山本 陽,58.0,13,0.118,0.14,0.296,13
446,レース0446,2025-03-19,東京,1200,TURF,G3,14,7,H0005333,ウマ5333,牝,2021,加藤 楓,55.0,19,0.157,0.147,0.311,8
446,レース0446,2025-03-19,東京,1200,TURF,G3,15,8,H0005334,ウマ5334,セ,2020,伊藤 翼,55.0,15,0.082,0.074,0.833,5
446,レース0446,2025-03-19,東京,1200,TURF,G3,16,8,H0005335,ウマ5335,セ,2020,渡辺 美咲,57.0,13,0.107,0.07,0.583,12
447,レース0447,2025-12-21,阪神,1400,DIRT,G1,1,1,H0005336,ウマ5336,セ,2022,田中 一郎,56.0,28,0.143,0.16,0.699,6
447,レース0447,2025-12-21,阪神,1400,DIRT,G1,2,1,H0005337,ウマ5337,牝,2022,佐藤 健,57.0,23,0.306,0.06,0.689,4
447,レース0447,2025-12-21,阪神,1400,DIRT,G1,3,2,H0005338,ウマ5338,セ,2022,鈴木 花子,58.0,11,0.15,0.184,0.603,7
447,レース0447,2025-12-21,阪神,1400,DIRT,G1,4,2,H0005339,ウマ5339,牡,2021,佐藤 健,58.0,19,0.147,0.164,0.233,9
447,レース0447,2025-12-21,阪神,1400,DIRT,G1,5,3,H0005340,ウマ5340,牝,2021,山本 陽,56.0,11,0.138,0.114,0.859,5
447,レース0447,2025-12-21,阪神,1400,DIRT,G1,6,3,H0005341,ウマ5341,セ,2021,渡辺 美咲,58.0,26,0.206,0.134,0.678,2
447,レース0447,2025-12-21,阪神,1400,DIRT,G1,7,4,H0005342,ウマ5342,牡,2020,加藤 楓,57.0,23,0.111,0.12,0.541,10
447,レース0447,2025-12-21,阪神,1400,DIRT,G1,8,4,H0005343,ウマ5343,牡,2022,渡辺 美咲,57.0,17,0.136,0.09,0.574,14
447,レース0447,2025-12-21,阪神,1400,DIRT,G1,9,5,H0005344,ウマ5344,牝,2022,渡辺 美咲,58.0,30,0.145,0.118,0.641,13
447,レース0447,2025-12-21,阪神,1400,DIRT,G1,10,5,H0005345,ウマ5345,セ,2020,田中 一郎,57.0,6,0.111,0.086,0.483,11
447,レース0447,2025-12-21,阪神,1400,DIRT,G1,11,6,H0005346,ウマ5346,牡,2021,佐藤 健,54.0,11,0.072,0.091,0.772,12
447,レース0447,2025-12-21,阪神,1400,DIRT,G1,12,6,H0005347,ウマ5347,牡,2020,渡辺 美咲,57.0,6,0.158,0.09,0.383,15
447,レース0447,2025-12-21,阪神,1400,DIRT,G1,13,7,H0005348,ウマ5348,牝,2022,伊藤 翼,57.0,27,0.072,0.117,0.528,8
447,レース0447,2025-12-21,阪神,1400,DIRT,G1,14,7,H0005349,ウマ5349,牝,2022,小林 蓮,57.0,18,0.068,0.162,0.258,16
447,レース0447,2025-12-21,阪神,1400,DIRT,G1,15,8,H0005350,ウマ5350,セ,2020,渡辺 美咲,54.0,17,0.358,0.118,0.723,1
447,レース0447,2025-12-21,阪神,1400,DIRT,G1,16,8,H0005351,ウマ5351,セ,2021,高橋 大輔,54.0,11,0.255,0.176,0.795,3
448,レース0448,2025-05-25,京都,2000,TURF,G1,1,1,H0005352,ウマ5352,牝,2022,小林 蓮,55.0,14,0.203,0.18,0.753,2
448,レース0448,2025-05-25,京都,2000,TURF,G1,2,1,H0005353,ウマ5353,牡,2022,小林 蓮,58.0,15,0.12,0.139,0.583,10
448,レース0448,2025-05-25,京都,2000,TURF,G1,3,2,H0005354,ウマ5354,牝,2022,中村 駿,56.0,20,0.086,0.1,0.713,13
448,レース0448,2025-05-25,京都,2000,TURF,G1,4,2,H0005355,ウマ5355,牝,2022,小林 蓮,57.0,19,0.14,0.174,0.511,8
448,レース0448,2025-05-25,京都,2000,TURF,G1,5,3,H0005356,ウマ5356,牡,2020,田中 一郎,58.0,4,0.175,0.155,0.708,4
448,レース0448,2025-05-25,京都,2000,TURF,G1,6,3,H0005357,ウマ5357,牝,2022,加藤 楓,55.0,14,0.218,0.172,0.433,12
448,レース0448,2025-05-25,京都,2000,TURF,G1,7,4,H0005358,ウマ5358,牝,2020,伊藤 翼,58.0,29,0.22,0.156,0.657,5
448,レース0448,2025-05-25,京都,2000,TURF,G1,8,4,H0005359,ウマ5359,牡,2021,田中 一郎,57.0,16,0.283,0.182,0.439,11
448,レース0448,2025-05-25,京都,2000,TURF,G1,9,5,H0005360,ウマ5360,セ,2020,山本 陽,54.0,15,0.238,0.094,0.452,3
448,レース0448,2025-05-25,京都,2000,TURF,G1,10,5,H0005361,ウマ5361,牝,2021,山本 陽,56.0,11,0.144,0.103,0.333,15
448,レース0448,2025-05-25,京都,2000,TURF,G1,11,6,H0005362,ウマ5362,牡,2022,佐藤 健,54.0,12,0.04,0.164,0.752,7
448,レース0448,2025-05-25,京都,2000,TURF,G1,12,6,H0005363,ウマ5363,牡,2022,田中 一郎,57.0,30,0.298,0.164,0.104,14
448,レース0448,2025-05-25,京都,2000,TURF,G1,13,7,H0005364,ウマ5364,牝,2021,高橋 大輔,57.0,15,0.237,0.19,0.724,1
448,レース0448,2025-05-25,京都,2000,TURF,G1,14,7,H0005365,ウマ5365,セ,2020,小林 蓮,58.0,6,0.247,0.142,0.541,6
448,レース0448,2025-05-25,京都,2000,TURF,G1,15,8,H0005366,ウマ5366,牝,2021,伊藤 翼,57.0,22,0.176,0.166,0.546,9
449,レース0449,2025-12-17,京都,1800,DIRT,OP,1,1,H0005367,ウマ5367,牝,2021,伊藤 翼,58.0,26,0.102,0.155,0.528,7
449,レース0449,2025-12-17,京都,1800,DIRT,OP,2,1,H0005368,ウマ5368,牡,2022,中村 駿,58.0,23,0.041,0.1,0.796,9
449,レース0449,2025-12-17,京都,1800,DIRT,OP,3,2,H0005369,ウマ5369,セ,2020,渡辺 美咲,58.0,9,0.12,0.203,0.712,3
449,レース0449,2025-12-17,京都,1800,DIRT,OP,4,2,H0005370,ウマ5370,牝,2022,小林 蓮,57.0,12,0.125,0.116,0.467,11
449,レース0449,2025-12-17,京都,1800,DIRT,OP,5,3,H0005371,ウマ5371,セ,2021,加藤 楓,56.0,27,0.361,0.171,0.772,1
449,レース0449,2025-12-17,京都,1800,DIRT,OP,6,3,H0005372,ウマ5372,セ,2020,佐藤 健,58.0,16,0.177,0.183,0.512,6
449,レース0449,2025-12-17,京都,1800,DIRT,OP,7,4,H0005373,ウマ5373,セ,2022,高橋 大輔,55.0,14,0.116,0.126,0.416,10
449,レース0449,2025-12-17,京都,1800,DIRT,OP,8,4,H0005374,ウマ5374,セ,2021,渡辺 美咲,55.0,21,0.182,0.093,0.474,5
449,レース0449,2025-12-17,京都,1800,DIRT,OP,9,5,H0005375,ウマ5375,牡,2021,渡辺 美咲,54.0,13,0.167,0.097,0.653,2
449,レース0449,2025-12-17,京都,1800,DIRT,OP,10,5,H0005376,ウマ5376,牡,2022,小林 蓮,54.0,11,0.052,0.14,0.488,8
449,レース0449,2025-12-17,京都,1800,DIRT,OP,11,6,H0005377,ウマ5377,牝,2020,佐藤 健,55.0,18,0.191,0.085,0.674,4
450,レース0450,2025-05-21,中山,1200,TURF,未勝利,1,1,H0005378,ウマ5378,牡,2021,田中 一郎,58.0,27,0.141,0.141,0.523,3
450,レース0450,2025-05-21,中山,1200,TURF,未勝利,2,1,H0005379,ウマ5379,セ,2021,田中 一郎,55.0,8,0.11,0.088,0.567,7
450,レース0450,2025-05-21,中山,1200,TURF,未勝利,3,2,H0005380,ウマ5380,牡,2020,渡辺 美咲,57.0,15,0.255,0.053,0.171,2
450,レース0450,2025-05-21,中山,1200,TURF,未勝利,4,2,H0005381,ウマ5381,牝,2020,佐藤 健,58.0,13,0.155,0.208,0.394,5
450,レース0450,2025-05-21,中山,1200,TURF,未勝利,5,3,H0005382,ウマ5382,セ,2022,高橋 大輔,54.0,14,0.088,0.158,0.688,4
450,レース0450,2025-05-21,中山,1200,TURF,未勝利,6,3,H0005383,ウマ5383,牝,2020,伊藤 翼,57.0,26,0.205,0.112,0.631,1
450,レース0450,2025-05-21,中山,1200,TURF,未勝利,7,4,H0005384,ウマ5384,牝,2020,佐藤 健,58.0,29,0.224,0.127,0.286,8
450,レース0450,2025-05-21,中山,1200,TURF,未勝利,8,4,H0005385,ウマ5385,牝,2022,渡辺 美咲,55.0,28,0.168,0.093,0.503,6
451,レース0451,2025-04-20,東京,1200,DIRT,G2,1,1,H0005386,ウマ5386,牡,2021,渡辺 美咲,58.0,30,0.279,0.169,0.565,1
451,レース0451,2025-04-20,東京,1200,DIRT,G2,2,1,H0005387,ウマ5387,セ,2020,高橋 大輔,56.0,13,0.141,0.105,0.749,6
451,レース0451,2025-04-20,東京,1200,DIRT,G2,3,2,H0005388,ウマ5388,セ,2022,鈴木 花子,55.0,19,0.213,0.099,0.676,4
451,レース0451,2025-04-20,東京,1200,DIRT,G2,4,2,H0005389,ウマ5389,牝,2022,加藤 楓,57.0,4,0.194,0.067,0.734,7
451,レース0451,2025-04-20,東京,1200,DIRT,G2,5,3,H0005390,ウマ5390,牡,2020,加藤 楓,56.0,3,0.097,0.174,0.595,8
451,レース0451,2025-04-20,東京,1200,DIRT,G2,6,3,H0005391,ウマ5391,セ,2021,田中 一郎,57.0,12,0.0,0.163,0.73,11
451,レース0451,2025-04-20,東京,1200,DIRT,G2,7,4,H0005392,ウマ5392,牝,2021,田中 一郎,56.0,13,0.162,0.129,0.924,5
451,レース0451,2025-04-20,東京,1200,DIRT,G2,8,4,H0005393,ウマ5393,セ,2022,田中 一郎,58.0,23,0.033,0.18,0.459,10
451,レース0451,2025-04-20,東京,1200,DIRT,G2,9,5,H0005394,ウマ5394,牝,2022,佐藤 健,57.0,8,0.245,0.08,0.683,2
451,レース0451,2025-04-20,東京,1200,DIRT,G2,10,5,H0005395,ウマ5395,セ,2020,山本 陽,54.0,6,0.202,0.169,0.679,3
451,レース0451,2025-04-20,東京,1200,DIRT,G2,11,6,H0005396,ウマ5396,牡,2022,高橋 大輔,58.0,15,0.197,0.193,0.301,9
452,レース0452,2025-05-23,京都,2400,TURF,G2,1,1,H0005397,ウマ5397,牡,2020,佐藤 健,54.0,20,0.197,0.143,0.667,5
452,レース0452,2025-05-23,京都,2400,TURF,G2,2,1,H0005398,ウマ5398,セ,2020,伊藤 翼,54.0,13,0.083,0.046,0.738,7
452,レース0452,2025-05-23,京都,2400,TURF,G2,3,2,H0005399,ウマ5399,牡,2020,佐藤 健,56.0,27,0.165,0.157,0.542,6
452,レース0452,2025-05-23,京都,2400,TURF,G2,4,2,H0005400,ウマ5400,牝,2022,山本 陽,54.0,8,0.128,0.127,0.52,9
452,レース0452,2025-05-23,京都,2400,TURF,G2,5,3,H0005401,ウマ5401,牝,2022,鈴木 花子,54.0,25,0.051,0.109,0.538,8
452,レース0452,2025-05-23,京都,2400,TURF,G2,6,3,H0005402,ウマ5402,牝,2020,小林 蓮,55.0,16,0.246,0.171,0.483,4
452,レース0452,2025-05-23,京都,2400,TURF,G2,7,4,H0005403,ウマ5403,牝,2021,田中 一郎,57.0,27,0.21,0.167,0.532,3
452,レース0452,2025-05-23,京都,2400,TURF,G2,8,4,H0005404,ウマ5404,牝,2022,渡辺 美咲,58.0,9,0.071,0.03,0.441,10
452,レース0452,2025-05-23,京都,2400,TURF,G2,9,5,H0005405,ウマ5405,牡,2021,高橋 大輔,57.0,10,0.041,0.206,0.667,11
452,レース0452,2025-05-23,京都,2400,TURF,G2,10,5,H0005406,ウマ5406,セ,2021,中村 駿,55.0,18,0.181,0.111,0.616,1
452,レース0452,2025-05-23,京都,2400,TURF,G2,11,6,H0005407,ウマ5407,セ,2020,伊藤 翼,55.0,13,0.209,0.105,0.82,2
453,レース0453,2025-08-07,中京,2400,DIRT,未勝利,1,1,H0005408,ウマ5408,セ,2020,鈴木 花子,56.0,11,0.242,0.051,0.469,11
453,レース0453,2025-08-07,中京,2400,DIRT,未勝利,2,1,H0005409,ウマ5409,牡,2022,鈴木 花子,58.0,9,0.07,0.158,0.831,5
453,レース0453,2025-08-07,中京,2400,DIRT,未勝利,3,2,H0005410,ウマ5410,牡,2021,山本 陽,55.0,3,0.42,0.03,0.55,1
453,レース0453,2025-08-07,中京,2400,DIRT,未勝利,4,2,H0005411,ウマ5411,牡,2022,鈴木 花子,56.0,11,0.102,0.168,0.784,3
453,レース0453,2025-08-07,中京,2400,DIRT,未勝利,5,3,H0005412,ウマ5412,牡,2022,佐藤 健,56.0,11,0.2,0.121,0.655,4
453,レース0453,2025-08-07,中京,2400,DIRT,未勝利,6,3,H0005413,ウマ5413,セ,2020,渡辺 美咲,58.0,4,0.213,0.084,0.451,12
453,レース0453,2025-08-07,中京,2400,DIRT,未勝利,7,4,H0005414,ウマ5414,牡,2022,小林 蓮,58.0,11,0.082,0.11,0.937,6
453,レース0453,2025-08-07,中京,2400,DIRT,未勝利,8,4,H0005415,ウマ5415,セ,2021,加藤 楓,55.0,23,0.335,0.204,0.695,2
453,レース0453,2025-08-07,中京,2400,DIRT,未勝利,9,5,H0005416,ウマ5416,セ,2020,渡辺 美咲,58.0,10,0.092,0.175,0.49,15
453,レース0453,2025-08-07,中京,2400,DIRT,未勝利,10,5,H0005417,ウマ5417,牝,2020,加藤 楓,57.0,25,0.189,0.064,0.544,10
453,レース0453,2025-08-07,中京,2400,DIRT,未勝利,11,6,H0005418,ウマ5418,牡,2022,高橋 大輔,57.0,3,0.098,0.176,0.541,14
453,レース0453,2025-08-07,中京,2400,DIRT,未勝利,12,6,H0005419,ウマ5419,牝,2022,伊藤 翼,58.0,15,0.189,0.13,0.218,16
453,レース0453,2025-08-07,中京,2400,DIRT,未勝利,13,7,H0005420,ウマ5420,セ,2020,伊藤 翼,56.0,20,0.269,0.113,0.416,9
453,レース0453,2025-08-07,中京,2400,DIRT,未勝利,14,7,H0005421,ウマ5421,牝,2022,佐藤 健,54.0,24,0.18,0.178,0.33,8
453,レース0453,2025-08-07,中京,2400,DIRT,未勝利,15,8,H0005422,ウマ5422,牝,2020,渡辺 美咲,54.0,28,0.036,0.159,0.381,13
453,レース0453,2025-08-07,中京,2400,DIRT,未勝利,16,8,H0005423,ウマ5423,牡,2021,渡辺 美咲,54.0,26,0.223,0.06,0.528,7
454,レース0454,2025-07-22,中山,1200,DIRT,G3,1,1,H0005424,ウマ5424,セ,2022,伊藤 翼,58.0,4,0.306,0.086,0.653,6
454,レース0454,2025-07-22,中山,1200,DIRT,G3,2,1,H0005425,ウマ5425,牝,2020,伊藤 翼,55.0,29,0.172,0.065,0.534,10
454,レース0454,2025-07-22,中山,1200,DIRT,G3,3,2,H0005426,ウマ5426,牝,2021,高橋 大輔,55.0,7,0.203,0.138,0.247,14
454,レース0454,2025-07-22,中山,1200,DIRT,G3,4,2,H0005427,ウマ5427,牡,2021,鈴木 花子,54.0,14,0.306,0.12,0.515,3
454,レース0454,2025-07-22,中山,1200,DIRT,G3,5,3,H0005428,ウマ5428,牡,2020,山本 陽,56.0,5,0.241,0.187,0.829,1
454,レース0454,2025-07-22,中山,1200,DIRT,G3,6,3,H0005429,ウマ5429,セ,2021,高橋 大輔,54.0,26,0.092,0.213,0.435,9
454,レース0454,2025-07-22,中山,1200,DIRT,G3,7,4,H0005430,ウマ5430,牝,2020,中村 駿,55.0,11,0.216,0.15,0.536,8
454,レース0454,2025-07-22,中山,1200,DIRT,G3,8,4,H0005431,ウマ5431,セ,2021,伊藤 翼,57.0,12,0.117,0.109,0.489,11
454,レース0454,2025-07-22,中山,1200,DIRT,G3,9,5,H0005432,ウマ5432,セ,2022,田中 一郎,55.0,17,0.17,0.157,0.709,7
454,レース0454,2025-07-22,中山,1200,DIRT,G3,10,5,H0005433,ウマ5433,牝,2022,田中 一郎,54.0,14,0.035,0.118,0.516,13
454,レース0454,2025-07-22,中山,1200,DIRT,G3,11,6,H0005434,ウマ5434,セ,2022,小林 蓮,55.0,12,0.035,0.074,0.712,12
454,レース0454,2025-07-22,中山,1200,DIRT,G3,12,6,H0005435,ウマ5435,セ,2022,田中 一郎,54.0,17,0.153,0.059,0.687,5
454,レース0454,2025-07-22,中山,1200,DIRT,G3,13,7,H0005436,ウマ5436,牝,2022,佐藤 健,54.0,3,0.191,0.146,0.653,4
454,レース0454,2025-07-22,中山,1200,DIRT,G3,14,7,H0005437,ウマ5437,牝,2020,佐藤 健,56.0,5,0.155,0.196,1.0,2
455,レース0455,2025-11-07,阪神,2400,TURF,3勝,1,1,H0005438,ウマ5438,牡,2020,渡辺 美咲,56.0,26,0.203,0.21,0.697,2
455,レース0455,2025-11-07,阪神,2400,TURF,3勝,2,1,H0005439,ウマ5439,牝,2021,鈴木 花子,54.0,11,0.082,0.122,0.478,8
455,レース0455,2025-11-07,阪神,2400,TURF,3勝,3,2,H0005440,ウマ5440,牝,2021,田中 一郎,56.0,21,0.261,0.175,0.696,1
455,レース0455,2025-11-07,阪神,2400,TURF,3勝,4,2,H0005441,ウマ5441,牡,2021,高橋 大輔,54.0,20,0.138,0.162,0.685,4
455,レース0455,2025-11-07,阪神,2400,TURF,3勝,5,3,H0005442,ウマ5442,牡,2022,中村 駿,56.0,8,0.253,0.112,0.605,7
455,レース0455,2025-11-07,阪神,2400,TURF,3勝,6,3,H0005443,ウマ5443,牝,2020,田中 一郎,56.0,15,0.247,0.088,0.651,3
455,レース0455,2025-11-07,阪神,2400,TURF,3勝,7,4,H0005444,ウマ5444,牝,2022,小林 蓮,56.0,8,0.215,0.208,0.768,6
455,レース0455,2025-11-07,阪神,2400,TURF,3勝,8,4,H0005445,ウマ5445,牡,2020,佐藤 健,57.0,3,0.259,0.115,0.751,5
456,レース0456,2025-09-21,中山,2400,DIRT,G1,1,1,H0005446,ウマ5446,牡,2022,加藤 楓,55.0,16,0.276,0.174,0.539,4
456,レース0456,2025-09-21,中山,2400,DIRT,G1,2,1,H0005447,ウマ5447,牡,2020,中村 駿,55.0,4,0.175,0.117,0.342,13
456,レース0456,2025-09-21,中山,2400,DIRT,G1,3,2,H0005448,ウマ5448,セ,2022,高橋 大輔,58.0,28,0.094,0.137,0.568,8
456,レース0456,2025-09-21,中山,2400,DIRT,G1,4,2,H0005449,ウマ5449,牡,2022,山本 陽,56.0,24,0.343,0.176,0.98,1
456,レース0456,2025-09-21,中山,2400,DIRT,G1,5,3,H0005450,ウマ5450,セ,2020,山本 陽,58.0,7,0.157,0.1,0.547,10
456,レース0456,2025-09-21,中山,2400,DIRT,G1,6,3,H0005451,ウマ5451,牝,2022,鈴木 花子,57.0,13,0.088,0.048,0.415,12
456,レース0456,2025-09-21,中山,2400,DIRT,G1,7,4,H0005452,ウマ5452,牝,2021,高橋 大輔,56.0,12,0.095,0.105,0.202,15
456,レース0456,2025-09-21,中山,2400,DIRT,G1,8,4,H0005453,ウマ5453,セ,2022,中村 駿,55.0,23,0.136,0.041,0.663,9
456,レース0456,2025-09-21,中山,2400,DIRT,G1,9,5,H0005454,ウマ5454,セ,2020,鈴木 花子,57.0,4,0.256,0.089,0.449,3
456,レース0456,2025-09-21,中山,2400,DIRT,G1,10,5,H0005455,ウマ5455,牝,2020,伊藤 翼,55.0,9,0.068,0.236,0.673,5
456,レース0456,2025-09-21,中山,2400,DIRT,G1,11,6,H0005456,ウマ5456,セ,2020,中村 駿,57.0,17,0.293,0.182,0.573,2
456,レース0456,2025-09-21,中山,2400,DIRT,G1,12,6,H0005457,ウマ5457,牡,2022,山本 陽,55.0,28,0.148,0.135,0.335,14
456,レース0456,2025-09-21,中山,2400,DIRT,G1,13,7,H0005458,ウマ5458,牡,2021,小林 蓮,55.0,21,0.185,0.138,0.717,6
456,レース0456,2025-09-21,中山,2400,DIRT,G1,14,7,H0005459,ウマ5459,セ,2021,佐藤 健,57.0,3,0.23,0.188,0.4,11
456,レース0456,2025-09-21,中山,2400,DIRT,G1,15,8,H0005460,ウマ5460,牝,2022,鈴木 花子,55.0,24,0.039,0.211,0.717,7
457,レース0457,2025-10-14,阪神,1200,DIRT,1勝,1,1,H0005461,ウマ5461,牡,2022,田中 一郎,56.0,26,0.22,0.03,0.571,7
457,レース0457,2025-10-14,阪神,1200,DIRT,1勝,2,1,H0005462,ウマ5462,牝,2020,中村 駿,57.0,3,0.165,0.063,0.441,6
457,レース0457,2025-10-14,阪神,1200,DIRT,1勝,3,2,H0005463,ウマ5463,牝,2020,中村 駿,58.0,15,0.194,0.079,0.643,3
457,レース0457,2025-10-14,阪神,1200,DIRT,1勝,4,2,H0005464,ウマ5464,セ,2021,渡辺 美咲,57.0,3,0.14,0.109,0.303,9
457,レース0457,2025-10-14,阪神,1200,DIRT,1勝,5,3,H0005465,ウマ5465,牡,2022,高橋 大輔,54.0,4,0.159,0.128,0.881,2
457,レース0457,2025-10-14,阪神,1200,DIRT,1勝,6,3,H0005466,ウマ5466,セ,2022,加藤 楓,56.0,29,0.219,0.07,0.676,4
457,レース0457,2025-10-14,阪神,1200,DIRT,1勝,7,4,H0005467,ウマ5467,牡,2022,山本 陽,56.0,26,0.431,0.162,0.919,1
457,レース0457,2025-10-14,阪神,1200,DIRT,1勝,8,4,H0005468,ウマ5468,牝,2020,中村 駿,55.0,4,0.137,0.126,0.615,5
457,レース0457,2025-10-14,阪神,1200,DIRT,1勝,9,5,H0005469,ウマ5469,牡,2021,中村 駿,58.0,5,0.083,0.186,0.303,8
457,レース0457,2025-10-14,阪神,1200,DIRT,1勝,10,5,H0005470,ウマ5470,牝,2022,加藤 楓,58.0,9,0.095,0.056,0.401,10
458,レース0458,2025-04-05,阪神,2000,DIRT,G1,1,1,H0005471,ウマ5471,牝,2021,小林 蓮,54.0,13,0.201,0.111,0.333,2
458,レース0458,2025-04-05,阪神,2000,DIRT,G1,2,1,H0005472,ウマ5472,牝,2021,高橋 大輔,54.0,26,0.221,0.039,0.893,1
458,レース0458,2025-04-05,阪神,2000,DIRT,G1,3,2,H0005473,ウマ5473,セ,2021,田中 一郎,55.0,25,0.237,0.098,0.306,5
458,レース0458,2025-04-05,阪神,2000,DIRT,G1,4,2,H0005474,ウマ5474,牡,2022,田中 一郎,57.0,9,0.223,0.04,0.47,13
458,レース0458,2025-04-05,阪神,2000,DIRT,G1,5,3,H0005475,ウマ5475,牝,2020,渡辺 美咲,57.0,5,0.114,0.149,0.233,14
458,レース0458,2025-04-05,阪神,2000,DIRT,G1,6,3,H0005476,ウマ5476,セ,2020,小林 蓮,57.0,3,0.255,0.159,0.462,6
458,レース0458,2025-04-05,阪神,2000,DIRT,G1,7,4,H0005477,ウマ5477,セ,2020,田中 一郎,54.0,6,0.125,0.127,0.497,12
458,レース0458,2025-04-05,阪神,2000,DIRT,G1,8,4,H0005478,ウマ5478,牡,2021,鈴木 花子,54.0,29,0.187,0.201,0.555,4
458,レース0458,2025-04-05,阪神,2000,DIRT,G1,9,5,H0005479,ウマ5479,セ,2022,加藤 楓,57.0,28,0.181,0.123,0.534,7
458,レース0458,2025-04-05,阪神,2000,DIRT,G1,10,5,H0005480,ウマ5480,セ,2020,小林 蓮,57.0,15,0.162,0.137,0.465,9
458,レース0458,2025-04-05,阪神,2000,DIRT,G1,11,6,H0005481,ウマ5481,セ,2022,中村 駿,58.0,25,0.175,0.169,0.431,10
458,レース0458,2025-04-05,阪神,2000,DIRT,G1,12,6,H0005482,ウマ5482,牡,2021,小林 蓮,55.0,7,0.137,0.242,0.756,3
458,レース0458,2025-04-05,阪神,2000,DIRT,G1,13,7,H0005483,ウマ5483,牝,2020,佐藤 健,54.0,19,0.164,0.134,0.52,8
458,レース0458,2025-04-05,阪神,2000,DIRT,G1,14,7,H0005484,ウマ5484,牝,2022,佐藤 健,57.0,5,0.309,0.072,0.266,11
459,レース0459,2025-05-28,中京,1800,DIRT,1勝,1,1,H0005485,ウマ5485,牝,2021,高橋 大輔,58.0,22,0.297,0.121,0.574,5
459,レース0459,2025-05-28,中京,1800,DIRT,1勝,2,1,H0005486,ウマ5486,牝,2022,小林 蓮,55.0,16,0.238,0.19,0.499,10
459,レース0459,2025-05-28,中京,1800,DIRT,1勝,3,2,H0005487,ウマ5487,牝,2020,中村 駿,55.0,27,0.291,0.166,0.508,3
459,レース0459,2025-05-28,中京,1800,DIRT,1勝,4,2,H0005488,ウマ5488,牝,2021,高橋 大輔,54.0,27,0.24,0.122,0.511,9
459,レース0459,2025-05-28,中京,1800,DIRT,1勝,5,3,H0005489,ウマ5489,牡,2022,伊藤 翼,54.0,8,0.171,0.062,0.268,15
459,レース0459,2025-05-28,中京,1800,DIRT,1勝,6,3,H0005490,ウマ5490,セ,2020,小林 蓮,55.0,20,0.233,0.128,0.519,12
459,レース0459,2025-05-28,中京,1800,DIRT,1勝,7,4,H0005491,ウマ5491,牡,2020,中村 駿,54.0,18,0.256,0.112,0.636,6
459,レース0459,2025-05-28,中京,1800,DIRT,1勝,8,4,H0005492,ウマ5492,牝,2020,鈴木 花子,58.0,3,0.118,0.126,0.56,7
459,レース0459,2025-05-28,中京,1800,DIRT,1勝,9,5,H0005493,ウマ5493,セ,2020,伊藤 翼,58.0,7,0.043,0.203,0.7,14
459,レース0459,2025-05-28,中京,1800,DIRT,1勝,10,5,H0005494,ウマ5494,セ,2020,加藤 楓,56.0,29,0.104,0.121,0.202,16
459,レース0459,2025-05-28,中京,1800,DIRT,1勝,11,6,H0005495,ウマ5495,セ,2021,田中 一郎,56.0,25,0.113,0.198,0.769,4
459,レース0459,2025-05-28,中京,1800,DIRT,1勝,12,6,H0005496,ウマ5496,牡,2022,伊藤 翼,57.0,15,0.117,0.137,0.784,11
459,レース0459,2025-05-28,中京,1800,DIRT,1勝,13,7,H0005497,ウマ5497,牝,2022,加藤 楓,54.0,15,0.45,0.111,0.519,1
459,レース0459,2025-05-28,中京,1800,DIRT,1勝,14,7,H0005498,ウマ5498,牡,2020,加藤 楓,57.0,25,0.168,0.157,0.548,8
459,レース0459,2025-05-28,中京,1800,DIRT,1勝,15,8,H0005499,ウマ5499,牝,2022,鈴木 花子,54.0,22,0.321,0.067,0.314,13
459,レース0459,2025-05-28,中京,1800,DIRT,1勝,16,8,H0005500,ウマ5500,セ,2021,田中 一郎,58.0,5,0.355,0.17,0.589,2
460,レース0460,2025-06-03,東京,1400,TURF,3勝,1,1,H0005501,ウマ5501,牡,2022,高橋 大輔,56.0,9,0.227,0.185,0.343,9
460,レース0460,2025-06-03,東京,1400,TURF,3勝,2,1,H0005502,ウマ5502,牝,2022,伊藤 翼,54.0,7,0.102,0.142,0.323,12
460,レース0460,2025-06-03,東京,1400,TURF,3勝,3,2,H0005503,ウマ5503,牡,2020,山本 陽,58.0,14,0.195,0.123,0.6,4
460,レース0460,2025-06-03,東京,1400,TURF,3勝,4,2,H0005504,ウマ5504,牝,2021,小林 蓮,54.0,30,0.107,0.138,0.494,11
460,レース0460,2025-06-03,東京,1400,TURF,3勝,5,3,H0005505,ウマ5505,セ,2022,中村 駿,56.0,25,0.178,0.131,0.57,6
460,レース0460,2025-06-03,東京,1400,TURF,3勝,6,3,H0005506,ウマ5506,牝,2020,伊藤 翼,57.0,8,0.122,0.163,0.596,10
460,レース0460,2025-06-03,東京,1400,TURF,3勝,7,4,H0005507,ウマ5507,セ,2020,佐藤 健,54.0,22,0.28,0.12,0.696,1
460,レース0460,2025-06-03,東京,1400,TURF,3勝,8,4,H0005508,ウマ5508,セ,2022,佐藤 健,54.0,25,0.223,0.109,0.721,2
460,レース0460,2025-06-03,東京,1400,TURF,3勝,9,5,H0005509,ウマ5509,セ,2021,渡辺 美咲,57.0,26,0.174,0.167,0.497,7
460,レース0460,2025-06-03,東京,1400,TURF,3勝,10,5,H0005510,ウマ5510,牝,2020,鈴木 花子,57.0,18,0.258,0.096,0.553,8
460,レース0460,2025-06-03,東京,1400,TURF,3勝,11,6,H0005511,ウマ5511,セ,2022,佐藤 健,54.0,13,0.106,0.055,0.423,13
460,レース0460,2025-06-03,東京,1400,TURF,3勝,12,6,H0005512,ウマ5512,セ,2021,山本 陽,55.0,23,0.137,0.079,0.663,3
460,レース0460,2025-06-03,東京,1400,TURF,3勝,13,7,H0005513,ウマ5513,牝,2021,渡辺 美咲,58.0,11,0.329,0.085,0.421,5
461,レース0461,2025-02-10,中山,1600,TURF,未勝利,1,1,H0005514,ウマ5514,牡,2020,加藤 楓,57.0,23,0.203,0.072,0.861,3
461,レース0461,2025-02-10,中山,1600,TURF,未勝利,2,1,H0005515,ウマ5515,牡,2022,高橋 大輔,57.0,24,0.199,0.079,0.346,4
461,レース0461,2025-02-10,中山,1600,TURF,未勝利,3,2,H0005516,ウマ5516,牝,2021,伊藤 翼,55.0,3,0.31,0.096,0.67,1
461,レース0461,2025-02-10,中山,1600,TURF,未勝利,4,2,H0005517,ウマ5517,牝,2021,山本 陽,58.0,14,0.188,0.172,0.407,8
461,レース0461,2025-02-10,中山,1600,TURF,未勝利,5,3,H0005518,ウマ5518,牡,2020,田中 一郎,56.0,30,0.1,0.106,0.71,5
461,レース0461,2025-02-10,中山,1600,TURF,未勝利,6,3,H0005519,ウマ5519,牝,2022,高橋 大輔,57.0,22,0.095,0.105,0.366,7
461,レース0461,2025-02-10,中山,1600,TURF,未勝利,7,4,H0005520,ウマ5520,セ,2022,小林 蓮,54.0,15,0.343,0.085,0.289,6
461,レース0461,2025-02-10,中山,1600,TURF,未勝利,8,4,H0005521,ウマ5521,セ,2022,渡辺 美咲,56.0,26,0.206,0.03,0.65,2
462,レース0462,2025-12-17,中京,1200,DIRT,2勝,1,1,H0005522,ウマ5522,牡,2022,山本 陽,56.0,25,0.264,0.138,0.81,1
462,レース0462,2025-12-17,中京,1200,DIRT,2勝,2,1,H0005523,ウマ5523,牡,2021,田中 一郎,56.0,7,0.079,0.039,0.56,5
462,レース0462,2025-12-17,中京,1200,DIRT,2勝,3,2,H0005524,ウマ5524,セ,2020,伊藤 翼,56.0,25,0.259,0.03,0.158,10
462,レース0462,2025-12-17,中京,1200,DIRT,2勝,4,2,H0005525,ウマ5525,セ,2022,山本 陽,58.0,4,0.082,0.158,0.439,9
462,レース0462,2025-12-17,中京,1200,DIRT,2勝,5,3,H0005526,ウマ5526,牝,2022,佐藤 健,55.0,18,0.0,0.077,0.502,8
462,レース0462,2025-12-17,中京,1200,DIRT,2勝,6,3,H0005527,ウマ5527,牡,2021,加藤 楓,57.0,5,0.229,0.176,0.465,3
462,レース0462,2025-12-17,中京,1200,DIRT,2勝,7,4,H0005528,ウマ5528,セ,2021,高橋 大輔,57.0,15,0.189,0.102,0.704,4
462,レース0462,2025-12-17,中京,1200,DIRT,2勝,8,4,H0005529,ウマ5529,牝,2020,高橋 大輔,57.0,5,0.338,0.09,0.571,2
462,レース0462,2025-12-17,中京,1200,DIRT,2勝,9,5,H0005530,ウマ5530,セ,2020,中村 駿,57.0,8,0.29,0.043,0.404,6
462,レース0462,2025-12-17,中京,1200,DIRT,2勝,10,5,H0005531,ウマ5531,セ,2022,中村 駿,58.0,18,0.13,0.2,0.319,7
463,レース0463,2025-03-10,中山,2000,TURF,G3,1,1,H0005532,ウマ5532,牝,2021,加藤 楓,55.0,16,0.267,0.03,0.658,8
463,レース0463,2025-03-10,中山,2000,TURF,G3,2,1,H0005533,ウマ5533,牝,2022,山本 陽,57.0,14,0.0,0.184,0.377,14
463,レース0463,2025-03-10,中山,2000,TURF,G3,3,2,H0005534,ウマ5534,セ,2020,高橋 大輔,57.0,13,0.205,0.103,0.575,7
463,レース0463,2025-03-10,中山,2000,TURF,G3,4,2,H0005535,ウマ5535,牡,2020,小林 蓮,58.0,10,0.301,0.129,1.0,1
463,レース0463,2025-03-10,中山,2000,TURF,G3,5,3,H0005536,ウマ5536,牡,2020,渡辺 美咲,56.0,13,0.286,0.13,0.693,3
463,レース0463,2025-03-10,中山,2000,TURF,G3,6,3,H0005537,ウマ5537,牝,2020,小林 蓮,54.0,5,0.123,0.126,0.578,5
463,レース0463,2025-03-10,中山,2000,TURF,G3,7,4,H0005538,ウマ5538,牝,2021,小林 蓮,57.0,23,0.21,0.156,0.087,13
463,レース0463,2025-03-10,中山,2000,TURF,G3,8,4,H0005539,ウマ5539,牝,2021,渡辺 美咲,55.0,10,0.06,0.163,0.668,12
463,レース0463,2025-03-10,中山,2000,TURF,G3,9,5,H0005540,ウマ5540,牝,2020,高橋 大輔,56.0,14,0.352,0.099,0.511,6
463,レース0463,2025-03-10,中山,2000,TURF,G3,10,5,H0005541,ウマ5541,牡,2020,鈴木 花子,55.0,8,0.185,0.207,0.528,4
463,レース0463,2025-03-10,中山,2000,TURF,G3,11,6,H0005542,ウマ5542,セ,2020,伊藤 翼,57.0,21,0.036,0.108,0.68,11
463,レース0463,2025-03-10,中山,2000,TURF,G3,12,6,H0005543,ウマ5543,牡,2020,小林 蓮,57.0,3,0.076,0.094,0.728,9
463,レース0463,2025-03-10,中山,2000,TURF,G3,13,7,H0005544,ウマ5544,牡,2020,田中 一郎,55.0,5,0.056,0.091,0.721,10
463,レース0463,2025-03-10,中山,2000,TURF,G3,14,7,H0005545,ウマ5545,牡,2021,小林 蓮,57.0,22,0.31,0.077,0.582,2
464,レース0464,2025-04-14,中京,1800,TURF,1勝,1,1,H0005546,ウマ5546,セ,2022,鈴木 花子,56.0,3,0.255,0.066,0.298,12
464,レース0464,2025-04-14,中京,1800,TURF,1勝,2,1,H0005547,ウマ5547,牡,2022,佐藤 健,57.0,23,0.07,0.032,0.583,11
464,レース0464,2025-04-14,中京,1800,TURF,1勝,3,2,H0005548,ウマ5548,セ,2021,佐藤 健,54.0,22,0.225,0.221,0.607,6
464,レース0464,2025-04-14,中京,1800,TURF,1勝,4,2,H0005549,ウマ5549,牝,2020,渡辺 美咲,55.0,4,0.142,0.113,0.77,9
464,レース0464,2025-04-14,中京,1800,TURF,1勝,5,3,H0005550,ウマ5550,牡,2022,山本 陽,58.0,26,0.237,0.063,0.662,3
464,レース0464,2025-04-14,中京,1800,TURF,1勝,6,3,H0005551,ウマ5551,牡,2022,山本 陽,54.0,22,0.207,0.185,0.607,8
464,レース0464,2025-04-14,中京,1800,TURF,1勝,7,4,H0005552,ウマ5552,牡,2020,渡辺 美咲,58.0,3,0.152,0.063,0.542,10
464,レース0464,2025-04-14,中京,1800,TURF,1勝,8,4,H0005553,ウマ5553,牝,2021,鈴木 花子,56.0,16,0.223,0.03,0.474,7
464,レース0464,2025-04-14,中京,1800,TURF,1勝,9,5,H0005554,ウマ5554,牡,2020,伊藤 翼,57.0,26,0.103,0.052,0.441,16
464,レース0464,2025-04-14,中京,1800,TURF,1勝,10,5,H0005555,ウマ5555,セ,2020,鈴木 花子,56.0,28,0.202,0.127,0.655,4
464,レース0464,2025-04-14,中京,1800,TURF,1勝,11,6,H0005556,ウマ5556,牡,2021,田中 一郎,56.0,14,0.12,0.12,0.435,15
464,レース0464,2025-04-14,中京,1800,TURF,1勝,12,6,H0005557,ウマ5557,牝,2021,山本 陽,54.0,13,0.121,0.131,0.848,2
464,レース0464,2025-04-14,中京,1800,TURF,1勝,13,7,H0005558,ウマ5558,牡,2022,小林 蓮,58.0,22,0.292,0.07,0.349,13
464,レース0464,2025-04-14,中京,1800,TURF,1勝,14,7,H0005559,ウマ5559,牡,2022,鈴木 花子,58.0,10,0.176,0.106,0.149,14
464,レース0464,2025-04-14,中京,1800,TURF,1勝,15,8,H0005560,ウマ5560,セ,2022,佐藤 健,57.0,3,0.371,0.117,0.596,5
464,レース0464,2025-04-14,中京,1800,TURF,1勝,16,8,H0005561,ウマ5561,牡,2022,田中 一郎,55.0,5,0.322,0.079,0.701,1
465,レース0465,2025-06-27,中京,1200,TURF,G2,1,1,H0005562,ウマ5562,牝,2021,高橋 大輔,57.0,22,0.17,0.05,0.086,14
465,レース0465,2025-06-27,中京,1200,TURF,G2,2,1,H0005563,ウマ5563,牡,2020,田中 一郎,58.0,30,0.141,0.197,0.811,4
465,レース0465,2025-06-27,中京,1200,TURF,G2,3,2,H0005564,ウマ5564,牝,2020,田中 一郎,54.0,14,0.166,0.119,0.527,8
465,レース0465,2025-06-27,中京,1200,TURF,G2,4,2,H0005565,ウマ5565,セ,2022,加藤 楓,55.0,26,0.21,0.217,0.443,2
465,レース0465,2025-06-27,中京,1200,TURF,G2,5,3,H0005566,ウマ5566,牝,2022,小林 蓮,58.0,4,0.26,0.175,0.348,11
465,レース0465,2025-06-27,中京,1200,TURF,G2,6,3,H0005567,ウマ5567,牡,2022,中村 駿,56.0,21,0.173,0.17,0.67,1
465,レース0465,2025-06-27,中京,1200,TURF,G2,7,4,H0005568,ウマ5568,牝,2022,小林 蓮,56.0,27,0.126,0.127,0.443,13
465,レース0465,2025-06-27,中京,1200,TURF,G2,8,4,H0005569,ウマ5569,牡,2022,鈴木 花子,58.0,23,0.239,0.03,0.532,10
465,レース0465,2025-06-27,中京,1200,TURF,G2,9,5,H0005570,ウマ5570,牝,2021,小林 蓮,58.0,17,0.216,0.19,0.552,7
465,レース0465,2025-06-27,中京,1200,TURF,G2,10,5,H0005571,ウマ5571,牝,2022,加藤 楓,54.0,30,0.132,0.065,0.476,3
465,レース0465,2025-06-27,中京,1200,TURF,G2,11,6,H0005572,ウマ5572,牡,2022,伊藤 翼,54.0,7,0.103,0.191,0.517,9
465,レース0465,2025-06-27,中京,1200,TURF,G2,12,6,H0005573,ウマ5573,牡,2021,加藤 楓,58.0,29,0.16,0.123,0.622,6
465,レース0465,2025-06-27,中京,1200,TURF,G2,13,7,H0005574,ウマ5574,セ,2020,高橋 大輔,55.0,18,0.05,0.092,0.395,12
465,レース0465,2025-06-27,中京,1200,TURF,G2,14,7,H0005575,ウマ5575,セ,2022,中村 駿,54.0,21,0.278,0.138,0.57,5
466,レース0466,2025-08-09,中京,1400,DIRT,G1,1,1,H0005576,ウマ5576,牝,2020,山本 陽,54.0,14,0.216,0.03,0.494,5
466,レース0466,2025-08-09,中京,1400,DIRT,G1,2,1,H0005577,ウマ5577,牡,2022,中村 駿,54.0,5,0.164,0.107,0.526,7
466,レース0466,2025-08-09,中京,1400,DIRT,G1,3,2,H0005578,ウマ5578,セ,2021,伊藤 翼,54.0,26,0.258,0.117,0.552,1
466,レース0466,2025-08-09,中京,1400,DIRT,G1,4,2,H0005579,ウマ5579,セ,2020,田中 一郎,55.0,30,0.1,0.063,0.589,8
466,レース0466,2025-08-09,中京,1400,DIRT,G1,5,3,H0005580,ウマ5580,牝,2020,山本 陽,56.0,15,0.033,0.124,0.405,12
466,レース0466,2025-08-09,中京,1400,DIRT,G1,6,3,H0005581,ウマ5581,セ,2022,山本 陽,54.0,20,0.285,0.206,0.42,2
466,レース0466,2025-08-09,中京,1400,DIRT,G1,7,4,H0005582,ウマ5582,セ,2020,鈴木 花子,54.0,13,0.21,0.113,0.572,4
466,レース0466,2025-08-09,中京,1400,DIRT,G1,8,4,H0005583,ウマ5583,牝,2022,高橋 大輔,54.0,8,0.222,0.16,0.359,10
466,レース0466,2025-08-09,中京,1400,DIRT,G1,9,5,H0005584,ウマ5584,牝,2020,中村 駿,58.0,29,0.182,0.13,0.831,3
466,レース0466,2025-08-09,中京,1400,DIRT,G1,10,5,H0005585,ウマ5585,牡,2022,田中 一郎,58.0,3,0.221,0.142,0.627,6
466,レース0466,2025-08-09,中京,1400,DIRT,G1,11,6,H0005586,ウマ5586,セ,2020,鈴木 花子,55.0,16,0.095,0.157,0.6,9
466,レース0466,2025-08-09,中京,1400,DIRT,G1,12,6,H0005587,ウマ5587,牡,2020,高橋 大輔,57.0,20,0.019,0.156,0.46,11
467,レース0467,2025-04-10,阪神,1200,DIRT,3勝,1,1,H0005588,ウマ5588,牡,2022,小林 蓮,55.0,11,0.254,0.109,0.921,1
467,レース0467,2025-04-10,阪神,1200,DIRT,3勝,2,1,H0005589,ウマ5589,牡,2021,山本 陽,58.0,14,0.112,0.069,0.503,6
467,レース0467,2025-04-10,阪神,1200,DIRT,3勝,3,2,H0005590,ウマ5590,セ,2020,中村 駿,56.0,20,0.235,0.215,0.564,4
467,レース0467,2025-04-10,阪神,1200,DIRT,3勝,4,2,H0005591,ウマ5591,セ,2021,佐藤 健,54.0,17,0.186,0.159,0.75,5
467,レース0467,2025-04-10,阪神,1200,DIRT,3勝,5,3,H0005592,ウマ5592,牝,2022,鈴木 花子,54.0,14,0.149,0.104,0.948,2
467,レース0467,2025-04-10,阪神,1200,DIRT,3勝,6,3,H0005593,ウマ5593,牝,2020,加藤 楓,54.0,12,0.169,0.03,0.282,10
467,レース0467,2025-04-10,阪神,1200,DIRT,3勝,7,4,H0005594,ウマ5594,牝,2021,高橋 大輔,56.0,23,0.114,0.064,0.392,11
467,レース0467,2025-04-10,阪神,1200,DIRT,3勝,8,4,H0005595,ウマ5595,セ,2021,佐藤 健,56.0,21,0.16,0.155,0.456,7
467,レース0467,2025-04-10,阪神,1200,DIRT,3勝,9,5,H0005596,ウマ5596,セ,2020,小林 蓮,54.0,8,0.185,0.058,0.492,3
467,レース0467,2025-04-10,阪神,1200,DIRT,3勝,10,5,H0005597,ウマ5597,牝,2022,渡辺 美咲,56.0,29,0.064,0.188,0.473,9
467,レース0467,2025-04-10,阪神,1200,DIRT,3勝,11,6,H0005598,ウマ5598,牝,2021,佐藤 健,55.0,26,0.125,0.046,0.568,8
468,レース0468,2025-03-09,中山,1400,TURF,G1,1,1,H0005599,ウマ5599,牝,2021,佐藤 健,54.0,5,0.217,0.101,0.638,6
468,レース0468,2025-03-09,中山,1400,TURF,G1,2,1,H0005600,ウマ5600,セ,2020,渡辺 美咲,57.0,13,0.184,0.119,0.747,4
468,レース0468,2025-03-09,中山,1400,TURF,G1,3,2,H0005601,ウマ5601,セ,2020,中村 駿,57.0,4,0.116,0.071,0.524,12
468,レース0468,2025-03-09,中山,1400,TURF,G1,4,2,H0005602,ウマ5602,セ,2021,山本 陽,57.0,21,0.0,0.126,0.319,13
468,レース0468,2025-03-09,中山,1400,TURF,G1,5,3,H0005603,ウマ5603,牝,2022,伊藤 翼,57.0,5,0.17,0.07,0.441,7
468,レース0468,2025-03-09,中山,1400,TURF,G1,6,3,H0005604,ウマ5604,牝,2022,山本 陽,57.0,15,0.198,0.173,0.615,3
468,レース0468,2025-03-09,中山,1400,TURF,G1,7,4,H0005605,ウマ5605,牡,2020,小林 蓮,58.0,6,0.047,0.153,0.518,11
468,レース0468,2025-03-09,中山,1400,TURF,G1,8,4,H0005606,ウマ5606,牡,2022,渡辺 美咲,56.0,23,0.124,0.189,0.418,8
468,レース0468,2025-03-09,中山,1400,TURF,G1,9,5,H0005607,ウマ5607,牡,2022,伊藤 翼,57.0,7,0.191,0.144,0.892,1
468,レース0468,2025-03-09,中山,1400,TURF,G1,10,5,H0005608,ウマ5608,牡,2022,佐藤 健,58.0,9,0.255,0.184,0.752,2
468,レース0468,2025-03-09,中山,1400,TURF,G1,11,6,H0005609,ウマ5609,牡,2021,中村 駿,57.0,26,0.183,0.109,0.508,5
468,レース0468,2025-03-09,中山,1400,TURF,G1,12,6,H0005610,ウマ5610,牝,2021,山本 陽,57.0,18,0.239,0.197,0.268,10
468,レース0468,2025-03-09,中山,1400,TURF,G1,13,7,H0005611,ウマ5611,牡,2020,鈴木 花子,58.0,14,0.223,0.136,0.375,9
469,レース0469,2025-10-02,中京,1400,DIRT,OP,1,1,H0005612,ウマ5612,セ,2021,田中 一郎,56.0,8,0.113,0.18,0.441,7
469,レース0469,2025-10-02,中京,1400,DIRT,OP,2,1,H0005613,ウマ5613,セ,2022,伊藤 翼,56.0,25,0.141,0.145,0.458,12
469,レース0469,2025-10-02,中京,1400,DIRT,OP,3,2,H0005614,ウマ5614,牝,2021,加藤 楓,55.0,18,0.212,0.083,0.716,2
469,レース0469,2025-10-02,中京,1400,DIRT,OP,4,2,H0005615,ウマ5615,牡,2021,加藤 楓,57.0,11,0.168,0.139,0.469,6
469,レース0469,2025-10-02,中京,1400,DIRT,OP,5,3,H0005616,ウマ5616,牝,2021,加藤 楓,54.0,22,0.106,0.103,0.443,15
469,レース0469,2025-10-02,中京,1400,DIRT,OP,6,3,H0005617,ウマ5617,牝,2020,伊藤 翼,55.0,12,0.178,0.17,0.729,1
469,レース0469,2025-10-02,中京,1400,DIRT,OP,7,4,H0005618,ウマ5618,セ,2022,鈴木 花子,57.0,16,0.143,0.081,0.506,13
469,レース0469,2025-10-02,中京,1400,DIRT,OP,8,4,H0005619,ウマ5619,牝,2021,伊藤 翼,55.0,21,0.23,0.143,0.356,10
469,レース0469,2025-10-02,中京,1400,DIRT,OP,9,5,H0005620,ウマ5620,牡,2021,高橋 大輔,56.0,25,0.186,0.03,0.789,3
469,レース0469,2025-10-02,中京,1400,DIRT,OP,10,5,H0005621,ウマ5621,牝,2021,渡辺 美咲,58.0,30,0.309,0.124,0.386,8
469,レース0469,2025-10-02,中京,1400,DIRT,OP,11,6,H0005622,ウマ5622,セ,2021,渡辺 美咲,56.0,24,0.081,0.11,0.875,5
469,レース0469,2025-10-02,中京,1400,DIRT,OP,12,6,H0005623,ウマ5623,牡,2021,小林 蓮,58.0,23,0.088,0.151,0.651,4
469,レース0469,2025-10-02,中京,1400,DIRT,OP,13,7,H0005624,ウマ5624,牡,2020,田中 一郎,56.0,5,0.045,0.17,0.603,11
469,レース0469,2025-10-02,中京,1400,DIRT,OP,14,7,H0005625,ウマ5625,牝,2022,佐藤 健,57.0,6,0.138,0.132,0.626,9
469,レース0469,2025-10-02,中京,1400,DIRT,OP,15,8,H0005626,ウマ5626,牝,2022,佐藤 健,58.0,11,0.162,0.088,0.37,14
470,レース0470,2025-06-28,京都,1600,DIRT,G3,1,1,H0005627,ウマ5627,セ,2021,伊藤 翼,57.0,7,0.236,0.08,0.497,5
470,レース0470,2025-06-28,京都,1600,DIRT,G3,2,1,H0005628,ウマ5628,牡,2022,佐藤 健,55.0,28,0.288,0.135,0.251,6
470,レース0470,2025-06-28,京都,1600,DIRT,G3,3,2,H0005629,ウマ5629,セ,2021,田中 一郎,57.0,17,0.213,0.156,0.616,4
470,レース0470,2025-06-28,京都,1600,DIRT,G3,4,2,H0005630,ウマ5630,セ,2020,伊藤 翼,54.0,19,0.191,0.154,0.69,1
470,レース0470,2025-06-28,京都,1600,DIRT,G3,5,3,H0005631,ウマ5631,牡,2020,山本 陽,57.0,10,0.153,0.134,0.175,8
470,レース0470,2025-06-28,京都,1600,DIRT,G3,6,3,H0005632,ウマ5632,セ,2022,高橋 大輔,58.0,28,0.297,0.265,0.523,3
470,レース0470,2025-06-28,京都,1600,DIRT,G3,7,4,H0005633,ウマ5633,セ,2021,鈴木 花子,54.0,24,0.217,0.174,0.841,2
470,レース0470,2025-06-28,京都,1600,DIRT,G3,8,4,H0005634,ウマ5634,牝,2022,渡辺 美咲,58.0,7,0.181,0.104,0.052,7
471,レース0471,2025-02-04,阪神,2000,DIRT,3勝,1,1,H0005635,ウマ5635,セ,2021,小林 蓮,55.0,15,0.198,0.123,0.919,1
471,レース0471,2025-02-04,阪神,2000,DIRT,3勝,2,1,H0005636,ウマ5636,牡,2020,渡辺 美咲,57.0,6,0.219,0.129,0.399,10
471,レース0471,2025-02-04,阪神,2000,DIRT,3勝,3,2,H0005637,ウマ5637,牡,2022,中村 駿,57.0,3,0.124,0.041,0.453,11
471,レース0471,2025-02-04,阪神,2000,DIRT,3勝,4,2,H0005638,ウマ5638,牝,2022,高橋 大輔,55.0,11,0.292,0.102,0.713,2
471,レース0471,2025-02-04,阪神,2000,DIRT,3勝,5,3,H0005639,ウマ5639,セ,2020,小林 蓮,56.0,17,0.226,0.111,0.494,7
471,レース0471,2025-02-04,阪神,2000,DIRT,3勝,6,3,H0005640,ウマ5640,セ,2021,加藤 楓,57.0,21,0.181,0.144,0.637,4
471,レース0471,2025-02-04,阪神,2000,DIRT,3勝,7,4,H0005641,ウマ5641,牝,2021,小林 蓮,57.0,24,0.212,0.177,0.648,5
471,レース0471,2025-02-04,阪神,2000,DIRT,3勝,8,4,H0005642,ウマ5642,セ,2020,鈴木 花子,55.0,6,0.158,0.167,0.404,3
471,レース0471,2025-02-04,阪神,2000,DIRT,3勝,9,5,H0005643,ウマ5643,牡,2022,高橋 大輔,58.0,14,0.236,0.143,0.487,8
471,レース0471,2025-02-04,阪神,2000,DIRT,3勝,10,5,H0005644,ウマ5644,牝,2020,伊藤 翼,55.0,12,0.135,0.157,0.5,6
471,レース0471,2025-02-04,阪神,2000,DIRT,3勝,11,6,H0005645,ウマ5645,セ,2022,山本 陽,55.0,15,0.226,0.044,0.443,9
472,レース0472,2025-02-23,京都,1200,DIRT,3勝,1,1,H0005646,ウマ5646,牝,2020,小林 蓮,56.0,21,0.22,0.141,0.624,8
472,レース0472,2025-02-23,京都,1200,DIRT,3勝,2,1,H0005647,ウマ5647,牝,2022,中村 駿,54.0,5,0.182,0.203,0.495,2
472,レース0472,2025-02-23,京都,1200,DIRT,3勝,3,2,H0005648,ウマ5648,セ,2021,鈴木 花子,54.0,4,0.167,0.126,0.302,13
472,レース0472,2025-02-23,京都,1200,DIRT,3勝,4,2,H0005649,ウマ5649,牡,2022,田中 一郎,56.0,27,0.253,0.185,0.278,12
472,レース0472,2025-02-23,京都,1200,DIRT,3勝,5,3,H0005650,ウマ5650,牡,2022,中村 駿,57.0,17,0.247,0.14,0.435,3
472,レース0472,2025-02-23,京都,1200,DIRT,3勝,6,3,H0005651,ウマ5651,牝,2020,伊藤 翼,55.0,15,0.201,0.124,0.708,7
472,レース0472,2025-02-23,京都,1200,DIRT,3勝,7,4,H0005652,ウマ5652,セ,2021,鈴木 花子,57.0,5,0.185,0.087,0.281,16
472,レース0472,2025-02-23,京都,1200,DIRT,3勝,8,4,H0005653,ウマ5653,牡,2022,中村 駿,55.0,18,0.16,0.124,0.302,15
472,レース0472,2025-02-23,京都,1200,DIRT,3勝,9,5,H0005654,ウマ5654,セ,2021,鈴木 花子,54.0,8,0.265,0.063,0.363,9
472,レース0472,2025-02-23,京都,1200,DIRT,3勝,10,5,H0005655,ウマ5655,セ,2021,佐藤 健,58.0,27,0.098,0.194,0.503,14
472,レース0472,2025-02-23,京都,1200,DIRT,3勝,11,6,H0005656,ウマ5656,牝,2020,加藤 楓,58.0,11,0.129,0.193,0.844,6
472,レース0472,2025-02-23,京都,1200,DIRT,3勝,12,6,H0005657,ウマ5657,牝,2021,小林 蓮,57.0,8,0.268,0.153,0.602,10
472,レース0472,2025-02-23,京都,1200,DIRT,3勝,13,7,H0005658,ウマ5658,セ,2020,中村 駿,56.0,16,0.081,0.151,0.667,5
472,レース0472,2025-02-23,京都,1200,DIRT,3勝,14,7,H0005659,ウマ5659,牡,2022,高橋 大輔,56.0,18,0.299,0.136,0.679,4
472,レース0472,2025-02-23,京都,1200,DIRT,3勝,15,8,H0005660,ウマ5660,セ,2022,佐藤 健,54.0,30,0.45,0.08,0.537,1
472,レース0472,2025-02-23,京都,1200,DIRT,3勝,16,8,H0005661,ウマ5661,牝,2022,渡辺 美咲,58.0,16,0.096,0.169,0.389,11
473,レース0473,2025-03-26,中山,1200,TURF,G1,1,1,H0005662,ウマ5662,セ,2021,田中 一郎,54.0,11,0.253,0.244,1.0,1
473,レース0473,2025-03-26,中山,1200,TURF,G1,2,1,H0005663,ウマ5663,牡,2021,佐藤 健,55.0,24,0.171,0.131,0.577,4
473,レース0473,2025-03-26,中山,1200,TURF,G1,3,2,H0005664,ウマ5664,牡,2021,山本 陽,56.0,10,0.2,0.199,0.76,2
473,レース0473,2025-03-26,中山,1200,TURF,G1,4,2,H0005665,ウマ5665,セ,2021,伊藤 翼,58.0,8,0.068,0.096,0.335,12
473,レース0473,2025-03-26,中山,1200,TURF,G1,5,3,H0005666,ウマ5666,セ,2022,高橋 大輔,55.0,15,0.0,0.078,0.551,11
473,レース0473,2025-03-26,中山,1200,TURF,G1,6,3,H0005667,ウマ5667,牝,2020,加藤 楓,56.0,5,0.158,0.03,0.451,13
473,レース0473,2025-03-26,中山,1200,TURF,G1,7,4,H0005668,ウマ5668,牡,2022,中村 駿,56.0,5,0.177,0.144,0.306,9
473,レース0473,2025-03-26,中山,1200,TURF,G1,8,4,H0005669,ウマ5669,セ,2022,田中 一郎,54.0,11,0.17,0.12,0.652,3
473,レース0473,2025-03-26,中山,1200,TURF,G1,9,5,H0005670,ウマ5670,牝,2020,伊藤 翼,57.0,27,0.022,0.164,0.565,7
473,レース0473,2025-03-26,中山,1200,TURF,G1,10,5,H0005671,ウマ5671,牝,2020,佐藤 健,56.0,25,0.126,0.219,0.617,6
473,レース0473,2025-03-26,中山,1200,TURF,G1,11,6,H0005672,ウマ5672,牡,2020,渡辺 美咲,55.0,14,0.258,0.108,0.28,10
473,レース0473,2025-03-26,中山,1200,TURF,G1,12,6,H0005673,ウマ5673,牡,2022,小林 蓮,58.0,11,0.186,0.174,0.58,5
473,レース0473,2025-03-26,中山,1200,TURF,G1,13,7,H0005674,ウマ5674,セ,2020,中村 駿,57.0,3,0.091,0.116,0.608,8
474,レース0474,2025-02-08,阪神,1600,TURF,2勝,1,1,H0005675,ウマ5675,牝,2020,山本 陽,56.0,15,0.21,0.18,0.557,3
474,レース0474,2025-02-08,阪神,1600,TURF,2勝,2,1,H0005676,ウマ5676,セ,2020,加藤 楓,57.0,5,0.172,0.096,0.644,15
474,レース0474,2025-02-08,阪神,1600,TURF,2勝,3,2,H0005677,ウマ5677,牡,2022,鈴木 花子,55.0,20,0.225,0.234,0.442,7
474,レース0474,2025-02-08,阪神,1600,TURF,2勝,4,2,H0005678,ウマ5678,牝,2020,中村 駿,56.0,21,0.097,0.126,0.731,6
474,レース0474,2025-02-08,阪神,1600,TURF,2勝,5,3,H0005679,ウマ5679,牝,2022,中村 駿,54.0,23,0.12,0.037,0.34,11
474,レース0474,2025-02-08,阪神,1600,TURF,2勝,6,3,H0005680,ウマ5680,セ,2020,山本 陽,58.0,15,0.345,0.163,0.43,1
474,レース0474,2025-02-08,阪神,1600,TURF,2勝,7,4,H0005681,ウマ5681,牝,2021,伊藤 翼,55.0,21,0.273,0.129,0.49,12
474,レース0474,2025-02-08,阪神,1600,TURF,2勝,8,4,H0005682,ウマ5682,牝,2020,小林 蓮,56.0,24,0.191,0.108,0.241,16
474,レース0474,2025-02-08,阪神,1600,TURF,2勝,9,5,H0005683,ウマ5683,牡,2021,佐藤 健,55.0,16,0.251,0.131,0.654,9
474,レース0474,2025-02-08,阪神,1600,TURF,2勝,10,5,H0005684,ウマ5684,セ,2021,佐藤 健,57.0,8,0.135,0.149,0.75,5
474,レース0474,2025-02-08,阪神,1600,TURF,2勝,11,6,H0005685,ウマ5685,セ,2021,高橋 大輔,54.0,19,0.289,0.208,0.509,2
474,レース0474,2025-02-08,阪神,1600,TURF,2勝,12,6,H0005686,ウマ5686,牡,2021,小林 蓮,58.0,9,0.137,0.198,0.711,14
474,レース0474,2025-02-08,阪神,1600,TURF,2勝,13,7,H0005687,ウマ5687,セ,2022,渡辺 美咲,56.0,3,0.244,0.157,0.66,4
474,レース0474,2025-02-08,阪神,1600,TURF,2勝,14,7,H0005688,ウマ5688,牡,2021,渡辺 美咲,55.0,9,0.191,0.096,0.545,13
474,レース0474,2025-02-08,阪神,1600,TURF,2勝,15,8,H0005689,ウマ5689,セ,2022,伊藤 翼,57.0,10,0.173,0.086,0.704,8
474,レース0474,2025-02-08,阪神,1600,TURF,2勝,16,8,H0005690,ウマ5690,セ,2020,中村 駿,54.0,10,0.163,0.179,0.627,10
475,レース0475,2025-12-12,京都,1800,DIRT,G2,1,1,H0005691,ウマ5691,牡,2021,伊藤 翼,58.0,6,0.305,0.058,0.652,3
475,レース0475,2025-12-12,京都,1800,DIRT,G2,2,1,H0005692,ウマ5692,セ,2022,佐藤 健,58.0,4,0.385,0.079,0.568,2
475,レース0475,2025-12-12,京都,1800,DIRT,G2,3,2,H0005693,ウマ5693,セ,2022,田中 一郎,56.0,8,0.09,0.167,0.315,11
475,レース0475,2025-12-12,京都,1800,DIRT,G2,4,2,H0005694,ウマ5694,セ,2022,中村 駿,56.0,21,0.125,0.234,0.371,8
475,レース0475,2025-12-12,京都,1800,DIRT,G2,5,3,H0005695,ウマ5695,牝,2022,佐藤 健,58.0,14,0.422,0.09,0.561,1
475,レース0475,2025-12-12,京都,1800,DIRT,G2,6,3,H0005696,ウマ5696,牝,2021,高橋 大輔,55.0,26,0.047,0.193,0.463,10
475,レース0475,2025-12-12,京都,1800,DIRT,G2,7,4,H0005697,ウマ5697,牡,2021,小林 蓮,57.0,25,0.144,0.141,0.595,7
475,レース0475,2025-12-12,京都,1800,DIRT,G2,8,4,H0005698,ウマ5698,牡,2021,伊藤 翼,57.0,10,0.286,0.117,0.722,5
475,レース0475,2025-12-12,京都,1800,DIRT,G2,9,5,H0005699,ウマ5699,牡,2020,小林 蓮,55.0,25,0.2,0.205,0.284,9
475,レース0475,2025-12-12,京都,1800,DIRT,G2,10,5,H0005700,ウマ5700,牝,2020,鈴木 花子,58.0,8,0.193,0.13,0.566,6
475,レース0475,2025-12-12,京都,1800,DIRT,G2,11,6,H0005701,ウマ5701,牝,2022,小林 蓮,54.0,7,0.304,0.185,0.647,4
476,レース0476,2025-02-18,阪神,1200,TURF,3勝,1,1,H0005702,ウマ5702,牡,2022,中村 駿,54.0,17,0.069,0.068,0.656,7
476,レース0476,2025-02-18,阪神,1200,TURF,3勝,2,1,H0005703,ウマ5703,牝,2021,伊藤 翼,58.0,3,0.003,0.097,0.266,14
476,レース0476,2025-02-18,阪神,1200,TURF,3勝,3,2,H0005704,ウマ5704,セ,2021,渡辺 美咲,58.0,10,0.224,0.209,0.31,5
476,レース0476,2025-02-18,阪神,1200,TURF,3勝,4,2,H0005705,ウマ5705,牡,2021,鈴木 花子,56.0,12,0.251,0.092,0.386,8
476,レース0476,2025-02-18,阪神,1200,TURF,3勝,5,3,H0005706,ウマ5706,セ,2021,佐藤 健,56.0,30,0.319,0.113,0.334,10
476,レース0476,2025-02-18,阪神,1200,TURF,3勝,6,3,H0005707,ウマ5707,セ,2021,鈴木 花子,58.0,11,0.121,0.161,0.444,9
476,レース0476,2025-02-18,阪神,1200,TURF,3勝,7,4,H0005708,ウマ5708,牝,2020,中村 駿,54.0,24,0.257,0.21,0.855,1
476,レース0476,2025-02-18,阪神,1200,TURF,3勝,8,4,H0005709,ウマ5709,牡,2020,鈴木 花子,58.0,9,0.173,0.095,0.473,6
476,レース0476,2025-02-18,阪神,1200,TURF,3勝,9,5,H0005710,ウマ5710,牡,2021,高橋 大輔,57.0,14,0.25,0.171,0.751,2
476,レース0476,2025-02-18,阪神,1200,TURF,3勝,10,5,H0005711,ウマ5711,牝,2021,高橋 大輔,58.0,19,0.047,0.113,0.394,13
476,レース0476,2025-02-18,阪神,1200,TURF,3勝,11,6,H0005712,ウマ5712,牝,2022,伊藤 翼,58.0,10,0.269,0.055,0.868,4
476,レース0476,2025-02-18,阪神,1200,TURF,3勝,12,6,H0005713,ウマ5713,牝,2020,中村 駿,57.0,14,0.088,0.134,0.451,12
476,レース0476,2025-02-18,阪神,1200,TURF,3勝,13,7,H0005714,ウマ5714,牝,2021,高橋 大輔,56.0,22,0.207,0.213,0.193,11
476,レース0476,2025-02-18,阪神,1200,TURF,3勝,14,7,H0005715,ウマ5715,セ,2022,佐藤 健,58.0,22,0.17,0.178,0.805,3
477,レース0477,2025-10-19,中京,1400,DIRT,G1,1,1,H0005716,ウマ5716,セ,2022,伊藤 翼,58.0,6,0.219,0.121,0.271,9
477,レース0477,2025-10-19,中京,1400,DIRT,G1,2,1,H0005717,ウマ5717,セ,2022,鈴木 花子,55.0,11,0.123,0.141,0.674,7
477,レース0477,2025-10-19,中京,1400,DIRT,G1,3,2,H0005718,ウマ5718,牡,2022,中村 駿,56.0,17,0.072,0.14,0.608,8
477,レース0477,2025-10-19,中京,1400,DIRT,G1,4,2,H0005719,ウマ5719,牡,2021,田中 一郎,56.0,27,0.208,0.106,0.742,2
477,レース0477,2025-10-19,中京,1400,DIRT,G1,5,3,H0005720,ウマ5720,牝,2020,高橋 大輔,57.0,14,0.119,0.073,0.767,5
477,レース0477,2025-10-19,中京,1400,DIRT,G1,6,3,H0005721,ウマ5721,牝,2022,小林 蓮,55.0,21,0.179,0.186,0.309,11
477,レース0477,2025-10-19,中京,1400,DIRT,G1,7,4,H0005722,ウマ5722,牡,2022,田中 一郎,54.0,15,0.293,0.152,0.357,3
477,レース0477,2025-10-19,中京,1400,DIRT,G1,8,4,H0005723,ウマ5723,牡,2021,佐藤 健,58.0,29,0.156,0.085,0.711,1
477,レース0477,2025-10-19,中京,1400,DIRT,G1,9,5,H0005724,ウマ5724,セ,2020,伊藤 翼,57.0,6,0.0,0.141,0.427,12
477,レース0477,2025-10-19,中京,1400,DIRT,G1,10,5,H0005725,ウマ5725,セ,2020,渡辺 美咲,55.0,5,0.172,0.113,0.649,6
477,レース0477,2025-10-19,中京,1400,DIRT,G1,11,6,H0005726,ウマ5726,セ,2022,渡辺 美咲,54.0,4,0.196,0.132,0.426,10
477,レース0477,2025-10-19,中京,1400,DIRT,G1,12,6,H0005727,ウマ5727,セ,2020,渡辺 美咲,57.0,14,0.315,0.162,0.504,4
478,レース0478,2025-12-20,中山,1800,TURF,OP,1,1,H0005728,ウマ5728,セ,2021,渡辺 美咲,57.0,15,0.245,0.198,0.593,5
478,レース0478,2025-12-20,中山,1800,TURF,OP,2,1,H0005729,ウマ5729,牡,2022,加藤 楓,55.0,20,0.246,0.112,0.666,6
478,レース0478,2025-12-20,中山,1800,TURF,OP,3,2,H0005730,ウマ5730,セ,2020,高橋 大輔,57.0,25,0.247,0.211,0.315,9
478,レース0478,2025-12-20,中山,1800,TURF,OP,4,2,H0005731,ウマ5731,牡,2021,田中 一郎,54.0,15,0.165,0.162,0.643,8
478,レース0478,2025-12-20,中山,1800,TURF,OP,5,3,H0005732,ウマ5732,牡,2020,渡辺 美咲,56.0,23,0.196,0.084,0.28,11
478,レース0478,2025-12-20,中山,1800,TURF,OP,6,3,H0005733,ウマ5733,セ,2021,高橋 大輔,54.0,9,0.178,0.093,0.962,1
478,レース0478,2025-12-20,中山,1800,TURF,OP,7,4,H0005734,ウマ5734,セ,2022,田中 一郎,55.0,27,0.174,0.114,0.818,2
478,レース0478,2025-12-20,中山,1800,TURF,OP,8,4,H0005735,ウマ5735,牡,2022,加藤 楓,55.0,8,0.122,0.03,0.333,12
478,レース0478,2025-12-20,中山,1800,TURF,OP,9,5,H0005736,ウマ5736,セ,2020,山本 陽,54.0,8,0.212,0.171,0.647,3
478,レース0478,2025-12-20,中山,1800,TURF,OP,10,5,H0005737,ウマ5737,牡,2022,田中 一郎,58.0,20,0.213,0.126,0.73,7
478,レース0478,2025-12-20,中山,1800,TURF,OP,11,6,H0005738,ウマ5738,牡,2022,加藤 楓,55.0,10,0.137,0.167,0.158,10
478,レース0478,2025-12-20,中山,1800,TURF,OP,12,6,H0005739,ウマ5739,セ,2021,小林 蓮,55.0,22,0.415,0.03,0.382,4
478,レース0478,2025-12-20,中山,1800,TURF,OP,13,7,H0005740,ウマ5740,牝,2022,鈴木 花子,56.0,5,0.001,0.157,0.46,13
479,レース0479,2025-09-13,京都,1800,DIRT,G3,1,1,H0005741,ウマ5741,牡,2022,伊藤 翼,54.0,22,0.182,0.27,0.518,2
479,レース0479,2025-09-13,京都,1800,DIRT,G3,2,1,H0005742,ウマ5742,セ,2020,伊藤 翼,57.0,13,0.129,0.152,0.651,5
479,レース0479,2025-09-13,京都,1800,DIRT,G3,3,2,H0005743,ウマ5743,牝,2020,加藤 楓,58.0,15,0.207,0.131,0.386,8
479,レース0479,2025-09-13,京都,1800,DIRT,G3,4,2,H0005744,ウマ5744,セ,2020,田中 一郎,55.0,15,0.077,0.078,0.385,11
479,レース0479,2025-09-13,京都,1800,DIRT,G3,5,3,H0005745,ウマ5745,牝,2020,伊藤 翼,55.0,20,0.241,0.084,0.625,3
479,レース0479,2025-09-13,京都,1800,DIRT,G3,6,3,H0005746,ウマ5746,牝,2022,山本 陽,56.0,21,0.379,0.082,0.238,6
479,レース0479,2025-09-13,京都,1800,DIRT,G3,7,4,H0005747,ウマ5747,牡,2020,田中 一郎,56.0,24,0.161,0.095,0.338,10
479,レース0479,2025-09-13,京都,1800,DIRT,G3,8,4,H0005748,ウマ5748,牝,2021,加藤 楓,56.0,30,0.14,0.255,0.312,9
479,レース0479,2025-09-13,京都,1800,DIRT,G3,9,5,H0005749,ウマ5749,セ,2022,加藤 楓,56.0,30,0.135,0.192,0.693,7
479,レース0479,2025-09-13,京都,1800,DIRT,G3,10,5,H0005750,ウマ5750,牡,2020,小林 蓮,55.0,17,0.182,0.138,0.544,4
479,レース0479,2025-09-13,京都,1800,DIRT,G3,11,6,H0005751,ウマ5751,セ,2020,山本 陽,58.0,5,0.122,0.191,0.758,1
480,レース0480,2025-02-24,中山,1200,TURF,3勝,1,1,H0005752,ウマ5752,牡,2020,佐藤 健,55.0,27,0.296,0.198,0.633,2
480,レース0480,2025-02-24,中山,1200,TURF,3勝,2,1,H0005753,ウマ5753,牝,2020,佐藤 健,57.0,16,0.253,0.093,0.276,8
480,レース0480,2025-02-24,中山,1200,TURF,3勝,3,2,H0005754,ウマ5754,セ,2021,高橋 大輔,54.0,9,0.086,0.134,0.61,6
480,レース0480,2025-02-24,中山,1200,TURF,3勝,4,2,H0005755,ウマ5755,セ,2022,山本 陽,57.0,8,0.132,0.045,0.596,7
480,レース0480,2025-02-24,中山,1200,TURF,3勝,5,3,H0005756,ウマ5756,牡,2020,高橋 大輔,56.0,12,0.215,0.152,0.623,4
480,レース0480,2025-02-24,中山,1200,TURF,3勝,6,3,H0005757,ウマ5757,牝,2021,中村 駿,58.0,8,0.055,0.209,0.485,5
480,レース0480,2025-02-24,中山,1200,TURF,3勝,7,4,H0005758,ウマ5758,牝,2022,田中 一郎,58.0,21,0.226,0.244,0.725,1
480,レース0480,2025-02-24,中山,1200,TURF,3勝,8,4,H0005759,ウマ5759,牡,2021,中村 駿,56.0,30,0.273,0.091,0.6,3
481,レース0481,2025-05-25,阪神,1600,TURF,1勝,1,1,H0005760,ウマ5760,牝,2021,山本 陽,56.0,14,0.155,0.067,0.539,1
481,レース0481,2025-05-25,阪神,1600,TURF,1勝,2,1,H0005761,ウマ5761,牝,2021,田中 一郎,56.0,15,0.244,0.104,0.262,10
481,レース0481,2025-05-25,阪神,1600,TURF,1勝,3,2,H0005762,ウマ5762,牝,2021,鈴木 花子,58.0,6,0.183,0.051,0.615,8
481,レース0481,2025-05-25,阪神,1600,TURF,1勝,4,2,H0005763,ウマ5763,牝,2020,伊藤 翼,56.0,30,0.089,0.181,0.512,9
481,レース0481,2025-05-25,阪神,1600,TURF,1勝,5,3,H0005764,ウマ5764,牝,2020,加藤 楓,58.0,4,0.225,0.15,0.671,5
481,レース0481,2025-05-25,阪神,1600,TURF,1勝,6,3,H0005765,ウマ5765,セ,2020,加藤 楓,57.0,14,0.197,0.089,0.275,11
481,レース0481,2025-05-25,阪神,1600,TURF,1勝,7,4,H0005766,ウマ5766,牝,2021,田中 一郎,57.0,30,0.283,0.171,0.58,6
481,レース0481,2025-05-25,阪神,1600,TURF,1勝,8,4,H0005767,ウマ5767,牡,2020,高橋 大輔,55.0,20,0.219,0.062,0.795,4
481,レース0481,2025-05-25,阪神,1600,TURF,1勝,9,5,H0005768,ウマ5768,牝,2020,小林 蓮,56.0,15,0.201,0.196,0.569,7
481,レース0481,2025-05-25,阪神,1600,TURF,1勝,10,5,H0005769,ウマ5769,セ,2021,鈴木 花子,58.0,13,0.189,0.255,0.85,2
481,レース0481,2025-05-25,阪神,1600,TURF,1勝,11,6,H0005770,ウマ5770,牝,2021,加藤 楓,58.0,22,0.283,0.117,0.466,3
482,レース0482,2025-06-17,中京,1400,DIRT,OP,1,1,H0005771,ウマ5771,牡,2021,山本 陽,58.0,14,0.229,0.099,0.285,6
482,レース0482,2025-06-17,中京,1400,DIRT,OP,2,1,H0005772,ウマ5772,牡,2020,加藤 楓,58.0,25,0.072,0.138,0.714,4
482,レース0482,2025-06-17,中京,1400,DIRT,OP,3,2,H0005773,ウマ5773,牡,2022,鈴木 花子,58.0,18,0.046,0.143,1.0,1
482,レース0482,2025-06-17,中京,1400,DIRT,OP,4,2,H0005774,ウマ5774,牡,2020,鈴木 花子,57.0,12,0.312,0.088,0.288,8
482,レース0482,2025-06-17,中京,1400,DIRT,OP,5,3,H0005775,ウマ5775,セ,2020,田中 一郎,58.0,13,0.254,0.098,0.637,3
482,レース0482,2025-06-17,中京,1400,DIRT,OP,6,3,H0005776,ウマ5776,牝,2022,鈴木 花子,56.0,22,0.35,0.11,0.422,2
482,レース0482,2025-06-17,中京,1400,DIRT,OP,7,4,H0005777,ウマ5777,牝,2022,高橋 大輔,56.0,11,0.071,0.042,0.612,9
482,レース0482,2025-06-17,中京,1400,DIRT,OP,8,4,H0005778,ウマ5778,牝,2020,鈴木 花子,56.0,3,0.172,0.262,0.253,7
482,レース0482,2025-06-17,中京,1400,DIRT,OP,9,5,H0005779,ウマ5779,牡,2022,中村 駿,54.0,13,0.169,0.101,0.375,5
482,レース0482,2025-06-17,中京,1400,DIRT,OP,10,5,H0005780,ウマ5780,牡,2021,渡辺 美咲,57.0,4,0.006,0.128,0.598,10
482,レース0482,2025-06-17,中京,1400,DIRT,OP,11,6,H0005781,ウマ5781,牡,2021,渡辺 美咲,58.0,29,0.159,0.088,0.36,11
483,レース0483,2025-11-01,阪神,1800,TURF,1勝,1,1,H0005782,ウマ5782,牝,2022,伊藤 翼,54.0,6,0.342,0.205,0.528,1
483,レース0483,2025-11-01,阪神,1800,TURF,1勝,2,1,H0005783,ウマ5783,セ,2020,中村 駿,56.0,30,0.201,0.176,0.818,2
483,レース0483,2025-11-01,阪神,1800,TURF,1勝,3,2,H0005784,ウマ5784,牝,2022,佐藤 健,56.0,18,0.278,0.03,0.255,13
483,レース0483,2025-11-01,阪神,1800,TURF,1勝,4,2,H0005785,ウマ5785,牝,2022,鈴木 花子,55.0,29,0.149,0.134,0.339,9
483,レース0483,2025-11-01,阪神,1800,TURF,1勝,5,3,H0005786,ウマ5786,牝,2020,加藤 楓,56.0,23,0.248,0.085,0.714,3
483,レース0483,2025-11-01,阪神,1800,TURF,1勝,6,3,H0005787,ウマ5787,牡,2022,佐藤 健,55.0,3,0.221,0.177,0.659,5
483,レース0483,2025-11-01,阪神,1800,TURF,1勝,7,4,H0005788,ウマ5788,セ,2022,中村 駿,56.0,21,0.187,0.205,0.408,11
483,レース0483,2025-11-01,阪神,1800,TURF,1勝,8,4,H0005789,ウマ5789,牡,2022,渡辺 美咲,58.0,23,0.351,0.208,0.274,7
483,レース0483,2025-11-01,阪神,1800,TURF,1勝,9,5,H0005790,ウマ5790,セ,2022,伊藤 翼,57.0,21,0.207,0.112,0.448,12
483,レース0483,2025-11-01,阪神,1800,TURF,1勝,10,5,H0005791,ウマ5791,牡,2020,加藤 楓,58.0,19,0.156,0.095,0.353,14
483,レース0483,2025-11-01,阪神,1800,TURF,1勝,11,6,H0005792,ウマ5792,牡,2020,小林 蓮,54.0,22,0.154,0.204,0.716,6
483,レース0483,2025-11-01,阪神,1800,TURF,1勝,12,6,H0005793,ウマ5793,牝,2020,小林 蓮,56.0,3,0.119,0.196,0.615,10
483,レース0483,2025-11-01,阪神,1800,TURF,1勝,13,7,H0005794,ウマ5794,セ,2021,山本 陽,54.0,16,0.231,0.08,0.227,15
483,レース0483,2025-11-01,阪神,1800,TURF,1勝,14,7,H0005795,ウマ5795,セ,2020,高橋 大輔,54.0,24,0.189,0.213,0.222,8
483,レース0483,2025-11-01,阪神,1800,TURF,1勝,15,8,H0005796,ウマ5796,牡,2020,田中 一郎,54.0,12,0.195,0.159,0.514,4
484,レース0484,2025-06-04,中京,2400,DIRT,OP,1,1,H0005797,ウマ5797,セ,2021,小林 蓮,57.0,6,0.094,0.094,0.715,8
484,レース0484,2025-06-04,中京,2400,DIRT,OP,2,1,H0005798,ウマ5798,セ,2021,山本 陽,56.0,21,0.099,0.134,0.505,6
484,レース0484,2025-06-04,中京,2400,DIRT,OP,3,2,H0005799,ウマ5799,牝,2020,小林 蓮,56.0,4,0.319,0.138,0.627,7
484,レース0484,2025-06-04,中京,2400,DIRT,OP,4,2,H0005800,ウマ5800,牡,2020,小林 蓮,55.0,18,0.137,0.113,0.334,10
484,レース0484,2025-06-04,中京,2400,DIRT,OP,5,3,H0005801,ウマ5801,セ,2022,小林 蓮,54.0,21,0.152,0.099,1.0,2
484,レース0484,2025-06-04,中京,2400,DIRT,OP,6,3,H0005802,ウマ5802,牡,2020,渡辺 美咲,54.0,19,0.238,0.168,0.798,3
484,レース0484,2025-06-04,中京,2400,DIRT,OP,7,4,H0005803,ウマ5803,牝,2020,山本 陽,54.0,25,0.249,0.164,0.606,4
484,レース0484,2025-06-04,中京,2400,DIRT,OP,8,4,H0005804,ウマ5804,牝,2020,鈴木 花子,56.0,5,0.226,0.078,0.566,1
484,レース0484,2025-06-04,中京,2400,DIRT,OP,9,5,H0005805,ウマ5805,牡,2020,伊藤 翼,54.0,3,0.106,0.166,0.425,12
484,レース0484,2025-06-04,中京,2400,DIRT,OP,10,5,H0005806,ウマ5806,セ,2022,渡辺 美咲,57.0,24,0.11,0.047,0.633,11
484,レース0484,2025-06-04,中京,2400,DIRT,OP,11,6,H0005807,ウマ5807,牝,2020,鈴木 花子,55.0,6,0.217,0.085,0.594,5
484,レース0484,2025-06-04,中京,2400,DIRT,OP,12,6,H0005808,ウマ5808,セ,2022,渡辺 美咲,58.0,3,0.138,0.132,0.688,9
485,レース0485,2025-09-19,中京,2000,TURF,3勝,1,1,H0005809,ウマ5809,セ,2021,佐藤 健,58.0,14,0.243,0.114,0.496,8
485,レース0485,2025-09-19,中京,2000,TURF,3勝,2,1,H0005810,ウマ5810,牝,2021,佐藤 健,54.0,24,0.376,0.103,0.883,2
485,レース0485,2025-09-19,中京,2000,TURF,3勝,3,2,H0005811,ウマ5811,牝,2021,渡辺 美咲,58.0,6,0.314,0.19,0.351,9
485,レース0485,2025-09-19,中京,2000,TURF,3勝,4,2,H0005812,ウマ5812,牝,2021,伊藤 翼,56.0,19,0.241,0.16,0.441,6
485,レース0485,2025-09-19,中京,2000,TURF,3勝,5,3,H0005813,ウマ5813,セ,2022,中村 駿,58.0,12,0.248,0.147,0.485,5
485,レース0485,2025-09-19,中京,2000,TURF,3勝,6,3,H0005814,ウマ5814,牡,2021,高橋 大輔,58.0,5,0.251,0.058,0.798,4
485,レース0485,2025-09-19,中京,2000,TURF,3勝,7,4,H0005815,ウマ5815,牝,2022,山本 陽,58.0,22,0.066,0.14,0.624,10
485,レース0485,2025-09-19,中京,2000,TURF,3勝,8,4,H0005816,ウマ5816,牡,2021,小林 蓮,58.0,18,0.235,0.173,0.498,7
485,レース0485,2025-09-19,中京,2000,TURF,3勝,9,5,H0005817,ウマ5817,牝,2020,佐藤 健,54.0,11,0.218,0.114,0.583,1
485,レース0485,2025-09-19,中京,2000,TURF,3勝,10,5,H0005818,ウマ5818,セ,2022,高橋 大輔,54.0,11,0.084,0.253,0.943,3
486,レース0486,2025-03-08,中山,1800,DIRT,G3,1,1,H0005819,ウマ5819,セ,2021,渡辺 美咲,56.0,9,0.355,0.114,0.596,1
486,レース0486,2025-03-08,中山,1800,DIRT,G3,2,1,H0005820,ウマ5820,牡,2020,高橋 大輔,54.0,22,0.166,0.137,0.499,6
486,レース0486,2025-03-08,中山,1800,DIRT,G3,3,2,H0005821,ウマ5821,牡,2020,渡辺 美咲,57.0,8,0.286,0.096,0.432,4
486,レース0486,2025-03-08,中山,1800,DIRT,G3,4,2,H0005822,ウマ5822,牡,2022,小林 蓮,56.0,14,0.082,0.131,0.554,7
486,レース0486,2025-03-08,中山,1800,DIRT,G3,5,3,H0005823,ウマ5823,牡,2020,加藤 楓,57.0,22,0.052,0.22,0.797,3
486,レース0486,2025-03-08,中山,1800,DIRT,G3,6,3,H0005824,ウマ5824,セ,2020,加藤 楓,56.0,19,0.081,0.101,1.0,2
486,レース0486,2025-03-08,中山,1800,DIRT,G3,7,4,H0005825,ウマ5825,牡,2022,山本 陽,54.0,11,0.119,0.179,0.485,8
486,レース0486,2025-03-08,中山,1800,DIRT,G3,8,4,H0005826,ウマ5826,牡,2022,田中 一郎,58.0,16,0.066,0.141,0.633,9
486,レース0486,2025-03-08,中山,1800,DIRT,G3,9,5,H0005827,ウマ5827,牝,2020,高橋 大輔,56.0,12,0.178,0.163,0.809,5
487,レース0487,2025-05-02,東京,1400,DIRT,G1,1,1,H0005828,ウマ5828,牡,2021,高橋 大輔,55.0,29,0.107,0.178,0.229,15
487,レース0487,2025-05-02,東京,1400,DIRT,G1,2,1,H0005829,ウマ5829,セ,2022,小林 蓮,58.0,10,0.072,0.069,0.76,8
487,レース0487,2025-05-02,東京,1400,DIRT,G1,3,2,H0005830,ウマ5830,牡,2020,加藤 楓,55.0,23,0.033,0.155,0.626,11
487,レース0487,2025-05-02,東京,1400,DIRT,G1,4,2,H0005831,ウマ5831,セ,2022,田中 一郎,57.0,18,0.21,0.074,0.699,6
487,レース0487,2025-05-02,東京,1400,DIRT,G1,5,3,H0005832,ウマ5832,セ,2022,山本 陽,55.0,16,0.161,0.15,0.616,7
487,レース0487,2025-05-02,東京,1400,DIRT,G1,6,3,H0005833,ウマ5833,セ,2022,佐藤 健,54.0,18,0.418,0.072,0.696,1
487,レース0487,2025-05-02,東京,1400,DIRT,G1,7,4,H0005834,ウマ5834,牝,2020,田中 一郎,56.0,17,0.204,0.146,0.0,14
487,レース0487,2025-05-02,東京,1400,DIRT,G1,8,4,H0005835,ウマ5835,牡,2022,小林 蓮,58.0,18,0.091,0.174,0.617,10
487,レース0487,2025-05-02,東京,1400,DIRT,G1,9,5,H0005836,ウマ5836,牡,2020,加藤 楓,57.0,4,0.102,0.083,0.543,12
487,レース0487,2025-05-02,東京,1400,DIRT,G1,10,5,H0005837,ウマ5837,牡,2020,佐藤 健,57.0,10,0.248,0.143,0.846,3
487,レース0487,2025-05-02,東京,1400,DIRT,G1,11,6,H0005838,ウマ5838,牡,2020,田中 一郎,57.0,9,0.155,0.152,0.606,9
487,レース0487,2025-05-02,東京,1400,DIRT,G1,12,6,H0005839,ウマ5839,牝,2022,高橋 大輔,56.0,20,0.11,0.164,0.352,13
487,レース0487,2025-05-02,東京,1400,DIRT,G1,13,7,H0005840,ウマ5840,セ,2021,渡辺 美咲,54.0,19,0.156,0.119,0.869,2
487,レース0487,2025-05-02,東京,1400,DIRT,G1,14,7,H0005841,ウマ5841,牡,2022,佐藤 健,54.0,9,0.26,0.152,0.814,4
487,レース0487,2025-05-02,東京,1400,DIRT,G1,15,8,H0005842,ウマ5842,牝,2020,鈴木 花子,57.0,7,0.023,0.03,0.832,5
488,レース0488,2025-01-05,東京,2400,TURF,G2,1,1,H0005843,ウマ5843,セ,2022,佐藤 健,57.0,24,0.132,0.155,0.599,8
488,レース0488,2025-01-05,東京,2400,TURF,G2,2,1,H0005844,ウマ5844,牝,2021,中村 駿,55.0,13,0.184,0.071,0.84,4
488,レース0488,2025-01-05,東京,2400,TURF,G2,3,2,H0005845,ウマ5845,牝,2022,鈴木 花子,55.0,12,0.325,0.106,0.452,3
488,レース0488,2025-01-05,東京,2400,TURF,G2,4,2,H0005846,ウマ5846,牝,2020,渡辺 美咲,54.0,26,0.087,0.056,0.83,11
488,レース0488,2025-01-05,東京,2400,TURF,G2,5,3,H0005847,ウマ5847,牝,2021,中村 駿,57.0,17,0.348,0.083,0.776,1
488,レース0488,2025-01-05,東京,2400,TURF,G2,6,3,H0005848,ウマ5848,セ,2021,中村 駿,55.0,5,0.355,0.185,0.329,9
488,レース0488,2025-01-05,東京,2400,TURF,G2,7,4,H0005849,ウマ5849,牝,2020,佐藤 健,56.0,12,0.051,0.133,0.427,5
488,レース0488,2025-01-05,東京,2400,TURF,G2,8,4,H0005850,ウマ5850,牝,2021,佐藤 健,54.0,14,0.142,0.125,0.441,14
488,レース0488,2025-01-05,東京,2400,TURF,G2,9,5,H0005851,ウマ5851,セ,2021,田中 一郎,57.0,25,0.156,0.183,0.686,10
488,レース0488,2025-01-05,東京,2400,TURF,G2,10,5,H0005852,ウマ5852,牡,2020,鈴木 花子,58.0,16,0.203,0.105,0.431,13
488,レース0488,2025-01-05,東京,2400,TURF,G2,11,6,H0005853,ウマ5853,牡,2020,鈴木 花子,58.0,27,0.26,0.143,0.625,6
488,レース0488,2025-01-05,東京,2400,TURF,G2,12,6,H0005854,ウマ5854,牡,2021,田中 一郎,56.0,5,0.126,0.126,0.259,16
488,レース0488,2025-01-05,東京,2400,TURF,G2,13,7,H0005855,ウマ5855,牡,2022,加藤 楓,57.0,16,0.102,0.192,0.526,12
488,レース0488,2025-01-05,東京,2400,TURF,G2,14,7,H0005856,ウマ5856,セ,2022,渡辺 美咲,58.0,14,0.352,0.136,0.514,7
488,レース0488,2025-01-05,東京,2400,TURF,G2,15,8,H0005857,ウマ5857,セ,2021,渡辺 美咲,56.0,27,0.309,0.124,0.731,2
488,レース0488,2025-01-05,東京,2400,TURF,G2,16,8,H0005858,ウマ5858,牝,2022,伊藤 翼,57.0,8,0.15,0.08,0.397,15
489,レース0489,2025-08-11,京都,1800,TURF,G3,1,1,H0005859,ウマ5859,セ,2021,加藤 楓,58.0,30,0.123,0.152,0.922,2
489,レース0489,2025-08-11,京都,1800,TURF,G3,2,1,H0005860,ウマ5860,牝,2020,田中 一郎,57.0,27,0.156,0.096,0.402,4
489,レース0489,2025-08-11,京都,1800,TURF,G3,3,2,H0005861,ウマ5861,セ,2021,渡辺 美咲,57.0,6,0.099,0.127,0.906,3
489,レース0489,2025-08-11,京都,1800,TURF,G3,4,2,H0005862,ウマ5862,セ,2020,伊藤 翼,58.0,16,0.186,0.227,0.83,1
489,レース0489,2025-08-11,京都,1800,TURF,G3,5,3,H0005863,ウマ5863,牡,2020,小林 蓮,55.0,6,0.051,0.138,0.394,8
489,レース0489,2025-08-11,京都,1800,TURF,G3,6,3,H0005864,ウマ5864,セ,2021,山本 陽,55.0,23,0.083,0.136,0.553,6
489,レース0489,2025-08-11,京都,1800,TURF,G3,7,4,H0005865,ウマ5865,牡,2021,高橋 大輔,57.0,29,0.121,0.159,0.623,7
489,レース0489,2025-08-11,京都,1800,TURF,G3,8,4,H0005866,ウマ5866,牡,2022,田中 一郎,55.0,5,0.071,0.157,0.76,5
490,レース0490,2025-10-16,京都,1600,DIRT,G2,1,1,H0005867,ウマ5867,牝,2021,加藤 楓,54.0,3,0.244,0.184,0.696,3
490,レース0490,2025-10-16,京都,1600,DIRT,G2,2,1,H0005868,ウマ5868,セ,2022,加藤 楓,55.0,21,0.166,0.064,0.753,8
490,レース0490,2025-10-16,京都,1600,DIRT,G2,3,2,H0005869,ウマ5869,牡,2022,小林 蓮,55.0,3,0.177,0.149,0.611,1
490,レース0490,2025-10-16,京都,1600,DIRT,G2,4,2,H0005870,ウマ5870,牝,2022,田中 一郎,56.0,20,0.2,0.113,0.493,9
490,レース0490,2025-10-16,京都,1600,DIRT,G2,5,3,H0005871,ウマ5871,セ,2020,小林 蓮,54.0,14,0.022,0.149,0.563,4
490,レース0490,2025-10-16,京都,1600,DIRT,G2,6,3,H0005872,ウマ5872,牡,2020,田中 一郎,57.0,15,0.242,0.085,0.417,5
490,レース0490,2025-10-16,京都,1600,DIRT,G2,7,4,H0005873,ウマ5873,セ,2021,田中 一郎,54.0,5,0.051,0.046,0.631,12
490,レース0490,2025-10-16,京都,1600,DIRT,G2,8,4,H0005874,ウマ5874,牡,2022,田中 一郎,57.0,15,0.087,0.103,0.542,11
490,レース0490,2025-10-16,京都,1600,DIRT,G2,9,5,H0005875,ウマ5875,牝,2020,田中 一郎,57.0,6,0.272,0.164,0.479,10
490,レース0490,2025-10-16,京都,1600,DIRT,G2,10,5,H0005876,ウマ5876,牡,2020,中村 駿,55.0,20,0.237,0.158,0.554,7
490,レース0490,2025-10-16,京都,1600,DIRT,G2,11,6,H0005877,ウマ5877,牡,2020,鈴木 花子,54.0,27,0.267,0.04,0.599,2
490,レース0490,2025-10-16,京都,1600,DIRT,G2,12,6,H0005878,ウマ5878,セ,2020,伊藤 翼,54.0,26,0.171,0.184,0.434,6
491,レース0491,2025-10-17,東京,1800,DIRT,1勝,1,1,H0005879,ウマ5879,牡,2020,中村 駿,56.0,10,0.321,0.074,1.0,1
491,レース0491,2025-10-17,東京,1800,DIRT,1勝,2,1,H0005880,ウマ5880,セ,2021,伊藤 翼,55.0,27,0.242,0.163,0.353,7
491,レース0491,2025-10-17,東京,1800,DIRT,1勝,3,2,H0005881,ウマ5881,牝,2020,鈴木 花子,57.0,5,0.337,0.229,0.414,4
491,レース0491,2025-10-17,東京,1800,DIRT,1勝,4,2,H0005882,ウマ5882,牝,2021,山本 陽,55.0,15,0.137,0.176,0.426,6
491,レース0491,2025-10-17,東京,1800,DIRT,1勝,5,3,H0005883,ウマ5883,牡,2022,佐藤 健,55.0,13,0.17,0.142,0.63,3
491,レース0491,2025-10-17,東京,1800,DIRT,1勝,6,3,H0005884,ウマ5884,セ,2021,渡辺 美咲,58.0,22,0.24,0.15,0.428,9
491,レース0491,2025-10-17,東京,1800,DIRT,1勝,7,4,H0005885,ウマ5885,セ,2020,中村 駿,55.0,9,0.222,0.092,0.659,2
491,レース0491,2025-10-17,東京,1800,DIRT,1勝,8,4,H0005886,ウマ5886,牝,2022,渡辺 美咲,55.0,12,0.174,0.131,0.724,5
491,レース0491,2025-10-17,東京,1800,DIRT,1勝,9,5,H0005887,ウマ5887,牡,2020,中村 駿,55.0,5,0.074,0.129,0.744,8
492,レース0492,2025-02-25,中京,1200,TURF,OP,1,1,H0005888,ウマ5888,セ,2020,佐藤 健,57.0,19,0.277,0.076,0.52,6
492,レース0492,2025-02-25,中京,1200,TURF,OP,2,1,H0005889,ウマ5889,牝,2022,中村 駿,54.0,10,0.177,0.066,0.431,11
492,レース0492,2025-02-25,中京,1200,TURF,OP,3,2,H0005890,ウマ5890,牝,2021,佐藤 健,57.0,21,0.18,0.194,0.596,5
492,レース0492,2025-02-25,中京,1200,TURF,OP,4,2,H0005891,ウマ5891,牝,2022,山本 陽,57.0,5,0.088,0.179,0.817,1
492,レース0492,2025-02-25,中京,1200,TURF,OP,5,3,H0005892,ウマ5892,牝,2020,中村 駿,56.0,12,0.134,0.189,0.408,7
492,レース0492,2025-02-25,中京,1200,TURF,OP,6,3,H0005893,ウマ5893,牝,2022,伊藤 翼,56.0,16,0.233,0.069,0.902,2
492,レース0492,2025-02-25,中京,1200,TURF,OP,7,4,H0005894,ウマ5894,セ,2021,鈴木 花子,54.0,14,0.0,0.099,0.716,9
492,レース0492,2025-02-25,中京,1200,TURF,OP,8,4,H0005895,ウマ5895,牝,2020,佐藤 健,55.0,28,0.198,0.159,0.312,8
492,レース0492,2025-02-25,中京,1200,TURF,OP,9,5,H0005896,ウマ5896,牝,2021,加藤 楓,57.0,23,0.179,0.145,0.229,10
492,レース0492,2025-02-25,中京,1200,TURF,OP,10,5,H0005897,ウマ5897,セ,2021,渡辺 美咲,56.0,23,0.154,0.187,0.468,3
492,レース0492,2025-02-25,中京,1200,TURF,OP,11,6,H0005898,ウマ5898,牡,2022,鈴木 花子,54.0,30,0.294,0.127,0.612,4
493,レース0493,2025-10-10,中山,1800,DIRT,2勝,1,1,H0005899,ウマ5899,牡,2021,渡辺 美咲,55.0,26,0.053,0.216,0.335,12
493,レース0493,2025-10-10,中山,1800,DIRT,2勝,2,1,H0005900,ウマ5900,牡,2020,加藤 楓,57.0,22,0.142,0.132,0.717,6
493,レース0493,2025-10-10,中山,1800,DIRT,2勝,3,2,H0005901,ウマ5901,セ,2020,田中 一郎,56.0,28,0.329,0.111,0.674,2
493,レース0493,2025-10-10,中山,1800,DIRT,2勝,4,2,H0005902,ウマ5902,牡,2020,高橋 大輔,58.0,28,0.039,0.225,0.502,11
493,レース0493,2025-10-10,中山,1800,DIRT,2勝,5,3,H0005903,ウマ5903,牝,2020,鈴木 花子,56.0,12,0.095,0.076,0.772,7
493,レース0493,2025-10-10,中山,1800,DIRT,2勝,6,3,H0005904,ウマ5904,セ,2020,中村 駿,54.0,29,0.235,0.148,0.488,8
493,レース0493,2025-10-10,中山,1800,DIRT,2勝,7,4,H0005905,ウマ5905,牝,2022,小林 蓮,58.0,26,0.199,0.146,0.556,10
493,レース0493,2025-10-10,中山,1800,DIRT,2勝,8,4,H0005906,ウマ5906,牝,2020,山本 陽,58.0,17,0.252,0.17,0.471,3
493,レース0493,2025-10-10,中山,1800,DIRT,2勝,9,5,H0005907,ウマ5907,牡,2020,渡辺 美咲,58.0,5,0.243,0.098,0.418,9
493,レース0493,2025-10-10,中山,1800,DIRT,2勝,10,5,H0005908,ウマ5908,牡,2020,山本 陽,58.0,30,0.251,0.245,0.652,1
493,レース0493,2025-10-10,中山,1800,DIRT,2勝,11,6,H0005909,ウマ5909,牡,2022,中村 駿,55.0,13,0.174,0.165,0.745,5
493,レース0493,2025-10-10,中山,1800,DIRT,2勝,12,6,H0005910,ウマ5910,セ,2020,加藤 楓,57.0,3,0.202,0.097,0.64,4
494,レース0494,2025-07-26,中山,1400,DIRT,G3,1,1,H0005911,ウマ5911,セ,2020,小林 蓮,56.0,13,0.042,0.158,0.522,15
494,レース0494,2025-07-26,中山,1400,DIRT,G3,2,1,H0005912,ウマ5912,牝,2020,伊藤 翼,57.0,30,0.141,0.139,0.79,1
494,レース0494,2025-07-26,中山,1400,DIRT,G3,3,2,H0005913,ウマ5913,牝,2022,伊藤 翼,58.0,26,0.237,0.125,0.523,9
494,レース0494,2025-07-26,中山,1400,DIRT,G3,4,2,H0005914,ウマ5914,牡,2022,加藤 楓,55.0,30,0.106,0.112,0.609,11
494,レース0494,2025-07-26,中山,1400,DIRT,G3,5,3,H0005915,ウマ5915,牝,2021,田中 一郎,58.0,14,0.178,0.078,0.46,12
494,レース0494,2025-07-26,中山,1400,DIRT,G3,6,3,H0005916,ウマ5916,セ,2021,小林 蓮,56.0,13,0.317,0.058,0.497,5
494,レース0494,2025-07-26,中山,1400,DIRT,G3,7,4,H0005917,ウマ5917,牝,2022,小林 蓮,55.0,21,0.252,0.174,0.276,7
494,レース0494,2025-07-26,中山,1400,DIRT,G3,8,4,H0005918,ウマ5918,牝,2021,渡辺 美咲,55.0,25,0.094,0.067,0.467,16
494,レース0494,2025-07-26,中山,1400,DIRT,G3,9,5,H0005919,ウマ5919,牝,2022,山本 陽,54.0,22,0.139,0.207,0.645,13
494,レース0494,2025-07-26,中山,1400,DIRT,G3,10,5,H0005920,ウマ5920,牝,2021,渡辺 美咲,57.0,9,0.16,0.111,0.601,8
494,レース0494,2025-07-26,中山,1400,DIRT,G3,11,6,H0005921,ウマ5921,牝,2020,中村 駿,58.0,22,0.023,0.092,0.713,14
494,レース0494,2025-07-26,中山,1400,DIRT,G3,12,6,H0005922,ウマ5922,牡,2022,田中 一郎,55.0,4,0.196,0.169,0.833,2
494,レース0494,2025-07-26,中山,1400,DIRT,G3,13,7,H0005923,ウマ5923,セ,2021,佐藤 健,56.0,30,0.177,0.06,0.665,3
494,レース0494,2025-07-26,中山,1400,DIRT,G3,14,7,H0005924,ウマ5924,牝,2022,高橋 大輔,55.0,6,0.24,0.098,0.41,10
494,レース0494,2025-07-26,中山,1400,DIRT,G3,15,8,H0005925,ウマ5925,牡,2020,鈴木 花子,57.0,26,0.218,0.172,0.467,4
494,レース0494,2025-07-26,中山,1400,DIRT,G3,16,8,H0005926,ウマ5926,牡,2022,高橋 大輔,56.0,14,0.283,0.137,0.491,6
495,レース0495,2025-10-21,中山,1400,DIRT,3勝,1,1,H0005927,ウマ5927,牝,2022,小林 蓮,56.0,5,0.216,0.171,0.423,10
495,レース0495,2025-10-21,中山,1400,DIRT,3勝,2,1,H0005928,ウマ5928,セ,2020,渡辺 美咲,56.0,25,0.28,0.112,0.568,3
495,レース0495,2025-10-21,中山,1400,DIRT,3勝,3,2,H0005929,ウマ5929,牝,2022,佐藤 健,56.0,13,0.114,0.064,0.603,5
495,レース0495,2025-10-21,中山,1400,DIRT,3勝,4,2,H0005930,ウマ5930,牝,2021,高橋 大輔,57.0,24,0.195,0.057,0.667,7
495,レース0495,2025-10-21,中山,1400,DIRT,3勝,5,3,H0005931,ウマ5931,セ,2020,加藤 楓,54.0,16,0.212,0.033,0.272,15
495,レース0495,2025-10-21,中山,1400,DIRT,3勝,6,3,H0005932,ウマ5932,牡,2022,小林 蓮,57.0,18,0.245,0.091,0.326,11
495,レース0495,2025-10-21,中山,1400,DIRT,3勝,7,4,H0005933,ウマ5933,セ,2021,渡辺 美咲,55.0,4,0.142,0.168,0.395,16
495,レース0495,2025-10-21,中山,1400,DIRT,3勝,8,4,H0005934,ウマ5934,セ,2020,加藤 楓,58.0,13,0.238,0.153,0.395,12
495,レース0495,2025-10-21,中山,1400,DIRT,3勝,9,5,H0005935,ウマ5935,牝,2021,山本 陽,56.0,10,0.324,0.113,0.319,8
495,レース0495,2025-10-21,中山,1400,DIRT,3勝,10,5,H0005936,ウマ5936,牝,2022,加藤 楓,54.0,13,0.167,0.154,0.845,4
495,レース0495,2025-10-21,中山,1400,DIRT,3勝,11,6,H0005937,ウマ5937,牝,2022,田中 一郎,54.0,25,0.172,0.141,0.288,14
495,レース0495,2025-10-21,中山,1400,DIRT,3勝,12,6,H0005938,ウマ5938,セ,2021,鈴木 花子,55.0,20,0.293,0.134,1.0,2
495,レース0495,2025-10-21,中山,1400,DIRT,3勝,13,7,H0005939,ウマ5939,牡,2022,田中 一郎,56.0,29,0.155,0.157,0.486,9
495,レース0495,2025-10-21,中山,1400,DIRT,3勝,14,7,H0005940,ウマ5940,牝,2020,伊藤 翼,58.0,19,0.158,0.045,0.671,6
495,レース0495,2025-10-21,中山,1400,DIRT,3勝,15,8,H0005941,ウマ5941,牝,2022,伊藤 翼,55.0,28,0.161,0.173,0.496,13
495,レース0495,2025-10-21,中山,1400,DIRT,3勝,16,8,H0005942,ウマ5942,牝,2021,鈴木 花子,57.0,23,0.382,0.091,0.781,1
496,レース0496,2025-02-13,阪神,1200,DIRT,OP,1,1,H0005943,ウマ5943,牡,2020,渡辺 美咲,55.0,17,0.185,0.214,0.646,3
496,レース0496,2025-02-13,阪神,1200,DIRT,OP,2,1,H0005944,ウマ5944,牝,2020,小林 蓮,58.0,4,0.138,0.125,0.35,7
496,レース0496,2025-02-13,阪神,1200,DIRT,OP,3,2,H0005945,ウマ5945,牡,2021,山本 陽,57.0,23,0.256,0.23,0.447,6
496,レース0496,2025-02-13,阪神,1200,DIRT,OP,4,2,H0005946,ウマ5946,牝,2020,田中 一郎,56.0,16,0.265,0.125,0.518,4
496,レース0496,2025-02-13,阪神,1200,DIRT,OP,5,3,H0005947,ウマ5947,牝,2021,伊藤 翼,55.0,30,0.088,0.126,0.352,12
496,レース0496,2025-02-13,阪神,1200,DIRT,OP,6,3,H0005948,ウマ5948,牝,2020,伊藤 翼,54.0,9,0.324,0.191,0.727,1
496,レース0496,2025-02-13,阪神,1200,DIRT,OP,7,4,H0005949,ウマ5949,牝,2020,田中 一郎,58.0,3,0.081,0.105,0.427,9
496,レース0496,2025-02-13,阪神,1200,DIRT,OP,8,4,H0005950,ウマ5950,セ,2021,鈴木 花子,55.0,15,0.174,0.177,0.396,10
496,レース0496,2025-02-13,阪神,1200,DIRT,OP,9,5,H0005951,ウマ5951,牡,2021,鈴木 花子,58.0,21,0.105,0.085,0.321,11
496,レース0496,2025-02-13,阪神,1200,DIRT,OP,10,5,H0005952,ウマ5952,牡,2022,加藤 楓,55.0,18,0.142,0.185,0.686,5
496,レース0496,2025-02-13,阪神,1200,DIRT,OP,11,6,H0005953,ウマ5953,牝,2022,渡辺 美咲,58.0,17,0.213,0.111,0.539,2
496,レース0496,2025-02-13,阪神,1200,DIRT,OP,12,6,H0005954,ウマ5954,セ,2021,小林 蓮,58.0,24,0.183,0.124,0.561,8
497,レース0497,2025-05-20,中山,1800,TURF,G3,1,1,H0005955,ウマ5955,牝,2021,渡辺 美咲,55.0,28,0.197,0.086,0.453,8
497,レース0497,2025-05-20,中山,1800,TURF,G3,2,1,H0005956,ウマ5956,牡,2020,山本 陽,57.0,27,0.066,0.13,0.342,13
497,レース0497,2025-05-20,中山,1800,TURF,G3,3,2,H0005957,ウマ5957,セ,2021,中村 駿,56.0,28,0.244,0.03,0.469,11
497,レース0497,2025-05-20,中山,1800,TURF,G3,4,2,H0005958,ウマ5958,牝,2021,渡辺 美咲,56.0,5,0.161,0.167,0.845,3
497,レース0497,2025-05-20,中山,1800,TURF,G3,5,3,H0005959,ウマ5959,牝,2020,中村 駿,57.0,9,0.271,0.163,0.684,2
497,レース0497,2025-05-20,中山,1800,TURF,G3,6,3,H0005960,ウマ5960,牝,2021,加藤 楓,57.0,25,0.249,0.085,0.437,10
497,レース0497,2025-05-20,中山,1800,TURF,G3,7,4,H0005961,ウマ5961,牡,2021,田中 一郎,55.0,9,0.199,0.159,0.796,4
497,レース0497,2025-05-20,中山,1800,TURF,G3,8,4,H0005962,ウマ5962,セ,2021,加藤 楓,57.0,17,0.261,0.145,0.724,5
497,レース0497,2025-05-20,中山,1800,TURF,G3,9,5,H0005963,ウマ5963,牝,2022,佐藤 健,56.0,6,0.145,0.168,0.544,6
497,レース0497,2025-05-20,中山,1800,TURF,G3,10,5,H0005964,ウマ5964,セ,2022,佐藤 健,57.0,6,0.085,0.03,0.514,12
497,レース0497,2025-05-20,中山,1800,TURF,G3,11,6,H0005965,ウマ5965,牝,2020,渡辺 美咲,57.0,4,0.19,0.03,0.728,1
497,レース0497,2025-05-20,中山,1800,TURF,G3,12,6,H0005966,ウマ5966,セ,2021,渡辺 美咲,54.0,4,0.12,0.134,0.615,9
497,レース0497,2025-05-20,中山,1800,TURF,G3,13,7,H0005967,ウマ5967,セ,2022,高橋 大輔,58.0,20,0.053,0.109,0.467,7
498,レース0498,2025-02-08,京都,1800,DIRT,未勝利,1,1,H0005968,ウマ5968,セ,2022,高橋 大輔,55.0,11,0.264,0.119,0.651,5
498,レース0498,2025-02-08,京都,1800,DIRT,未勝利,2,1,H0005969,ウマ5969,セ,2022,小林 蓮,55.0,16,0.205,0.114,0.273,13
498,レース0498,2025-02-08,京都,1800,DIRT,未勝利,3,2,H0005970,ウマ5970,牡,2021,小林 蓮,55.0,23,0.252,0.155,0.404,4
498,レース0498,2025-02-08,京都,1800,DIRT,未勝利,4,2,H0005971,ウマ5971,セ,2021,小林 蓮,57.0,11,0.243,0.141,0.452,10
498,レース0498,2025-02-08,京都,1800,DIRT,未勝利,5,3,H0005972,ウマ5972,セ,2021,鈴木 花子,58.0,26,0.141,0.122,0.624,12
498,レース0498,2025-02-08,京都,1800,DIRT,未勝利,6,3,H0005973,ウマ5973,牝,2020,山本 陽,54.0,26,0.186,0.106,0.66,9
498,レース0498,2025-02-08,京都,1800,DIRT,未勝利,7,4,H0005974,ウマ5974,セ,2022,鈴木 花子,58.0,18,0.309,0.132,0.844,3
498,レース0498,2025-02-08,京都,1800,DIRT,未勝利,8,4,H0005975,ウマ5975,セ,2020,中村 駿,54.0,15,0.227,0.207,0.851,2
498,レース0498,2025-02-08,京都,1800,DIRT,未勝利,9,5,H0005976,ウマ5976,セ,2021,小林 蓮,56.0,19,0.351,0.045,0.788,6
498,レース0498,2025-02-08,京都,1800,DIRT,未勝利,10,5,H0005977,ウマ5977,牝,2021,加藤 楓,58.0,23,0.207,0.073,0.759,8
498,レース0498,2025-02-08,京都,1800,DIRT,未勝利,11,6,H0005978,ウマ5978,セ,2021,鈴木 花子,56.0,6,0.11,0.114,0.349,14
498,レース0498,2025-02-08,京都,1800,DIRT,未勝利,12,6,H0005979,ウマ5979,セ,2022,田中 一郎,56.0,15,0.148,0.195,0.106,15
498,レース0498,2025-02-08,京都,1800,DIRT,未勝利,13,7,H0005980,ウマ5980,セ,2022,山本 陽,55.0,28,0.24,0.037,0.342,11
498,レース0498,2025-02-08,京都,1800,DIRT,未勝利,14,7,H0005981,ウマ5981,牝,2022,加藤 楓,55.0,15,0.169,0.138,0.845,1
498,レース0498,2025-02-08,京都,1800,DIRT,未勝利,15,8,H0005982,ウマ5982,セ,2022,加藤 楓,58.0,12,0.002,0.053,0.772,7
499,レース0499,2025-07-26,東京,1400,TURF,G3,1,1,H0005983,ウマ5983,牡,2021,佐藤 健,55.0,4,0.117,0.193,0.919,3
499,レース0499,2025-07-26,東京,1400,TURF,G3,2,1,H0005984,ウマ5984,牡,2020,渡辺 美咲,56.0,8,0.175,0.113,0.0,9
499,レース0499,2025-07-26,東京,1400,TURF,G3,3,2,H0005985,ウマ5985,セ,2022,中村 駿,55.0,30,0.219,0.096,0.415,7
499,レース0499,2025-07-26,東京,1400,TURF,G3,4,2,H0005986,ウマ5986,セ,2022,山本 陽,58.0,8,0.249,0.071,0.017,10
499,レース0499,2025-07-26,東京,1400,TURF,G3,5,3,H0005987,ウマ5987,牝,2022,小林 蓮,55.0,15,0.184,0.063,0.842,4
499,レース0499,2025-07-26,東京,1400,TURF,G3,6,3,H0005988,ウマ5988,牝,2021,佐藤 健,58.0,6,0.231,0.2,0.668,5
499,レース0499,2025-07-26,東京,1400,TURF,G3,7,4,H0005989,ウマ5989,牡,2021,高橋 大輔,56.0,30,0.383,0.093,0.6,2
499,レース0499,2025-07-26,東京,1400,TURF,G3,8,4,H0005990,ウマ5990,セ,2021,加藤 楓,58.0,29,0.252,0.19,0.753,1
499,レース0499,2025-07-26,東京,1400,TURF,G3,9,5,H0005991,ウマ5991,牡,2020,田中 一郎,55.0,4,0.24,0.074,0.24,6
499,レース0499,2025-07-26,東京,1400,TURF,G3,10,5,H0005992,ウマ5992,牡,2020,伊藤 翼,54.0,6,0.087,0.085,0.53,8
500,レース0500,2025-03-08,東京,1800,TURF,3勝,1,1,H0005993,ウマ5993,牝,2022,小林 蓮,55.0,6,0.223,0.054,0.575,9
500,レース0500,2025-03-08,東京,1800,TURF,3勝,2,1,H0005994,ウマ5994,牝,2020,鈴木 花子,57.0,27,0.24,0.151,0.328,5
500,レース0500,2025-03-08,東京,1800,TURF,3勝,3,2,H0005995,ウマ5995,セ,2022,佐藤 健,56.0,6,0.0,0.143,0.225,15
500,レース0500,2025-03-08,東京,1800,TURF,3勝,4,2,H0005996,ウマ5996,牝,2022,佐藤 健,55.0,5,0.053,0.153,0.568,12
500,レース0500,2025-03-08,東京,1800,TURF,3勝,5,3,H0005997,ウマ5997,牝,2022,山本 陽,54.0,16,0.131,0.03,0.802,3
500,レース0500,2025-03-08,東京,1800,TURF,3勝,6,3,H0005998,ウマ5998,セ,2022,伊藤 翼,56.0,21,0.092,0.133,0.678,6
500,レース0500,2025-03-08,東京,1800,TURF,3勝,7,4,H0005999,ウマ5999,牝,2021,佐藤 健,56.0,18,0.152,0.143,0.776,7
500,レース0500,2025-03-08,東京,1800,TURF,3勝,8,4,H0006000,ウマ6000,牝,2022,加藤 楓,54.0,25,0.098,0.169,0.641,1
500,レース0500,2025-03-08,東京,1800,TURF,3勝,9,5,H0006001,ウマ6001,牝,2022,小林 蓮,55.0,17,0.082,0.154,0.711,8
500,レース0500,2025-03-08,東京,1800,TURF,3勝,10,5,H0006002,ウマ6002,牡,2022,山本 陽,57.0,21,0.312,0.215,0.763,2
500,レース0500,2025-03-08,東京,1800,TURF,3勝,11,6,H0006003,ウマ6003,セ,2022,小林 蓮,54.0,3,0.353,0.11,0.413,4
500,レース0500,2025-03-08,東京,1800,TURF,3勝,12,6,H0006004,ウマ6004,牡,2020,佐藤 健,57.0,23,0.078,0.088,0.29,14
500,レース0500,2025-03-08,東京,1800,TURF,3勝,13,7,H0006005,ウマ6005,牝,2022,伊藤 翼,56.0,9,0.014,0.167,0.596,13
500,レース0500,2025-03-08,東京,1800,TURF,3勝,14,7,H0006006,ウマ6006,牝,2022,田中 一郎,55.0,16,0.035,0.262,0.55,10
500,レース0500,2025-03-08,東京,1800,TURF,3勝,15,8,H0006007,ウマ6007,セ,2020,加藤 楓,58.0,16,0.414,0.12,0.157,11
501,レース0501,2025-10-23,京都,2400,DIRT,3勝,1,1,H0006008,ウマ6008,牡,2020,中村 駿,55.0,20,0.282,0.141,0.656,2
501,レース0501,2025-10-23,京都,2400,DIRT,3勝,2,1,H0006009,ウマ6009,牝,2022,小林 蓮,55.0,20,0.238,0.091,0.294,14
501,レース0501,2025-10-23,京都,2400,DIRT,3勝,3,2,H0006010,ウマ6010,セ,2021,渡辺 美咲,56.0,9,0.204,0.063,0.813,5
501,レース0501,2025-10-23,京都,2400,DIRT,3勝,4,2,H0006011,ウマ6011,セ,2020,高橋 大輔,55.0,7,0.23,0.131,0.547,10
501,レース0501,2025-10-23,京都,2400,DIRT,3勝,5,3,H0006012,ウマ6012,牝,2020,佐藤 健,57.0,8,0.086,0.157,0.684,8
501,レース0501,2025-10-23,京都,2400,DIRT,3勝,6,3,H0006013,ウマ6013,牝,2021,小林 蓮,54.0,10,0.112,0.15,0.573,7
501,レース0501,2025-10-23,京都,2400,DIRT,3勝,7,4,H0006014,ウマ6014,牝,2021,佐藤 健,55.0,7,0.34,0.2,0.728,1
501,レース0501,2025-10-23,京都,2400,DIRT,3勝,8,4,H0006015,ウマ6015,セ,2022,田中 一郎,58.0,18,0.204,0.094,0.538,12
501,レース0501,2025-10-23,京都,2400,DIRT,3勝,9,5,H0006016,ウマ6016,セ,2022,加藤 楓,55.0,24,0.182,0.147,0.535,9
501,レース0501,2025-10-23,京都,2400,DIRT,3勝,10,5,H0006017,ウマ6017,牝,2022,小林 蓮,55.0,22,0.184,0.09,0.369,13
501,レース0501,2025-10-23,京都,2400,DIRT,3勝,11,6,H0006018,ウマ6018,セ,2020,高橋 大輔,55.0,19,0.085,0.133,0.916,4
501,レース0501,2025-10-23,京都,2400,DIRT,3勝,12,6,H0006019,ウマ6019,セ,2021,加藤 楓,58.0,21,0.2,0.161,0.37,16
501,レース0501,2025-10-23,京都,2400,DIRT,3勝,13,7,H0006020,ウマ6020,牝,2020,加藤 楓,58.0,30,0.212,0.137,0.451,15
501,レース0501,2025-10-23,京都,2400,DIRT,3勝,14,7,H0006021,ウマ6021,牡,2020,渡辺 美咲,56.0,4,0.136,0.03,1.0,6
501,レース0501,2025-10-23,京都,2400,DIRT,3勝,15,8,H0006022,ウマ6022,セ,2022,高橋 大輔,58.0,18,0.37,0.036,0.569,3
501,レース0501,2025-10-23,京都,2400,DIRT,3勝,16,8,H0006023,ウマ6023,セ,2020,中村 駿,54.0,19,0.079,0.114,0.532,11
502,レース0502,2025-04-10,中京,1200,DIRT,OP,1,1,H0006024,ウマ6024,牡,2022,中村 駿,58.0,17,0.095,0.179,0.903,6
502,レース0502,2025-04-10,中京,1200,DIRT,OP,2,1,H0006025,ウマ6025,牡,2021,中村 駿,55.0,17,0.261,0.196,0.337,8
502,レース0502,2025-04-10,中京,1200,DIRT,OP,3,2,H0006026,ウマ6026,牝,2022,高橋 大輔,58.0,25,0.249,0.03,0.685,7
502,レース0502,2025-04-10,中京,1200,DIRT,OP,4,2,H0006027,ウマ6027,セ,2021,伊藤 翼,54.0,16,0.151,0.118,1.0,5
502,レース0502,2025-04-10,中京,1200,DIRT,OP,5,3,H0006028,ウマ6028,牡,2021,高橋 大輔,58.0,25,0.173,0.042,0.547,11
502,レース0502,2025-04-10,中京,1200,DIRT,OP,6,3,H0006029,ウマ6029,牡,2022,高橋 大輔,55.0,10,0.153,0.131,0.116,12
502,レース0502,2025-04-10,中京,1200,DIRT,OP,7,4,H0006030,ウマ6030,牝,2021,鈴木 花子,57.0,19,0.291,0.213,0.971,1
502,レース0502,2025-04-10,中京,1200,DIRT,OP,8,4,H0006031,ウマ6031,牡,2020,佐藤 健,57.0,21,0.028,0.11,0.721,9
502,レース0502,2025-04-10,中京,1200,DIRT,OP,9,5,H0006032,ウマ6032,牡,2021,小林 蓮,56.0,15,0.252,0.114,0.723,2
502,レース0502,2025-04-10,中京,1200,DIRT,OP,10,5,H0006033,ウマ6033,セ,2021,田中 一郎,57.0,3,0.251,0.075,0.373,10
502,レース0502,2025-04-10,中京,1200,DIRT,OP,11,6,H0006034,ウマ6034,セ,2022,渡辺 美咲,56.0,19,0.305,0.068,0.6,4
502,レース0502,2025-04-10,中京,1200,DIRT,OP,12,6,H0006035,ウマ6035,牝,2021,山本 陽,58.0,8,0.205,0.042,0.797,3
503,レース0503,2025-05-20,京都,1600,TURF,G2,1,1,H0006036,ウマ6036,牝,2022,山本 陽,57.0,18,0.201,0.188,0.588,5
503,レース0503,2025-05-20,京都,1600,TURF,G2,2,1,H0006037,ウマ6037,牝,2022,山本 陽,55.0,15,0.135,0.155,0.476,1
503,レース0503,2025-05-20,京都,1600,TURF,G2,3,2,H0006038,ウマ6038,セ,2022,小林 蓮,57.0,17,0.336,0.144,0.588,2
503,レース0503,2025-05-20,京都,1600,TURF,G2,4,2,H0006039,ウマ6039,牡,2021,高橋 大輔,57.0,10,0.213,0.153,0.5,7
503,レース0503,2025-05-20,京都,1600,TURF,G2,5,3,H0006040,ウマ6040,牝,2021,田中 一郎,57.0,30,0.107,0.137,0.542,11
503,レース0503,2025-05-20,京都,1600,TURF,G2,6,3,H0006041,ウマ6041,セ,2021,山本 陽,58.0,10,0.279,0.051,0.725,6
503,レース0503,2025-05-20,京都,1600,TURF,G2,7,4,H0006042,ウマ6042,牝,2020,加藤 楓,56.0,15,0.0,0.178,0.333,12
503,レース0503,2025-05-20,京都,1600,TURF,G2,8,4,H0006043,ウマ6043,牡,2021,渡辺 美咲,54.0,30,0.1,0.069,0.693,9
503,レース0503,2025-05-20,京都,1600,TURF,G2,9,5,H0006044,ウマ6044,セ,2022,鈴木 花子,58.0,14,0.244,0.141,0.552,4
503,レース0503,2025-05-20,京都,1600,TURF,G2,10,5,H0006045,ウマ6045,牡,2020,伊藤 翼,58.0,11,0.055,0.208,0.417,8
503,レース0503,2025-05-20,京都,1600,TURF,G2,11,6,H0006046,ウマ6046,牡,2020,鈴木 花子,56.0,12,0.276,0.08,0.942,3
503,レース0503,2025-05-20,京都,1600,TURF,G2,12,6,H0006047,ウマ6047,セ,2022,渡辺 美咲,54.0,23,0.175,0.068,0.441,10
504,レース0504,2025-04-02,阪神,2000,DIRT,OP,1,1,H0006048,ウマ6048,セ,2020,小林 蓮,57.0,3,0.132,0.131,0.623,3
504,レース0504,2025-04-02,阪神,2000,DIRT,OP,2,1,H0006049,ウマ6049,牝,2020,中村 駿,54.0,6,0.103,0.19,0.571,6
504,レース0504,2025-04-02,阪神,2000,DIRT,OP,3,2,H0006050,ウマ6050,牝,2021,田中 一郎,55.0,25,0.059,0.119,0.497,7
504,レース0504,2025-04-02,阪神,2000,DIRT,OP,4,2,H0006051,ウマ6051,セ,2022,高橋 大輔,54.0,29,0.226,0.062,0.861,1
504,レース0504,2025-04-02,阪神,2000,DIRT,OP,5,3,H0006052,ウマ6052,牝,2022,山本 陽,56.0,22,0.246,0.111,0.537,4
504,レース0504,2025-04-02,阪神,2000,DIRT,OP,6,3,H0006053,ウマ6053,セ,2020,加藤 楓,55.0,12,0.189,0.03,0.38,9
504,レース0504,2025-04-02,阪神,2000,DIRT,OP,7,4,H0006054,ウマ6054,牝,2021,田中 一郎,58.0,20,0.245,0.156,0.585,2
504,レース0504,2025-04-02,阪神,2000,DIRT,OP,8,4,H0006055,ウマ6055,セ,2022,加藤 楓,57.0,14,0.317,0.098,0.457,5
504,レース0504,2025-04-02,阪神,2000,DIRT,OP,9,5,H0006056,ウマ6056,セ,2022,鈴木 花子,57.0,20,0.158,0.128,0.329,8
505,レース0505,2025-09-27,京都,2000,TURF,OP,1,1,H0006057,ウマ6057,セ,2020,渡辺 美咲,55.0,11,0.0,0.196,0.307,11
505,レース0505,2025-09-27,京都,2000,TURF,OP,2,1,H0006058,ウマ6058,牝,2021,佐藤 健,57.0,10,0.212,0.087,0.54,10
505,レース0505,2025-09-27,京都,2000,TURF,OP,3,2,H0006059,ウマ6059,セ,2022,伊藤 翼,57.0,11,0.336,0.145,0.5,1
505,レース0505,2025-09-27,京都,2000,TURF,OP,4,2,H0006060,ウマ6060,牡,2020,高橋 大輔,56.0,13,0.011,0.059,0.29,12
505,レース0505,2025-09-27,京都,2000,TURF,OP,5,3,H0006061,ウマ6061,牝,2020,渡辺 美咲,54.0,22,0.265,0.146,0.426,5
505,レース0505,2025-09-27,京都,2000,TURF,OP,6,3,H0006062,ウマ6062,セ,2021,中村 駿,56.0,13,0.242,0.189,0.578,3
505,レース0505,2025-09-27,京都,2000,TURF,OP,7,4,H0006063,ウマ6063,牡,2022,鈴木 花子,58.0,22,0.0,0.14,0.625,9
505,レース0505,2025-09-27,京都,2000,TURF,OP,8,4,H0006064,ウマ6064,セ,2022,田中 一郎,57.0,25,0.338,0.116,0.682,4
505,レース0505,2025-09-27,京都,2000,TURF,OP,9,5,H0006065,ウマ6065,牝,2020,山本 陽,58.0,6,0.246,0.224,0.826,2
505,レース0505,2025-09-27,京都,2000,TURF,OP,10,5,H0006066,ウマ6066,牝,2020,伊藤 翼,56.0,24,0.259,0.184,0.583,6
505,レース0505,2025-09-27,京都,2000,TURF,OP,11,6,H0006067,ウマ6067,牝,2022,中村 駿,58.0,27,0.149,0.105,0.816,7
505,レース0505,2025-09-27,京都,2000,TURF,OP,12,6,H0006068,ウマ6068,セ,2022,鈴木 花子,57.0,28,0.278,0.113,0.433,8
506,レース0506,2025-02-09,中山,2000,TURF,OP,1,1,H0006069,ウマ6069,牝,2020,高橋 大輔,54.0,26,0.143,0.152,0.145,11
506,レース0506,2025-02-09,中山,2000,TURF,OP,2,1,H0006070,ウマ6070,牝,2021,渡辺 美咲,56.0,15,0.192,0.174,0.404,6
506,レース0506,2025-02-09,中山,2000,TURF,OP,3,2,H0006071,ウマ6071,牝,2022,田中 一郎,54.0,4,0.371,0.106,0.312,3
506,レース0506,2025-02-09,中山,2000,TURF,OP,4,2,H0006072,ウマ6072,牝,2022,高橋 大輔,58.0,20,0.275,0.175,0.602,1
506,レース0506,2025-02-09,中山,2000,TURF,OP,5,3,H0006073,ウマ6073,牝,2020,加藤 楓,54.0,25,0.256,0.167,0.285,4
506,レース0506,2025-02-09,中山,2000,TURF,OP,6,3,H0006074,ウマ6074,セ,2022,田中 一郎,57.0,18,0.317,0.127,0.069,10
506,レース0506,2025-02-09,中山,2000,TURF,OP,7,4,H0006075,ウマ6075,セ,2022,鈴木 花子,54.0,14,0.0,0.167,0.516,9
506,レース0506,2025-02-09,中山,2000,TURF,OP,8,4,H0006076,ウマ6076,牝,2021,中村 駿,54.0,5,0.11,0.083,0.247,8
506,レース0506,2025-02-09,中山,2000,TURF,OP,9,5,H0006077,ウマ6077,牝,2021,中村 駿,54.0,29,0.281,0.083,0.503,7
506,レース0506,2025-02-09,中山,2000,TURF,OP,10,5,H0006078,ウマ6078,牝,2021,渡辺 美咲,57.0,24,0.217,0.162,0.69,2
506,レース0506,2025-02-09,中山,2000,TURF,OP,11,6,H0006079,ウマ6079,牝,2021,中村 駿,57.0,14,0.103,0.205,0.429,5
507,レース0507,2025-05-10,中京,1400,TURF,OP,1,1,H0006080,ウマ6080,セ,2020,中村 駿,55.0,8,0.112,0.209,0.4,9
507,レース0507,2025-05-10,中京,1400,TURF,OP,2,1,H0006081,ウマ6081,セ,2022,中村 駿,58.0,6,0.218,0.179,0.508,8
507,レース0507,2025-05-10,中京,1400,TURF,OP,3,2,H0006082,ウマ6082,牝,2020,渡辺 美咲,58.0,20,0.353,0.09,0.897,1
507,レース0507,2025-05-10,中京,1400,TURF,OP,4,2,H0006083,ウマ6083,牡,2020,高橋 大輔,56.0,14,0.303,0.103,0.551,10
507,レース0507,2025-05-10,中京,1400,TURF,OP,5,3,H0006084,ウマ6084,牡,2021,加藤 楓,57.0,12,0.12,0.047,0.689,6
507,レース0507,2025-05-10,中京,1400,TURF,OP,6,3,H0006085,ウマ6085,セ,2020,高橋 大輔,55.0,27,0.105,0.137,0.224,13
507,レース0507,2025-05-10,中京,1400,TURF,OP,7,4,H0006086,ウマ6086,牝,2020,山本 陽,54.0,25,0.226,0.064,0.326,12
507,レース0507,2025-05-10,中京,1400,TURF,OP,8,4,H0006087,ウマ6087,セ,2022,伊藤 翼,58.0,24,0.271,0.121,0.609,4
507,レース0507,2025-05-10,中京,1400,TURF,OP,9,5,H0006088,ウマ6088,セ,2021,伊藤 翼,56.0,3,0.227,0.141,0.669,2
507,レース0507,2025-05-10,中京,1400,TURF,OP,10,5,H0006089,ウマ6089,牡,2022,中村 駿,55.0,6,0.104,0.123,0.496,11
507,レース0507,2025-05-10,中京,1400,TURF,OP,11,6,H0006090,ウマ6090,セ,2022,田中 一郎,56.0,15,0.358,0.129,0.384,7
507,レース0507,2025-05-10,中京,1400,TURF,OP,12,6,H0006091,ウマ6091,セ,2020,山本 陽,56.0,13,0.316,0.205,0.542,5
507,レース0507,2025-05-10,中京,1400,TURF,OP,13,7,H0006092,ウマ6092,セ,2020,伊藤 翼,58.0,6,0.11,0.127,0.706,3
508,レース0508,2025-09-09,中山,1400,DIRT,3勝,1,1,H0006093,ウマ6093,セ,2022,中村 駿,57.0,11,0.411,0.135,0.593,4
508,レース0508,2025-09-09,中山,1400,DIRT,3勝,2,1,H0006094,ウマ6094,牡,2021,渡辺 美咲,56.0,29,0.148,0.11,0.494,11
508,レース0508,2025-09-09,中山,1400,DIRT,3勝,3,2,H0006095,ウマ6095,セ,2020,中村 駿,56.0,24,0.197,0.15,0.393,9
508,レース0508,2025-09-09,中山,1400,DIRT,3勝,4,2,H0006096,ウマ6096,牡,2020,小林 蓮,56.0,16,0.276,0.28,0.356,2
508,レース0508,2025-09-09,中山,1400,DIRT,3勝,5,3,H0006097,ウマ6097,セ,2021,加藤 楓,55.0,5,0.266,0.093,0.8,3
508,レース0508,2025-09-09,中山,1400,DIRT,3勝,6,3,H0006098,ウマ6098,牝,2022,鈴木 花子,54.0,24,0.186,0.135,0.552,7
508,レース0508,2025-09-09,中山,1400,DIRT,3勝,7,4,H0006099,ウマ6099,セ,2022,渡辺 美咲,54.0,13,0.368,0.101,0.741,1
508,レース0508,2025-09-09,中山,1400,DIRT,3勝,8,4,H0006100,ウマ6100,牝,2022,田中 一郎,57.0,30,0.251,0.098,0.527,5
508,レース0508,2025-09-09,中山,1400,DIRT,3勝,9,5,H0006101,ウマ6101,牝,2020,加藤 楓,58.0,19,0.062,0.144,0.485,13
508,レース0508,2025-09-09,中山,1400,DIRT,3勝,10,5,H0006102,ウマ6102,牡,2021,佐藤 健,58.0,9,0.196,0.167,0.433,10
508,レース0508,2025-09-09,中山,1400,DIRT,3勝,11,6,H0006103,ウマ6103,セ,2021,伊藤 翼,54.0,11,0.169,0.121,0.512,6
508,レース0508,2025-09-09,中山,1400,DIRT,3勝,12,6,H0006104,ウマ6104,牡,2021,渡辺 美咲,54.0,25,0.167,0.11,0.661,8
508,レース0508,2025-09-09,中山,1400,DIRT,3勝,13,7,H0006105,ウマ6105,牡,2020,田中 一郎,58.0,8,0.158,0.056,0.388,12
509,レース0509,2025-08-06,阪神,2400,TURF,G3,1,1,H0006106,ウマ6106,セ,2021,田中 一郎,55.0,11,0.109,0.174,0.822,3
509,レース0509,2025-08-06,阪神,2400,TURF,G3,2,1,H0006107,ウマ6107,牝,2021,高橋 大輔,56.0,14,0.205,0.105,0.325,12
509,レース0509,2025-08-06,阪神,2400,TURF,G3,3,2,H0006108,ウマ6108,セ,2021,伊藤 翼,55.0,21,0.028,0.153,0.886,7
509,レース0509,2025-08-06,阪神,2400,TURF,G3,4,2,H0006109,ウマ6109,セ,2021,高橋 大輔,55.0,27,0.244,0.255,0.617,1
509,レース0509,2025-08-06,阪神,2400,TURF,G3,5,3,H0006110,ウマ6110,牝,2022,山本 陽,55.0,16,0.104,0.114,0.712,6
509,レース0509,2025-08-06,阪神,2400,TURF,G3,6,3,H0006111,ウマ6111,セ,2022,小林 蓮,54.0,8,0.153,0.18,0.326,11
509,レース0509,2025-08-06,阪神,2400,TURF,G3,7,4,H0006112,ウマ6112,セ,2022,高橋 大輔,56.0,6,0.055,0.03,0.627,14
509,レース0509,2025-08-06,阪神,2400,TURF,G3,8,4,H0006113,ウマ6113,セ,2020,中村 駿,58.0,14,0.257,0.105,0.607,4
509,レース0509,2025-08-06,阪神,2400,TURF,G3,9,5,H0006114,ウマ6114,牝,2020,中村 駿,55.0,4,0.198,0.06,0.688,5
509,レース0509,2025-08-06,阪神,2400,TURF,G3,10,5,H0006115,ウマ6115,セ,2021,高橋 大輔,55.0,14,0.225,0.137,0.554,9
509,レース0509,2025-08-06,阪神,2400,TURF,G3,11,6,H0006116,ウマ6116,セ,2022,渡辺 美咲,58.0,21,0.062,0.171,0.351,15
509,レース0509,2025-08-06,阪神,2400,TURF,G3,12,6,H0006117,ウマ6117,牝,2021,小林 蓮,56.0,13,0.123,0.227,0.449,13
509,レース0509,2025-08-06,阪神,2400,TURF,G3,13,7,H0006118,ウマ6118,牝,2021,渡辺 美咲,57.0,6,0.159,0.148,0.678,8
509,レース0509,2025-08-06,阪神,2400,TURF,G3,14,7,H0006119,ウマ6119,牝,2020,加藤 楓,58.0,9,0.271,0.212,0.65,2
509,レース0509,2025-08-06,阪神,2400,TURF,G3,15,8,H0006120,ウマ6120,牡,2020,鈴木 花子,56.0,26,0.055,0.084,0.63,10
510,レース0510,2025-04-08,東京,1400,TURF,G2,1,1,H0006121,ウマ6121,セ,2021,佐藤 健,55.0,5,0.051,0.039,0.755,6
510,レース0510,2025-04-08,東京,1400,TURF,G2,2,1,H0006122,ウマ6122,牝,2021,渡辺 美咲,55.0,27,0.158,0.104,0.829,1
510,レース0510,2025-04-08,東京,1400,TURF,G2,3,2,H0006123,ウマ6123,セ,2020,加藤 楓,55.0,25,0.196,0.09,0.266,8
510,レース0510,2025-04-08,東京,1400,TURF,G2,4,2,H0006124,ウマ6124,セ,2020,渡辺 美咲,56.0,25,0.174,0.15,0.624,5
510,レース0510,2025-04-08,東京,1400,TURF,G2,5,3,H0006125,ウマ6125,セ,2021,中村 駿,54.0,16,0.181,0.214,0.581,4
510,レース0510,2025-04-08,東京,1400,TURF,G2,6,3,H0006126,ウマ6126,セ,2022,山本 陽,57.0,28,0.209,0.14,0.537,2
510,レース0510,2025-04-08,東京,1400,TURF,G2,7,4,H0006127,ウマ6127,牝,2021,中村 駿,54.0,6,0.121,0.03,0.686,3
510,レース0510,2025-04-08,東京,1400,TURF,G2,8,4,H0006128,ウマ6128,牡,2020,佐藤 健,54.0,8,0.168,0.145,0.556,7
511,レース0511,2025-06-04,中山,2000,TURF,2勝,1,1,H0006129,ウマ6129,セ,2021,伊藤 翼,55.0,6,0.257,0.219,0.363,9
511,レース0511,2025-06-04,中山,2000,TURF,2勝,2,1,H0006130,ウマ6130,牡,2022,佐藤 健,55.0,16,0.233,0.128,0.643,4
511,レース0511,2025-06-04,中山,2000,TURF,2勝,3,2,H0006131,ウマ6131,牡,2021,田中 一郎,55.0,11,0.174,0.047,0.656,3
511,レース0511,2025-06-04,中山,2000,TURF,2勝,4,2,H0006132,ウマ6132,牝,2021,加藤 楓,57.0,19,0.226,0.089,0.857,2
511,レース0511,2025-06-04,中山,2000,TURF,2勝,5,3,H0006133,ウマ6133,牡,2020,佐藤 健,56.0,16,0.236,0.051,0.813,1
511,レース0511,2025-06-04,中山,2000,TURF,2勝,6,3,H0006134,ウマ6134,牝,2020,渡辺 美咲,55.0,14,0.146,0.099,0.524,8
511,レース0511,2025-06-04,中山,2000,TURF,2勝,7,4,H0006135,ウマ6135,セ,2022,高橋 大輔,57.0,5,0.205,0.08,0.498,5
511,レース0511,2025-06-04,中山,2000,TURF,2勝,8,4,H0006136,ウマ6136,セ,2021,高橋 大輔,56.0,8,0.124,0.23,0.631,6
511,レース0511,2025-06-04,中山,2000,TURF,2勝,9,5,H0006137,ウマ6137,セ,2022,小林 蓮,55.0,16,0.215,0.19,0.45,7
512,レース0512,2025-06-14,阪神,1400,TURF,OP,1,1,H0006138,ウマ6138,セ,2022,山本 陽,58.0,20,0.245,0.098,1.0,2
512,レース0512,2025-06-14,阪神,1400,TURF,OP,2,1,H0006139,ウマ6139,セ,2021,小林 蓮,54.0,21,0.068,0.158,0.805,6
512,レース0512,2025-06-14,阪神,1400,TURF,OP,3,2,H0006140,ウマ6140,セ,2022,鈴木 花子,58.0,21,0.248,0.195,0.537,4
512,レース0512,2025-06-14,阪神,1400,TURF,OP,4,2,H0006141,ウマ6141,セ,2021,伊藤 翼,58.0,15,0.226,0.13,0.734,1
512,レース0512,2025-06-14,阪神,1400,TURF,OP,5,3,H0006142,ウマ6142,セ,2020,田中 一郎,54.0,7,0.108,0.157,0.639,8
512,レース0512,2025-06-14,阪神,1400,TURF,OP,6,3,H0006143,ウマ6143,牝,2020,小林 蓮,56.0,9,0.159,0.176,0.815,3
512,レース0512,2025-06-14,阪神,1400,TURF,OP,7,4,H0006144,ウマ6144,セ,2022,山本 陽,57.0,15,0.294,0.113,0.655,7
512,レース0512,2025-06-14,阪神,1400,TURF,OP,8,4,H0006145,ウマ6145,セ,2022,伊藤 翼,58.0,9,0.099,0.159,0.207,10
512,レース0512,2025-06-14,阪神,1400,TURF,OP,9,5,H0006146,ウマ6146,セ,2022,中村 駿,54.0,14,0.257,0.175,0.625,5
512,レース0512,2025-06-14,阪神,1400,TURF,OP,10,5,H0006147,ウマ6147,セ,2021,渡辺 美咲,57.0,24,0.278,0.067,0.466,9
513,レース0513,2025-06-15,中山,1200,TURF,2勝,1,1,H0006148,ウマ6148,セ,2020,小林 蓮,55.0,13,0.297,0.056,0.558,5
513,レース0513,2025-06-15,中山,1200,TURF,2勝,2,1,H0006149,ウマ6149,セ,2021,山本 陽,58.0,17,0.157,0.124,0.749,4
513,レース0513,2025-06-15,中山,1200,TURF,2勝,3,2,H0006150,ウマ6150,牝,2020,高橋 大輔,58.0,6,0.126,0.03,0.212,12
513,レース0513,2025-06-15,中山,1200,TURF,2勝,4,2,H0006151,ウマ6151,セ,2021,田中 一郎,55.0,16,0.175,0.17,0.402,8
513,レース0513,2025-06-15,中山,1200,TURF,2勝,5,3,H0006152,ウマ6152,セ,2020,加藤 楓,54.0,4,0.308,0.215,0.913,1
513,レース0513,2025-06-15,中山,1200,TURF,2勝,6,3,H0006153,ウマ6153,牝,2020,伊藤 翼,58.0,26,0.168,0.116,0.226,11
513,レース0513,2025-06-15,中山,1200,TURF,2勝,7,4,H0006154,ウマ6154,牡,2022,鈴木 花子,54.0,25,0.098,0.133,0.557,6
513,レース0513,2025-06-15,中山,1200,TURF,2勝,8,4,H0006155,ウマ6155,牡,2021,伊藤 翼,58.0,5,0.183,0.169,0.354,7
513,レース0513,2025-06-15,中山,1200,TURF,2勝,9,5,H0006156,ウマ6156,牡,2021,伊藤 翼,57.0,25,0.076,0.154,0.479,10
513,レース0513,2025-06-15,中山,1200,TURF,2勝,10,5,H0006157,ウマ6157,セ,2021,田中 一郎,55.0,30,0.203,0.194,0.646,3
513,レース0513,2025-06-15,中山,1200,TURF,2勝,11,6,H0006158,ウマ6158,牝,2021,伊藤 翼,58.0,7,0.124,0.121,0.683,2
513,レース0513,2025-06-15,中山,1200,TURF,2勝,12,6,H0006159,ウマ6159,牝,2022,佐藤 健,57.0,17,0.135,0.157,0.298,9
514,レース0514,2025-09-21,中京,1200,TURF,G2,1,1,H0006160,ウマ6160,牝,2021,鈴木 花子,56.0,11,0.119,0.101,0.517,5
514,レース0514,2025-09-21,中京,1200,TURF,G2,2,1,H0006161,ウマ6161,牡,2022,小林 蓮,57.0,21,0.297,0.072,0.311,14
514,レース0514,2025-09-21,中京,1200,TURF,G2,3,2,H0006162,ウマ6162,牡,2022,渡辺 美咲,55.0,22,0.152,0.111,0.313,12
514,レース0514,2025-09-21,中京,1200,TURF,G2,4,2,H0006163,ウマ6163,セ,2021,高橋 大輔,57.0,10,0.27,0.156,0.472,6
514,レース0514,2025-09-21,中京,1200,TURF,G2,5,3,H0006164,ウマ6164,牝,2022,高橋 大輔,58.0,17,0.127,0.073,0.551,9
514,レース0514,2025-09-21,中京,1200,TURF,G2,6,3,H0006165,ウマ6165,牡,2021,佐藤 健,56.0,4,0.197,0.03,0.442,11
514,レース0514,2025-09-21,中京,1200,TURF,G2,7,4,H0006166,ウマ6166,牡,2020,佐藤 健,55.0,13,0.162,0.112,0.404,10
514,レース0514,2025-09-21,中京,1200,TURF,G2,8,4,H0006167,ウマ6167,牡,2020,高橋 大輔,56.0,5,0.292,0.11,0.601,2
514,レース0514,2025-09-21,中京,1200,TURF,G2,9,5,H0006168,ウマ6168,牡,2022,伊藤 翼,58.0,20,0.113,0.172,0.471,8
514,レース0514,2025-09-21,中京,1200,TURF,G2,10,5,H0006169,ウマ6169,牝,2021,高橋 大輔,57.0,3,0.18,0.053,0.652,7
514,レース0514,2025-09-21,中京,1200,TURF,G2,11,6,H0006170,ウマ6170,セ,2022,伊藤 翼,54.0,25,0.258,0.051,0.362,1
514,レース0514,2025-09-21,中京,1200,TURF,G2,12,6,H0006171,ウマ6171,セ,2021,中村 駿,56.0,18,0.118,0.114,0.441,13
514,レース0514,2025-09-21,中京,1200,TURF,G2,13,7,H0006172,ウマ6172,セ,2020,渡辺 美咲,57.0,5,0.249,0.173,0.646,3
514,レース0514,2025-09-21,中京,1200,TURF,G2,14,7,H0006173,ウマ6173,牝,2022,高橋 大輔,55.0,29,0.179,0.088,0.656,4
515,レース0515,2025-12-20,中京,2400,DIRT,G3,1,1,H0006174,ウマ6174,セ,2021,渡辺 美咲,55.0,17,0.274,0.065,0.631,2
515,レース0515,2025-12-20,中京,2400,DIRT,G3,2,1,H0006175,ウマ6175,セ,2021,田中 一郎,55.0,24,0.071,0.147,0.677,8
515,レース0515,2025-12-20,中京,2400,DIRT,G3,3,2,H0006176,ウマ6176,牡,2020,鈴木 花子,57.0,13,0.179,0.126,0.563,5
515,レース0515,2025-12-20,中京,2400,DIRT,G3,4,2,H0006177,ウマ6177,牝,2021,田中 一郎,55.0,6,0.17,0.159,0.536,9
515,レース0515,2025-12-20,中京,2400,DIRT,G3,5,3,H0006178,ウマ6178,セ,2021,山本 陽,54.0,6,0.28,0.108,0.609,1
515,レース0515,2025-12-20,中京,2400,DIRT,G3,6,3,H0006179,ウマ6179,牡,2021,伊藤 翼,58.0,8,0.177,0.23,0.508,3
515,レース0515,2025-12-20,中京,2400,DIRT,G3,7,4,H0006180,ウマ6180,牝,2021,渡辺 美咲,54.0,12,0.138,0.102,0.573,7
515,レース0515,2025-12-20,中京,2400,DIRT,G3,8,4,H0006181,ウマ6181,牝,2021,伊藤 翼,57.0,15,0.21,0.185,0.118,11
515,レース0515,2025-12-20,中京,2400,DIRT,G3,9,5,H0006182,ウマ6182,セ,2021,高橋 大輔,55.0,3,0.167,0.032,0.596,6
515,レース0515,2025-12-20,中京,2400,DIRT,G3,10,5,H0006183,ウマ6183,セ,2022,加藤 楓,57.0,7,0.21,0.116,0.564,4
515,レース0515,2025-12-20,中京,2400,DIRT,G3,11,6,H0006184,ウマ6184,牝,2022,小林 蓮,54.0,6,0.243,0.166,0.236,10
515,レース0515,2025-12-20,中京,2400,DIRT,G3,12,6,H0006185,ウマ6185,セ,2021,鈴木 花子,58.0,12,0.109,0.1,0.479,12
516,レース0516,2025-12-02,京都,1200,DIRT,1勝,1,1,H0006186,ウマ6186,セ,2020,中村 駿,58.0,3,0.297,0.148,0.334,2
516,レース0516,2025-12-02,京都,1200,DIRT,1勝,2,1,H0006187,ウマ6187,牝,2022,中村 駿,58.0,5,0.226,0.075,0.593,8
516,レース0516,2025-12-02,京都,1200,DIRT,1勝,3,2,H0006188,ウマ6188,牝,2021,鈴木 花子,54.0,24,0.228,0.123,0.621,3
516,レース0516,2025-12-02,京都,1200,DIRT,1勝,4,2,H0006189,ウマ6189,牝,2022,山本 陽,56.0,4,0.294,0.103,0.465,1
516,レース0516,2025-12-02,京都,1200,DIRT,1勝,5,3,H0006190,ウマ6190,牡,2020,田中 一郎,54.0,29,0.14,0.18,0.437,11
516,レース0516,2025-12-02,京都,1200,DIRT,1勝,6,3,H0006191,ウマ6191,セ,2022,鈴木 花子,57.0,5,0.135,0.048,0.484,12
516,レース0516,2025-12-02,京都,1200,DIRT,1勝,7,4,H0006192,ウマ6192,セ,2020,高橋 大輔,55.0,30,0.326,0.141,0.64,4
516,レース0516,2025-12-02,京都,1200,DIRT,1勝,8,4,H0006193,ウマ6193,牡,2022,佐藤 健,56.0,21,0.017,0.114,0.397,14
516,レース0516,2025-12-02,京都,1200,DIRT,1勝,9,5,H0006194,ウマ6194,牡,2020,田中 一郎,54.0,28,0.269,0.031,0.188,13
516,レース0516,2025-12-02,京都,1200,DIRT,1勝,10,5,H0006195,ウマ6195,セ,2021,鈴木 花子,58.0,6,0.204,0.176,0.429,10
516,レース0516,2025-12-02,京都,1200,DIRT,1勝,11,6,H0006196,ウマ6196,セ,2021,高橋 大輔,58.0,20,0.159,0.09,0.121,15
516,レース0516,2025-12-02,京都,1200,DIRT,1勝,12,6,H0006197,ウマ6197,牝,2022,佐藤 健,57.0,10,0.224,0.081,0.675,7
516,レース0516,2025-12-02,京都,1200,DIRT,1勝,13,7,H0006198,ウマ6198,セ,2021,中村 駿,56.0,13,0.275,0.075,0.711,5
516,レース0516,2025-12-02,京都,1200,DIRT,1勝,14,7,H0006199,ウマ6199,牡,2020,中村 駿,56.0,7,0.235,0.153,0.536,6
516,レース0516,2025-12-02,京都,1200,DIRT,1勝,15,8,H0006200,ウマ6200,セ,2022,伊藤 翼,54.0,28,0.287,0.151,0.39,9
517,レース0517,2025-03-27,中京,1400,DIRT,G1,1,1,H0006201,ウマ6201,セ,2020,山本 陽,58.0,6,0.149,0.119,0.628,8
517,レース0517,2025-03-27,中京,1400,DIRT,G1,2,1,H0006202,ウマ6202,牡,2020,小林 蓮,58.0,21,0.327,0.237,0.549,3
517,レース0517,2025-03-27,中京,1400,DIRT,G1,3,2,H0006203,ウマ6203,牝,2022,渡辺 美咲,54.0,4,0.019,0.187,0.712,1
517,レース0517,2025-03-27,中京,1400,DIRT,G1,4,2,H0006204,ウマ6204,セ,2020,山本 陽,55.0,20,0.191,0.158,0.442,7
517,レース0517,2025-03-27,中京,1400,DIRT,G1,5,3,H0006205,ウマ6205,牡,2021,鈴木 花子,56.0,24,0.356,0.046,0.687,2
517,レース0517,2025-03-27,中京,1400,DIRT,G1,6,3,H0006206,ウマ6206,牝,2020,加藤 楓,57.0,26,0.265,0.105,0.637,4
517,レース0517,2025-03-27,中京,1400,DIRT,G1,7,4,H0006207,ウマ6207,牡,2022,鈴木 花子,57.0,9,0.1,0.123,0.834,6
517,レース0517,2025-03-27,中京,1400,DIRT,G1,8,4,H0006208,ウマ6208,セ,2021,鈴木 花子,56.0,4,0.017,0.03,0.581,9
517,レース0517,2025-03-27,中京,1400,DIRT,G1,9,5,H0006209,ウマ6209,牡,2022,渡辺 美咲,56.0,7,0.184,0.181,0.651,5
518,レース0518,2025-02-26,中京,2000,TURF,2勝,1,1,H0006210,ウマ6210,牡,2021,伊藤 翼,58.0,28,0.258,0.09,0.615,9
518,レース0518,2025-02-26,中京,2000,TURF,2勝,2,1,H0006211,ウマ6211,牡,2020,山本 陽,57.0,4,0.203,0.052,0.371,11
518,レース0518,2025-02-26,中京,2000,TURF,2勝,3,2,H0006212,ウマ6212,セ,2022,鈴木 花子,54.0,13,0.237,0.136,0.47,4
518,レース0518,2025-02-26,中京,2000,TURF,2勝,4,2,H0006213,ウマ6213,セ,2021,加藤 楓,54.0,5,0.003,0.117,0.773,5
518,レース0518,2025-02-26,中京,2000,TURF,2勝,5,3,H0006214,ウマ6214,牝,2020,佐藤 健,54.0,9,0.04,0.211,0.38,12
518,レース0518,2025-02-26,中京,2000,TURF,2勝,6,3,H0006215,ウマ6215,セ,2020,加藤 楓,58.0,21,0.189,0.082,0.747,1
518,レース0518,2025-02-26,中京,2000,TURF,2勝,7,4,H0006216,ウマ6216,牡,2022,高橋 大輔,54.0,13,0.099,0.217,0.579,7
518,レース0518,2025-02-26,中京,2000,TURF,2勝,8,4,H0006217,ウマ6217,牝,2020,中村 駿,57.0,20,0.032,0.17,0.283,13
518,レース0518,2025-02-26,中京,2000,TURF,2勝,9,5,H0006218,ウマ6218,牝,2022,小林 蓮,58.0,5,0.278,0.082,0.45,8
518,レース0518,2025-02-26,中京,2000,TURF,2勝,10,5,H0006219,ウマ6219,セ,2021,田中 一郎,55.0,14,0.011,0.102,0.692,10
518,レース0518,2025-02-26,中京,2000,TURF,2勝,11,6,H0006220,ウマ6220,牡,2022,加藤 楓,56.0,3,0.392,0.138,0.545,2
518,レース0518,2025-02-26,中京,2000,TURF,2勝,12,6,H0006221,ウマ6221,セ,2020,伊藤 翼,54.0,23,0.223,0.185,0.667,3
518,レース0518,2025-02-26,中京,2000,TURF,2勝,13,7,H0006222,ウマ6222,牡,2021,伊藤 翼,56.0,12,0.157,0.147,0.498,6
519,レース0519,2025-03-26,中京,2000,DIRT,3勝,1,1,H0006223,ウマ6223,牡,2022,小林 蓮,54.0,16,0.136,0.176,0.42,9
519,レース0519,2025-03-26,中京,2000,DIRT,3勝,2,1,H0006224,ウマ6224,牝,2020,田中 一郎,55.0,11,0.378,0.05,0.503,5
519,レース0519,2025-03-26,中京,2000,DIRT,3勝,3,2,H0006225,ウマ6225,牝,2021,中村 駿,54.0,5,0.248,0.159,0.49,8
519,レース0519,2025-03-26,中京,2000,DIRT,3勝,4,2,H0006226,ウマ6226,セ,2021,加藤 楓,54.0,26,0.128,0.081,0.576,11
519,レース0519,2025-03-26,中京,2000,DIRT,3勝,5,3,H0006227,ウマ6227,牡,2022,加藤 楓,55.0,18,0.17,0.181,0.614,3
519,レース0519,2025-03-26,中京,2000,DIRT,3勝,6,3,H0006228,ウマ6228,牡,2022,鈴木 花子,58.0,20,0.073,0.16,0.661,4
519,レース0519,2025-03-26,中京,2000,DIRT,3勝,7,4,H0006229,ウマ6229,牡,2021,渡辺 美咲,56.0,17,0.111,0.162,0.75,2
519,レース0519,2025-03-26,中京,2000,DIRT,3勝,8,4,H0006230,ウマ6230,牡,2020,高橋 大輔,57.0,27,0.301,0.201,0.868,1
519,レース0519,2025-03-26,中京,2000,DIRT,3勝,9,5,H0006231,ウマ6231,セ,2020,中村 駿,54.0,3,0.021,0.088,0.443,14
519,レース0519,2025-03-26,中京,2000,DIRT,3勝,10,5,H0006232,ウマ6232,牝,2020,小林 蓮,58.0,26,0.106,0.255,0.405,10
519,レース0519,2025-03-26,中京,2000,DIRT,3勝,11,6,H0006233,ウマ6233,セ,2021,中村 駿,54.0,29,0.125,0.035,0.779,7
519,レース0519,2025-03-26,中京,2000,DIRT,3勝,12,6,H0006234,ウマ6234,セ,2022,渡辺 美咲,57.0,28,0.232,0.082,0.52,12
519,レース0519,2025-03-26,中京,2000,DIRT,3勝,13,7,H0006235,ウマ6235,牝,2021,田中 一郎,54.0,27,0.121,0.118,0.308,13
519,レース0519,2025-03-26,中京,2000,DIRT,3勝,14,7,H0006236,ウマ6236,牡,2021,渡辺 美咲,57.0,15,0.356,0.161,0.421,6
520,レース0520,2025-06-13,阪神,1200,DIRT,1勝,1,1,H0006237,ウマ6237,牡,2020,田中 一郎,54.0,18,0.103,0.165,0.392,3
520,レース0520,2025-06-13,阪神,1200,DIRT,1勝,2,1,H0006238,ウマ6238,セ,2022,山本 陽,54.0,9,0.313,0.19,0.575,1
520,レース0520,2025-06-13,阪神,1200,DIRT,1勝,3,2,H0006239,ウマ6239,牝,2020,渡辺 美咲,55.0,26,0.191,0.065,0.31,9
520,レース0520,2025-06-13,阪神,1200,DIRT,1勝,4,2,H0006240,ウマ6240,牝,2020,高橋 大輔,57.0,9,0.187,0.149,0.479,8
520,レース0520,2025-06-13,阪神,1200,DIRT,1勝,5,3,H0006241,ウマ6241,セ,2021,鈴木 花子,56.0,19,0.084,0.206,0.614,5
520,レース0520,2025-06-13,阪神,1200,DIRT,1勝,6,3,H0006242,ウマ6242,牡,2020,伊藤 翼,58.0,9,0.077,0.053,0.678,7
520,レース0520,2025-06-13,阪神,1200,DIRT,1勝,7,4,H0006243,ウマ6243,牡,2020,鈴木 花子,57.0,25,0.17,0.157,0.244,12
520,レース0520,2025-06-13,阪神,1200,DIRT,1勝,8,4,H0006244,ウマ6244,セ,2022,山本 陽,55.0,29,0.079,0.123,0.489,13
520,レース0520,2025-06-13,阪神,1200,DIRT,1勝,9,5,H0006245,ウマ6245,牝,2021,加藤 楓,57.0,12,0.204,0.193,0.539,2
520,レース0520,2025-06-13,阪神,1200,DIRT,1勝,10,5,H0006246,ウマ6246,牡,2020,伊藤 翼,58.0,4,0.208,0.186,0.2,10
520,レース0520,2025-06-13,阪神,1200,DIRT,1勝,11,6,H0006247,ウマ6247,牝,2020,山本 陽,56.0,4,0.248,0.093,0.541,4
520,レース0520,2025-06-13,阪神,1200,DIRT,1勝,12,6,H0006248,ウマ6248,牝,2022,山本 陽,55.0,21,0.129,0.077,0.392,11
520,レース0520,2025-06-13,阪神,1200,DIRT,1勝,13,7,H0006249,ウマ6249,牡,2022,高橋 大輔,58.0,27,0.27,0.132,0.269,6
521,レース0521,2025-07-05,阪神,2000,DIRT,OP,1,1,H0006250,ウマ6250,セ,2020,中村 駿,57.0,17,0.289,0.038,0.764,7
521,レース0521,2025-07-05,阪神,2000,DIRT,OP,2,1,H0006251,ウマ6251,セ,2021,山本 陽,57.0,25,0.132,0.08,0.917,6
521,レース0521,2025-07-05,阪神,2000,DIRT,OP,3,2,H0006252,ウマ6252,セ,2020,渡辺 美咲,55.0,30,0.261,0.107,0.807,1
521,レース0521,2025-07-05,阪神,2000,DIRT,OP,4,2,H0006253,ウマ6253,セ,2022,伊藤 翼,58.0,6,0.164,0.192,0.241,13
521,レース0521,2025-07-05,阪神,2000,DIRT,OP,5,3,H0006254,ウマ6254,牝,2020,渡辺 美咲,55.0,4,0.045,0.116,0.421,14
521,レース0521,2025-07-05,阪神,2000,DIRT,OP,6,3,H0006255,ウマ6255,牡,2021,伊藤 翼,54.0,29,0.223,0.043,0.139,16
521,レース0521,2025-07-05,阪神,2000,DIRT,OP,7,4,H0006256,ウマ6256,牝,2021,加藤 楓,58.0,21,0.216,0.139,0.484,11
521,レース0521,2025-07-05,阪神,2000,DIRT,OP,8,4,H0006257,ウマ6257,牡,2022,小林 蓮,54.0,4,0.141,0.032,0.852,2
521,レース0521,2025-07-05,阪神,2000,DIRT,OP,9,5,H0006258,ウマ6258,牡,2020,鈴木 花子,54.0,10,0.292,0.093,0.605,4
521,レース0521,2025-07-05,阪神,2000,DIRT,OP,10,5,H0006259,ウマ6259,セ,2020,加藤 楓,56.0,24,0.159,0.199,0.426,12
521,レース0521,2025-07-05,阪神,2000,DIRT,OP,11,6,H0006260,ウマ6260,牝,2020,伊藤 翼,56.0,18,0.087,0.132,0.479,15
521,レース0521,2025-07-05,阪神,2000,DIRT,OP,12,6,H0006261,ウマ6261,牡,2020,中村 駿,57.0,24,0.046,0.114,0.606,9
521,レース0521,2025-07-05,阪神,2000,DIRT,OP,13,7,H0006262,ウマ6262,セ,2022,田中 一郎,55.0,10,0.26,0.188,0.891,3
521,レース0521,2025-07-05,阪神,2000,DIRT,OP,14,7,H0006263,ウマ6263,牡,2020,鈴木 花子,56.0,26,0.126,0.211,0.453,10
521,レース0521,2025-07-05,阪神,2000,DIRT,OP,15,8,H0006264,ウマ6264,セ,2021,加藤 楓,58.0,16,0.302,0.144,0.531,8
521,レース0521,2025-07-05,阪神,2000,DIRT,OP,16,8,H0006265,ウマ6265,牡,2022,山本 陽,57.0,5,0.26,0.163,0.527,5
522,レース0522,2025-02-15,京都,1800,DIRT,1勝,1,1,H0006266,ウマ6266,牡,2020,渡辺 美咲,54.0,15,0.123,0.195,0.578,10
522,レース0522,2025-02-15,京都,1800,DIRT,1勝,2,1,H0006267,ウマ6267,セ,2022,山本 陽,54.0,4,0.173,0.1,0.37,16
522,レース0522,2025-02-15,京都,1800,DIRT,1勝,3,2,H0006268,ウマ6268,セ,2022,渡辺 美咲,57.0,14,0.19,0.137,0.582,3
522,レース0522,2025-02-15,京都,1800,DIRT,1勝,4,2,H0006269,ウマ6269,牝,2022,高橋 大輔,54.0,4,0.341,0.143,0.564,1
522,レース0522,2025-02-15,京都,1800,DIRT,1勝,5,3,H0006270,ウマ6270,牝,2021,中村 駿,57.0,7,0.105,0.176,0.491,6
522,レース0522,2025-02-15,京都,1800,DIRT,1勝,6,3,H0006271,ウマ6271,セ,2020,加藤 楓,57.0,9,0.243,0.03,0.591,9
522,レース0522,2025-02-15,京都,1800,DIRT,1勝,7,4,H0006272,ウマ6272,牡,2022,高橋 大輔,55.0,23,0.23,0.12,0.535,7
522,レース0522,2025-02-15,京都,1800,DIRT,1勝,8,4,H0006273,ウマ6273,セ,2020,佐藤 健,57.0,26,0.091,0.137,0.523,13
522,レース0522,2025-02-15,京都,1800,DIRT,1勝,9,5,H0006274,ウマ6274,牡,2020,小林 蓮,55.0,18,0.0,0.104,1.0,2
522,レース0522,2025-02-15,京都,1800,DIRT,1勝,10,5,H0006275,ウマ6275,セ,2021,高橋 大輔,57.0,29,0.261,0.104,0.146,14
522,レース0522,2025-02-15,京都,1800,DIRT,1勝,11,6,H0006276,ウマ6276,牡,2021,加藤 楓,56.0,22,0.211,0.14,0.633,5
522,レース0522,2025-02-15,京都,1800,DIRT,1勝,12,6,H0006277,ウマ6277,セ,2021,中村 駿,56.0,28,0.066,0.127,0.753,8
522,レース0522,2025-02-15,京都,1800,DIRT,1勝,13,7,H0006278,ウマ6278,牝,2021,渡辺 美咲,57.0,5,0.203,0.105,0.686,4
522,レース0522,2025-02-15,京都,1800,DIRT,1勝,14,7,H0006279,ウマ6279,セ,2022,佐藤 健,55.0,30,0.199,0.065,0.517,11
522,レース0522,2025-02-15,京都,1800,DIRT,1勝,15,8,H0006280,ウマ6280,牝,2020,佐藤 健,56.0,24,0.277,0.087,0.331,12
522,レース0522,2025-02-15,京都,1800,DIRT,1勝,16,8,H0006281,ウマ6281,セ,2021,高橋 大輔,58.0,11,0.0,0.112,0.573,15
523,レース0523,2025-11-16,京都,2000,DIRT,未勝利,1,1,H0006282,ウマ6282,セ,2021,鈴木 花子,57.0,3,0.221,0.079,0.62,3
523,レース0523,2025-11-16,京都,2000,DIRT,未勝利,2,1,H0006283,ウマ6283,セ,2021,田中 一郎,55.0,30,0.218,0.187,0.261,8
523,レース0523,2025-11-16,京都,2000,DIRT,未勝利,3,2,H0006284,ウマ6284,牝,2022,伊藤 翼,58.0,26,0.238,0.077,0.67,1
523,レース0523,2025-11-16,京都,2000,DIRT,未勝利,4,2,H0006285,ウマ6285,牝,2021,佐藤 健,56.0,7,0.374,0.07,0.414,4
523,レース0523,2025-11-16,京都,2000,DIRT,未勝利,5,3,H0006286,ウマ6286,牝,2020,加藤 楓,56.0,26,0.303,0.153,0.385,2
523,レース0523,2025-11-16,京都,2000,DIRT,未勝利,6,3,H0006287,ウマ6287,牡,2022,高橋 大輔,55.0,25,0.115,0.155,0.649,7
523,レース0523,2025-11-16,京都,2000,DIRT,未勝利,7,4,H0006288,ウマ6288,牝,2022,田中 一郎,58.0,20,0.223,0.06,0.516,6
523,レース0523,2025-11-16,京都,2000,DIRT,未勝利,8,4,H0006289,ウマ6289,牝,2021,中村 駿,54.0,28,0.179,0.049,0.449,5
523,レース0523,2025-11-16,京都,2000,DIRT,未勝利,9,5,H0006290,ウマ6290,セ,2021,山本 陽,57.0,10,0.099,0.213,0.654,9
524,レース0524,2025-06-23,阪神,1200,TURF,2勝,1,1,H0006291,ウマ6291,牝,2021,佐藤 健,56.0,25,0.219,0.106,0.445,1
524,レース0524,2025-06-23,阪神,1200,TURF,2勝,2,1,H0006292,ウマ6292,セ,2021,高橋 大輔,56.0,13,0.318,0.085,0.304,9
524,レース0524,2025-06-23,阪神,1200,TURF,2勝,3,2,H0006293,ウマ6293,牝,2022,鈴木 花子,55.0,5,0.265,0.171,0.824,4
524,レース0524,2025-06-23,阪神,1200,TURF,2勝,4,2,H0006294,ウマ6294,牡,2022,伊藤 翼,54.0,22,0.344,0.135,0.622,7
524,レース0524,2025-06-23,阪神,1200,TURF,2勝,5,3,H0006295,ウマ6295,牝,2021,渡辺 美咲,57.0,17,0.157,0.128,0.571,2
524,レース0524,2025-06-23,阪神,1200,TURF,2勝,6,3,H0006296,ウマ6296,牡,2020,山本 陽,55.0,5,0.069,0.115,0.426,14
524,レース0524,2025-06-23,阪神,1200,TURF,2勝,7,4,H0006297,ウマ6297,セ,2022,伊藤 翼,55.0,22,0.289,0.279,0.532,5
524,レース0524,2025-06-23,阪神,1200,TURF,2勝,8,4,H0006298,ウマ6298,セ,2021,中村 駿,58.0,22,0.148,0.083,0.531,12
524,レース0524,2025-06-23,阪神,1200,TURF,2勝,9,5,H0006299,ウマ6299,セ,2021,渡辺 美咲,57.0,16,0.03,0.122,0.614,10
524,レース0524,2025-06-23,阪神,1200,TURF,2勝,10,5,H0006300,ウマ6300,セ,2020,伊藤 翼,55.0,12,0.294,0.145,0.617,6
524,レース0524,2025-06-23,阪神,1200,TURF,2勝,11,6,H0006301,ウマ6301,セ,2020,中村 駿,58.0,15,0.084,0.173,0.511,11
524,レース0524,2025-06-23,阪神,1200,TURF,2勝,12,6,H0006302,ウマ6302,牡,2020,中村 駿,56.0,7,0.294,0.141,0.532,8
524,レース0524,2025-06-23,阪神,1200,TURF,2勝,13,7,H0006303,ウマ6303,セ,2022,加藤 楓,58.0,18,0.264,0.105,0.118,13
524,レース0524,2025-06-23,阪神,1200,TURF,2勝,14,7,H0006304,ウマ6304,牡,2020,佐藤 健,56.0,26,0.326,0.147,0.678,3
525,レース0525,2025-10-06,京都,2400,TURF,G1,1,1,H0006305,ウマ6305,セ,2020,佐藤 健,58.0,7,0.065,0.147,0.417,15
525,レース0525,2025-10-06,京都,2400,TURF,G1,2,1,H0006306,ウマ6306,牡,2020,加藤 楓,54.0,14,0.025,0.252,0.657,8
525,レース0525,2025-10-06,京都,2400,TURF,G1,3,2,H0006307,ウマ6307,セ,2021,佐藤 健,54.0,10,0.258,0.153,0.521,4
525,レース0525,2025-10-06,京都,2400,TURF,G1,4,2,H0006308,ウマ6308,牝,2021,小林 蓮,58.0,14,0.258,0.128,0.551,3
525,レース0525,2025-10-06,京都,2400,TURF,G1,5,3,H0006309,ウマ6309,牡,2021,小林 蓮,57.0,19,0.207,0.138,0.657,9
525,レース0525,2025-10-06,京都,2400,TURF,G1,6,3,H0006310,ウマ6310,牝,2022,伊藤 翼,57.0,16,0.196,0.129,0.417,11
525,レース0525,2025-10-06,京都,2400,TURF,G1,7,4,H0006311,ウマ6311,牡,2022,渡辺 美咲,55.0,28,0.162,0.2,0.607,7
525,レース0525,2025-10-06,京都,2400,TURF,G1,8,4,H0006312,ウマ6312,牝,2020,田中 一郎,57.0,26,0.195,0.127,0.746,2
525,レース0525,2025-10-06,京都,2400,TURF,G1,9,5,H0006313,ウマ6313,セ,2022,中村 駿,56.0,20,0.129,0.166,0.665,6
525,レース0525,2025-10-06,京都,2400,TURF,G1,10,5,H0006314,ウマ6314,セ,2022,鈴木 花子,54.0,7,0.291,0.154,0.665,1
525,レース0525,2025-10-06,京都,2400,TURF,G1,11,6,H0006315,ウマ6315,セ,2020,高橋 大輔,58.0,3,0.024,0.24,0.749,10
525,レース0525,2025-10-06,京都,2400,TURF,G1,12,6,H0006316,ウマ6316,牝,2021,田中 一郎,54.0,24,0.142,0.105,0.563,12
525,レース0525,2025-10-06,京都,2400,TURF,G1,13,7,H0006317,ウマ6317,牝,2021,渡辺 美咲,55.0,12,0.014,0.186,0.222,16
525,レース0525,2025-10-06,京都,2400,TURF,G1,14,7,H0006318,ウマ6318,牝,2020,鈴木 花子,56.0,10,0.225,0.119,0.112,14
525,レース0525,2025-10-06,京都,2400,TURF,G1,15,8,H0006319,ウマ6319,牡,2020,田中 一郎,58.0,7,0.227,0.089,0.567,5
525,レース0525,2025-10-06,京都,2400,TURF,G1,16,8,H0006320,ウマ6320,セ,2021,高橋 大輔,56.0,21,0.0,0.115,0.72,13
526,レース0526,2025-12-04,阪神,1600,DIRT,OP,1,1,H0006321,ウマ6321,セ,2022,小林 蓮,58.0,7,0.237,0.046,0.903,1
526,レース0526,2025-12-04,阪神,1600,DIRT,OP,2,1,H0006322,ウマ6322,牡,2021,鈴木 花子,57.0,22,0.196,0.076,0.739,7
526,レース0526,2025-12-04,阪神,1600,DIRT,OP,3,2,H0006323,ウマ6323,牝,2020,加藤 楓,55.0,29,0.223,0.165,0.566,4
526,レース0526,2025-12-04,阪神,1600,DIRT,OP,4,2,H0006324,ウマ6324,セ,2022,伊藤 翼,57.0,21,0.187,0.075,0.489,2
526,レース0526,2025-12-04,阪神,1600,DIRT,OP,5,3,H0006325,ウマ6325,牡,2022,鈴木 花子,58.0,21,0.206,0.127,0.35,10
526,レース0526,2025-12-04,阪神,1600,DIRT,OP,6,3,H0006326,ウマ6326,セ,2022,高橋 大輔,56.0,14,0.045,0.162,0.311,12
526,レース0526,2025-12-04,阪神,1600,DIRT,OP,7,4,H0006327,ウマ6327,牡,2022,小林 蓮,54.0,3,0.13,0.147,0.529,5
526,レース0526,2025-12-04,阪神,1600,DIRT,OP,8,4,H0006328,ウマ6328,牡,2020,佐藤 健,54.0,4,0.198,0.081,0.128,11
526,レース0526,2025-12-04,阪神,1600,DIRT,OP,9,5,H0006329,ウマ6329,牝,2021,田中 一郎,55.0,19,0.15,0.151,0.662,6
526,レース0526,2025-12-04,阪神,1600,DIRT,OP,10,5,H0006330,ウマ6330,牝,2020,田中 一郎,57.0,30,0.277,0.119,0.531,8
526,レース0526,2025-12-04,阪神,1600,DIRT,OP,11,6,H0006331,ウマ6331,セ,2022,鈴木 花子,57.0,27,0.265,0.161,0.413,3
526,レース0526,2025-12-04,阪神,1600,DIRT,OP,12,6,H0006332,ウマ6332,牝,2021,渡辺 美咲,58.0,4,0.164,0.172,0.694,9
527,レース0527,2025-01-06,中京,1800,DIRT,1勝,1,1,H0006333,ウマ6333,セ,2021,渡辺 美咲,56.0,3,0.0,0.155,0.576,12
527,レース0527,2025-01-06,中京,1800,DIRT,1勝,2,1,H0006334,ウマ6334,牝,2020,渡辺 美咲,55.0,7,0.192,0.03,0.841,7
527,レース0527,2025-01-06,中京,1800,DIRT,1勝,3,2,H0006335,ウマ6335,牝,2022,渡辺 美咲,57.0,16,0.22,0.097,0.957,3
527,レース0527,2025-01-06,中京,1800,DIRT,1勝,4,2,H0006336,ウマ6336,牝,2022,伊藤 翼,57.0,16,0.306,0.169,0.444,6
527,レース0527,2025-01-06,中京,1800,DIRT,1勝,5,3,H0006337,ウマ6337,牡,2020,鈴木 花子,56.0,9,0.02,0.053,0.5,14
527,レース0527,2025-01-06,中京,1800,DIRT,1勝,6,3,H0006338,ウマ6338,セ,2021,小林 蓮,56.0,26,0.32,0.138,0.088,11
527,レース0527,2025-01-06,中京,1800,DIRT,1勝,7,4,H0006339,ウマ6339,牡,2021,加藤 楓,55.0,25,0.304,0.178,0.57,1
527,レース0527,2025-01-06,中京,1800,DIRT,1勝,8,4,H0006340,ウマ6340,牡,2020,高橋 大輔,55.0,11,0.344,0.14,0.753,2
527,レース0527,2025-01-06,中京,1800,DIRT,1勝,9,5,H0006341,ウマ6341,セ,2021,中村 駿,57.0,5,0.159,0.152,0.517,9
527,レース0527,2025-01-06,中京,1800,DIRT,1勝,10,5,H0006342,ウマ6342,牝,2022,鈴木 花子,54.0,30,0.28,0.2,0.619,5
527,レース0527,2025-01-06,中京,1800,DIRT,1勝,11,6,H0006343,ウマ6343,牡,2022,高橋 大輔,56.0,23,0.29,0.125,0.36,8
527,レース0527,2025-01-06,中京,1800,DIRT,1勝,12,6,H0006344,ウマ6344,牡,2021,田中 一郎,58.0,7,0.268,0.25,0.423,4
527,レース0527,2025-01-06,中京,1800,DIRT,1勝,13,7,H0006345,ウマ6345,牝,2022,渡辺 美咲,55.0,23,0.085,0.171,0.34,13
527,レース0527,2025-01-06,中京,1800,DIRT,1勝,14,7,H0006346,ウマ6346,牝,2021,渡辺 美咲,54.0,17,0.0,0.094,0.727,10
528,レース0528,2025-12-24,東京,1200,TURF,OP,1,1,H0006347,ウマ6347,牝,2021,加藤 楓,58.0,23,0.0,0.092,0.284,13
528,レース0528,2025-12-24,東京,1200,TURF,OP,2,1,H0006348,ウマ6348,牡,2020,加藤 楓,55.0,14,0.187,0.12,0.627,3
528,レース0528,2025-12-24,東京,1200,TURF,OP,3,2,H0006349,ウマ6349,牡,2020,中村 駿,56.0,26,0.137,0.03,0.524,12
528,レース0528,2025-12-24,東京,1200,TURF,OP,4,2,H0006350,ウマ6350,牝,2020,高橋 大輔,54.0,29,0.221,0.122,0.706,4
528,レース0528,2025-12-24,東京,1200,TURF,OP,5,3,H0006351,ウマ6351,牝,2021,山本 陽,55.0,18,0.271,0.077,0.722,1
528,レース0528,2025-12-24,東京,1200,TURF,OP,6,3,H0006352,ウマ6352,牡,2022,佐藤 健,55.0,15,0.218,0.179,0.651,5
528,レース0528,2025-12-24,東京,1200,TURF,OP,7,4,H0006353,ウマ6353,セ,2022,田中 一郎,58.0,16,0.246,0.192,0.366,7
528,レース0528,2025-12-24,東京,1200,TURF,OP,8,4,H0006354,ウマ6354,牝,2020,山本 陽,58.0,14,0.199,0.116,0.407,9
528,レース0528,2025-12-24,東京,1200,TURF,OP,9,5,H0006355,ウマ6355,セ,2020,鈴木 花子,58.0,25,0.046,0.196,0.819,8
528,レース0528,2025-12-24,東京,1200,TURF,OP,10,5,H0006356,ウマ6356,牡,2021,加藤 楓,58.0,28,0.278,0.187,0.572,2
528,レース0528,2025-12-24,東京,1200,TURF,OP,11,6,H0006357,ウマ6357,牝,2022,佐藤 健,57.0,19,0.189,0.196,0.315,10
528,レース0528,2025-12-24,東京,1200,TURF,OP,12,6,H0006358,ウマ6358,セ,2021,鈴木 花子,58.0,24,0.422,0.095,0.416,6
528,レース0528,2025-12-24,東京,1200,TURF,OP,13,7,H0006359,ウマ6359,セ,2021,伊藤 翼,56.0,24,0.052,0.141,0.429,11
529,レース0529,2025-06-25,中山,1800,TURF,G3,1,1,H0006360,ウマ6360,牝,2022,田中 一郎,54.0,24,0.162,0.082,0.809,3
529,レース0529,2025-06-25,中山,1800,TURF,G3,2,1,H0006361,ウマ6361,牝,2022,鈴木 花子,55.0,26,0.147,0.069,0.372,10
529,レース0529,2025-06-25,中山,1800,TURF,G3,3,2,H0006362,ウマ6362,牡,2021,加藤 楓,58.0,20,0.203,0.139,0.51,4
529,レース0529,2025-06-25,中山,1800,TURF,G3,4,2,H0006363,ウマ6363,牡,2021,小林 蓮,55.0,19,0.182,0.151,0.315,7
529,レース0529,2025-06-25,中山,1800,TURF,G3,5,3,H0006364,ウマ6364,セ,2022,高橋 大輔,57.0,7,0.085,0.139,0.405,8
529,レース0529,2025-06-25,中山,1800,TURF,G3,6,3,H0006365,ウマ6365,牝,2021,鈴木 花子,57.0,6,0.279,0.108,0.622,2
529,レース0529,2025-06-25,中山,1800,TURF,G3,7,4,H0006366,ウマ6366,牝,2020,中村 駿,55.0,5,0.165,0.171,0.556,6
529,レース0529,2025-06-25,中山,1800,TURF,G3,8,4,H0006367,ウマ6367,牡,2022,伊藤 翼,57.0,23,0.101,0.131,0.556,5
529,レース0529,2025-06-25,中山,1800,TURF,G3,9,5,H0006368,ウマ6368,牡,2020,高橋 大輔,54.0,10,0.11,0.121,0.544,9
529,レース0529,2025-06-25,中山,1800,TURF,G3,10,5,H0006369,ウマ6369,セ,2020,伊藤 翼,56.0,3,0.34,0.165,0.364,1
530,レース0530,2025-02-12,東京,2400,TURF,G3,1,1,H0006370,ウマ6370,牝,2021,佐藤 健,54.0,11,0.07,0.096,0.355,9
530,レース0530,2025-02-12,東京,2400,TURF,G3,2,1,H0006371,ウマ6371,セ,2022,伊藤 翼,56.0,16,0.149,0.2,0.442,6
530,レース0530,2025-02-12,東京,2400,TURF,G3,3,2,H0006372,ウマ6372,セ,2022,高橋 大輔,56.0,9,0.0,0.033,0.409,8
530,レース0530,2025-02-12,東京,2400,TURF,G3,4,2,H0006373,ウマ6373,セ,2022,鈴木 花子,57.0,12,0.364,0.067,0.409,2
530,レース0530,2025-02-12,東京,2400,TURF,G3,5,3,H0006374,ウマ6374,セ,2022,山本 陽,54.0,27,0.113,0.048,0.521,7
530,レース0530,2025-02-12,東京,2400,TURF,G3,6,3,H0006375,ウマ6375,牝,2021,中村 駿,55.0,6,0.287,0.136,0.619,1
530,レース0530,2025-02-12,東京,2400,TURF,G3,7,4,H0006376,ウマ6376,牡,2020,中村 駿,58.0,15,0.393,0.073,0.46,5
530,レース0530,2025-02-12,東京,2400,TURF,G3,8,4,H0006377,ウマ6377,牡,2022,小林 蓮,58.0,30,0.074,0.167,0.764,4
530,レース0530,2025-02-12,東京,2400,TURF,G3,9,5,H0006378,ウマ6378,牝,2022,中村 駿,58.0,14,0.278,0.119,0.562,3
531,レース0531,2025-08-22,京都,1600,DIRT,未勝利,1,1,H0006379,ウマ6379,セ,2022,加藤 楓,57.0,3,0.297,0.11,0.726,4
531,レース0531,2025-08-22,京都,1600,DIRT,未勝利,2,1,H0006380,ウマ6380,牝,2022,佐藤 健,54.0,9,0.124,0.184,0.599,5
531,レース0531,2025-08-22,京都,1600,DIRT,未勝利,3,2,H0006381,ウマ6381,牝,2021,伊藤 翼,55.0,25,0.142,0.099,0.211,14
531,レース0531,2025-08-22,京都,1600,DIRT,未勝利,4,2,H0006382,ウマ6382,セ,2022,中村 駿,55.0,29,0.207,0.192,0.697,3
531,レース0531,2025-08-22,京都,1600,DIRT,未勝利,5,3,H0006383,ウマ6383,牝,2020,渡辺 美咲,56.0,7,0.165,0.144,0.559,7
531,レース0531,2025-08-22,京都,1600,DIRT,未勝利,6,3,H0006384,ウマ6384,牡,2020,田中 一郎,55.0,23,0.346,0.178,0.648,2
531,レース0531,2025-08-22,京都,1600,DIRT,未勝利,7,4,H0006385,ウマ6385,牡,2020,佐藤 健,58.0,21,0.1,0.208,0.449,9
531,レース0531,2025-08-22,京都,1600,DIRT,未勝利,8,4,H0006386,ウマ6386,牡,2020,加藤 楓,57.0,19,0.072,0.104,0.412,15
531,レース0531,2025-08-22,京都,1600,DIRT,未勝利,9,5,H0006387,ウマ6387,セ,2022,山本 陽,58.0,28,0.077,0.116,0.472,10
531,レース0531,2025-08-22,京都,1600,DIRT,未勝利,10,5,H0006388,ウマ6388,セ,2020,渡辺 美咲,55.0,26,0.092,0.122,0.365,12
531,レース0531,2025-08-22,京都,1600,DIRT,未勝利,11,6,H0006389,ウマ6389,牝,2020,加藤 楓,57.0,12,0.149,0.214,0.53,6
531,レース0531,2025-08-22,京都,1600,DIRT,未勝利,12,6,H0006390,ウマ6390,牝,2020,伊藤 翼,54.0,22,0.215,0.081,0.504,8
531,レース0531,2025-08-22,京都,1600,DIRT,未勝利,13,7,H0006391,ウマ6391,セ,2020,山本 陽,55.0,11,0.103,0.122,0.436,13
531,レース0531,2025-08-22,京都,1600,DIRT,未勝利,14,7,H0006392,ウマ6392,牡,2021,田中 一郎,57.0,19,0.146,0.222,0.806,1
531,レース0531,2025-08-22,京都,1600,DIRT,未勝利,15,8,H0006393,ウマ6393,牡,2021,中村 駿,55.0,16,0.138,0.111,0.519,11
532,レース0532,2025-09-15,東京,2400,TURF,G2,1,1,H0006394,ウマ6394,セ,2022,山本 陽,56.0,28,0.154,0.148,0.609,9
532,レース0532,2025-09-15,東京,2400,TURF,G2,2,1,H0006395,ウマ6395,セ,2022,田中 一郎,58.0,7,0.064,0.084,0.865,7
532,レース0532,2025-09-15,東京,2400,TURF,G2,3,2,H0006396,ウマ6396,牝,2020,渡辺 美咲,58.0,4,0.226,0.147,0.668,8
532,レース0532,2025-09-15,東京,2400,TURF,G2,4,2,H0006397,ウマ6397,牝,2020,小林 蓮,54.0,25,0.208,0.17,0.866,5
532,レース0532,2025-09-15,東京,2400,TURF,G2,5,3,H0006398,ウマ6398,牝,2021,伊藤 翼,57.0,13,0.309,0.129,0.627,4
532,レース0532,2025-09-15,東京,2400,TURF,G2,6,3,H0006399,ウマ6399,牡,2021,伊藤 翼,56.0,26,0.406,0.205,0.894,1
532,レース0532,2025-09-15,東京,2400,TURF,G2,7,4,H0006400,ウマ6400,牡,2022,高橋 大輔,57.0,15,0.134,0.096,0.436,15
532,レース0532,2025-09-15,東京,2400,TURF,G2,8,4,H0006401,ウマ6401,牝,2021,伊藤 翼,56.0,9,0.213,0.187,0.503,14
532,レース0532,2025-09-15,東京,2400,TURF,G2,9,5,H0006402,ウマ6402,牡,2020,山本 陽,56.0,5,0.075,0.081,0.893,6
532,レース0532,2025-09-15,東京,2400,TURF,G2,10,5,H0006403,ウマ6403,セ,2021,小林 蓮,57.0,18,0.124,0.149,0.548,12
532,レース0532,2025-09-15,東京,2400,TURF,G2,11,6,H0006404,ウマ6404,牝,2021,佐藤 健,55.0,11,0.198,0.107,0.546,13
532,レース0532,2025-09-15,東京,2400,TURF,G2,12,6,H0006405,ウマ6405,牝,2020,渡辺 美咲,58.0,3,0.248,0.117,0.683,11
532,レース0532,2025-09-15,東京,2400,TURF,G2,13,7,H0006406,ウマ6406,セ,2020,加藤 楓,55.0,11,0.152,0.063,0.435,10
532,レース0532,2025-09-15,東京,2400,TURF,G2,14,7,H0006407,ウマ6407,セ,2022,中村 駿,58.0,14,0.362,0.156,0.775,2
532,レース0532,2025-09-15,東京,2400,TURF,G2,15,8,H0006408,ウマ6408,牡,2020,田中 一郎,55.0,12,0.134,0.218,0.776,3
533,レース0533,2025-09-09,中山,1600,DIRT,OP,1,1,H0006409,ウマ6409,セ,2020,渡辺 美咲,58.0,4,0.186,0.051,0.525,4
533,レース0533,2025-09-09,中山,1600,DIRT,OP,2,1,H0006410,ウマ6410,牡,2022,佐藤 健,57.0,24,0.065,0.15,0.516,5
533,レース0533,2025-09-09,中山,1600,DIRT,OP,3,2,H0006411,ウマ6411,セ,2021,渡辺 美咲,55.0,18,0.188,0.252,0.428,6
533,レース0533,2025-09-09,中山,1600,DIRT,OP,4,2,H0006412,ウマ6412,牝,2022,鈴木 花子,58.0,7,0.23,0.129,0.459,7
533,レース0533,2025-09-09,中山,1600,DIRT,OP,5,3,H0006413,ウマ6413,牡,2022,鈴木 花子,54.0,19,0.032,0.124,0.552,8
533,レース0533,2025-09-09,中山,1600,DIRT,OP,6,3,H0006414,ウマ6414,牝,2020,中村 駿,58.0,18,0.174,0.157,0.947,1
533,レース0533,2025-09-09,中山,1600,DIRT,OP,7,4,H0006415,ウマ6415,牝,2022,鈴木 花子,58.0,6,0.085,0.105,0.33,9
533,レース0533,2025-09-09,中山,1600,DIRT,OP,8,4,H0006416,ウマ6416,セ,2021,山本 陽,55.0,6,0.26,0.062,0.593,3
533,レース0533,2025-09-09,中山,1600,DIRT,OP,9,5,H0006417,ウマ6417,牡,2022,加藤 楓,55.0,30,0.18,0.164,0.656,2
534,レース0534,2025-05-23,中山,1600,DIRT,G1,1,1,H0006418,ウマ6418,牡,2021,小林 蓮,54.0,24,0.368,0.229,0.381,2
534,レース0534,2025-05-23,中山,1600,DIRT,G1,2,1,H0006419,ウマ6419,牡,2022,佐藤 健,58.0,12,0.029,0.132,0.452,14
534,レース0534,2025-05-23,中山,1600,DIRT,G1,3,2,H0006420,ウマ6420,牝,2020,山本 陽,54.0,18,0.203,0.116,0.771,4
534,レース0534,2025-05-23,中山,1600,DIRT,G1,4,2,H0006421,ウマ6421,牡,2022,佐藤 健,57.0,9,0.29,0.131,0.639,1
534,レース0534,2025-05-23,中山,1600,DIRT,G1,5,3,H0006422,ウマ6422,牝,2020,小林 蓮,56.0,30,0.121,0.235,0.298,13
534,レース0534,2025-05-23,中山,1600,DIRT,G1,6,3,H0006423,ウマ6423,牝,2021,佐藤 健,56.0,19,0.121,0.118,0.477,12
534,レース0534,2025-05-23,中山,1600,DIRT,G1,7,4,H0006424,ウマ6424,牝,2022,田中 一郎,58.0,11,0.177,0.151,0.128,15
534,レース0534,2025-05-23,中山,1600,DIRT,G1,8,4,H0006425,ウマ6425,牡,2020,渡辺 美咲,55.0,17,0.176,0.171,0.71,7
534,レース0534,2025-05-23,中山,1600,DIRT,G1,9,5,H0006426,ウマ6426,牝,2020,渡辺 美咲,54.0,9,0.231,0.066,0.412,10
534,レース0534,2025-05-23,中山,1600,DIRT,G1,10,5,H0006427,ウマ6427,牡,2021,渡辺 美咲,56.0,6,0.21,0.164,0.655,3
534,レース0534,2025-05-23,中山,1600,DIRT,G1,11,6,H0006428,ウマ6428,セ,2022,山本 陽,56.0,17,0.235,0.071,0.439,5
534,レース0534,2025-05-23,中山,1600,DIRT,G1,12,6,H0006429,ウマ6429,セ,2021,小林 蓮,58.0,3,0.0,0.142,0.542,11
534,レース0534,2025-05-23,中山,1600,DIRT,G1,13,7,H0006430,ウマ6430,牡,2020,中村 駿,56.0,8,0.229,0.175,0.45,6
534,レース0534,2025-05-23,中山,1600,DIRT,G1,14,7,H0006431,ウマ6431,牝,2022,小林 蓮,54.0,8,0.209,0.169,0.444,9
534,レース0534,2025-05-23,中山,1600,DIRT,G1,15,8,H0006432,ウマ6432,牝,2020,加藤 楓,55.0,30,0.097,0.122,0.684,8
535,レース0535,2025-12-02,東京,1800,DIRT,G3,1,1,H0006433,ウマ6433,牡,2022,加藤 楓,57.0,19,0.254,0.081,0.657,3
535,レース0535,2025-12-02,東京,1800,DIRT,G3,2,1,H0006434,ウマ6434,牡,2021,佐藤 健,54.0,23,0.196,0.155,0.484,5
535,レース0535,2025-12-02,東京,1800,DIRT,G3,3,2,H0006435,ウマ6435,牝,2022,伊藤 翼,55.0,18,0.277,0.178,0.596,4
535,レース0535,2025-12-02,東京,1800,DIRT,G3,4,2,H0006436,ウマ6436,セ,2020,山本 陽,55.0,30,0.112,0.098,0.501,9
535,レース0535,2025-12-02,東京,1800,DIRT,G3,5,3,H0006437,ウマ6437,セ,2022,佐藤 健,55.0,30,0.193,0.128,0.535,8
535,レース0535,2025-12-02,東京,1800,DIRT,G3,6,3,H0006438,ウマ6438,セ,2020,渡辺 美咲,58.0,28,0.198,0.094,0.704,1
535,レース0535,2025-12-02,東京,1800,DIRT,G3,7,4,H0006439,ウマ6439,牡,2020,佐藤 健,55.0,29,0.055,0.071,0.345,11
535,レース0535,2025-12-02,東京,1800,DIRT,G3,8,4,H0006440,ウマ6440,牝,2021,田中 一郎,54.0,3,0.001,0.138,0.6,7
535,レース0535,2025-12-02,東京,1800,DIRT,G3,9,5,H0006441,ウマ6441,牝,2022,渡辺 美咲,56.0,7,0.197,0.216,0.618,6
535,レース0535,2025-12-02,東京,1800,DIRT,G3,10,5,H0006442,ウマ6442,セ,2022,渡辺 美咲,58.0,29,0.206,0.128,0.579,2
535,レース0535,2025-12-02,東京,1800,DIRT,G3,11,6,H0006443,ウマ6443,牡,2020,加藤 楓,56.0,16,0.0,0.073,0.702,10
536,レース0536,2025-12-10,東京,2000,TURF,未勝利,1,1,H0006444,ウマ6444,牡,2021,山本 陽,54.0,4,0.205,0.031,0.361,9
536,レース0536,2025-12-10,東京,2000,TURF,未勝利,2,1,H0006445,ウマ6445,セ,2021,山本 陽,55.0,24,0.187,0.172,0.803,2
536,レース0536,2025-12-10,東京,2000,TURF,未勝利,3,2,H0006446,ウマ6446,セ,2022,中村 駿,54.0,19,0.112,0.158,0.254,13
536,レース0536,2025-12-10,東京,2000,TURF,未勝利,4,2,H0006447,ウマ6447,セ,2022,小林 蓮,55.0,20,0.155,0.205,0.534,1
536,レース0536,2025-12-10,東京,2000,TURF,未勝利,5,3,H0006448,ウマ6448,牝,2022,佐藤 健,57.0,28,0.244,0.176,0.46,10
536,レース0536,2025-12-10,東京,2000,TURF,未勝利,6,3,H0006449,ウマ6449,セ,2021,小林 蓮,58.0,5,0.254,0.047,0.408,4
536,レース0536,2025-12-10,東京,2000,TURF,未勝利,7,4,H0006450,ウマ6450,牝,2020,山本 陽,57.0,28,0.002,0.14,0.402,14
536,レース0536,2025-12-10,東京,2000,TURF,未勝利,8,4,H0006451,ウマ6451,牝,2020,渡辺 美咲,56.0,22,0.292,0.166,0.548,5
536,レース0536,2025-12-10,東京,2000,TURF,未勝利,9,5,H0006452,ウマ6452,牝,2020,渡辺 美咲,57.0,27,0.152,0.172,0.753,7
536,レース0536,2025-12-10,東京,2000,TURF,未勝利,10,5,H0006453,ウマ6453,牝,2021,高橋 大輔,58.0,29,0.121,0.095,0.268,12
536,レース0536,2025-12-10,東京,2000,TURF,未勝利,11,6,H0006454,ウマ6454,セ,2021,田中 一郎,56.0,15,0.15,0.259,0.329,8
536,レース0536,2025-12-10,東京,2000,TURF,未勝利,12,6,H0006455,ウマ6455,セ,2022,加藤 楓,54.0,22,0.244,0.159,0.786,3
536,レース0536,2025-12-10,東京,2000,TURF,未勝利,13,7,H0006456,ウマ6456,牡,2022,佐藤 健,58.0,26,0.334,0.154,0.317,6
536,レース0536,2025-12-10,東京,2000,TURF,未勝利,14,7,H0006457,ウマ6457,セ,2021,中村 駿,55.0,12,0.16,0.087,0.471,11
537,レース0537,2025-04-26,東京,1400,DIRT,G2,1,1,H0006458,ウマ6458,セ,2022,田中 一郎,54.0,6,0.158,0.093,0.593,8
537,レース0537,2025-04-26,東京,1400,DIRT,G2,2,1,H0006459,ウマ6459,牝,2020,佐藤 健,55.0,15,0.184,0.126,0.357,12
537,レース0537,2025-04-26,東京,1400,DIRT,G2,3,2,H0006460,ウマ6460,牝,2020,加藤 楓,58.0,22,0.241,0.107,0.666,2
537,レース0537,2025-04-26,東京,1400,DIRT,G2,4,2,H0006461,ウマ6461,牡,2021,山本 陽,56.0,6,0.105,0.088,0.419,11
537,レース0537,2025-04-26,東京,1400,DIRT,G2,5,3,H0006462,ウマ6462,牡,2022,高橋 大輔,57.0,11,0.099,0.072,0.85,6
537,レース0537,2025-04-26,東京,1400,DIRT,G2,6,3,H0006463,ウマ6463,牝,2022,伊藤 翼,54.0,4,0.084,0.189,0.314,7
537,レース0537,2025-04-26,東京,1400,DIRT,G2,7,4,H0006464,ウマ6464,牡,2021,山本 陽,54.0,13,0.154,0.062,0.512,15
537,レース0537,2025-04-26,東京,1400,DIRT,G2,8,4,H0006465,ウマ6465,牡,2020,中村 駿,55.0,18,0.089,0.166,0.327,10
537,レース0537,2025-04-26,東京,1400,DIRT,G2,9,5,H0006466,ウマ6466,牝,2020,高橋 大輔,57.0,25,0.096,0.059,0.389,14
537,レース0537,2025-04-26,東京,1400,DIRT,G2,10,5,H0006467,ウマ6467,牝,2021,田中 一郎,58.0,19,0.259,0.144,0.378,13
537,レース0537,2025-04-26,東京,1400,DIRT,G2,11,6,H0006468,ウマ6468,牡,2021,山本 陽,54.0,15,0.322,0.166,0.666,3
537,レース0537,2025-04-26,東京,1400,DIRT,G2,12,6,H0006469,ウマ6469,牡,2022,中村 駿,55.0,13,0.168,0.137,0.604,4
537,レース0537,2025-04-26,東京,1400,DIRT,G2,13,7,H0006470,ウマ6470,セ,2021,加藤 楓,58.0,9,0.105,0.143,0.757,9
537,レース0537,2025-04-26,東京,1400,DIRT,G2,14,7,H0006471,ウマ6471,セ,2021,伊藤 翼,57.0,21,0.148,0.118,0.322,16
537,レース0537,2025-04-26,東京,1400,DIRT,G2,15,8,H0006472,ウマ6472,牡,2020,中村 駿,57.0,19,0.31,0.167,0.519,1
537,レース0537,2025-04-26,東京,1400,DIRT,G2,16,8,H0006473,ウマ6473,セ,2022,高橋 大輔,58.0,8,0.041,0.106,0.803,5
538,レース0538,2025-01-16,東京,1200,DIRT,OP,1,1,H0006474,ウマ6474,牡,2020,佐藤 健,57.0,13,0.186,0.088,0.392,7
538,レース0538,2025-01-16,東京,1200,DIRT,OP,2,1,H0006475,ウマ6475,牡,2022,小林 蓮,58.0,17,0.123,0.183,0.746,3
538,レース0538,2025-01-16,東京,1200,DIRT,OP,3,2,H0006476,ウマ6476,牝,2022,伊藤 翼,54.0,12,0.265,0.04,0.732,2
538,レース0538,2025-01-16,東京,1200,DIRT,OP,4,2,H0006477,ウマ6477,セ,2020,渡辺 美咲,54.0,22,0.242,0.165,0.294,8
538,レース0538,2025-01-16,東京,1200,DIRT,OP,5,3,H0006478,ウマ6478,牝,2021,伊藤 翼,57.0,30,0.236,0.082,0.614,6
538,レース0538,2025-01-16,東京,1200,DIRT,OP,6,3,H0006479,ウマ6479,牝,2020,伊藤 翼,56.0,21,0.135,0.164,0.782,4
538,レース0538,2025-01-16,東京,1200,DIRT,OP,7,4,H0006480,ウマ6480,セ,2022,伊藤 翼,54.0,3,0.169,0.172,0.352,1
538,レース0538,2025-01-16,東京,1200,DIRT,OP,8,4,H0006481,ウマ6481,セ,2021,佐藤 健,56.0,23,0.138,0.068,0.702,5
539,レース0539,2025-04-18,中山,1800,TURF,2勝,1,1,H0006482,ウマ6482,セ,2020,小林 蓮,55.0,15,0.19,0.187,0.408,8
539,レース0539,2025-04-18,中山,1800,TURF,2勝,2,1,H0006483,ウマ6483,牡,2020,高橋 大輔,56.0,6,0.11,0.162,0.486,10
539,レース0539,2025-04-18,中山,1800,TURF,2勝,3,2,H0006484,ウマ6484,牝,2020,中村 駿,57.0,14,0.22,0.175,0.289,11
539,レース0539,2025-04-18,中山,1800,TURF,2勝,4,2,H0006485,ウマ6485,牝,2022,高橋 大輔,54.0,16,0.187,0.112,0.695,3
539,レース0539,2025-04-18,中山,1800,TURF,2勝,5,3,H0006486,ウマ6486,セ,2020,鈴木 花子,58.0,21,0.179,0.132,0.602,9
539,レース0539,2025-04-18,中山,1800,TURF,2勝,6,3,H0006487,ウマ6487,セ,2022,高橋 大輔,57.0,14,0.212,0.152,0.777,5
539,レース0539,2025-04-18,中山,1800,TURF,2勝,7,4,H0006488,ウマ6488,セ,2021,佐藤 健,54.0,30,0.286,0.152,0.72,2
539,レース0539,2025-04-18,中山,1800,TURF,2勝,8,4,H0006489,ウマ6489,牝,2020,高橋 大輔,55.0,13,0.109,0.153,0.9,1
539,レース0539,2025-04-18,中山,1800,TURF,2勝,9,5,H0006490,ウマ6490,牡,2020,加藤 楓,55.0,7,0.259,0.108,0.434,6
539,レース0539,2025-04-18,中山,1800,TURF,2勝,10,5,H0006491,ウマ6491,牝,2022,高橋 大輔,54.0,4,0.209,0.2,0.699,7
539,レース0539,2025-04-18,中山,1800,TURF,2勝,11,6,H0006492,ウマ6492,牝,2020,小林 蓮,57.0,6,0.074,0.102,1.0,4
539,レース0539,2025-04-18,中山,1800,TURF,2勝,12,6,H0006493,ウマ6493,牡,2021,中村 駿,55.0,12,0.031,0.106,0.516,13
539,レース0539,2025-04-18,中山,1800,TURF,2勝,13,7,H0006494,ウマ6494,セ,2022,小林 蓮,57.0,13,0.095,0.118,0.43,12
540,レース0540,2025-04-13,東京,2000,DIRT,OP,1,1,H0006495,ウマ6495,牝,2022,小林 蓮,58.0,27,0.168,0.158,0.363,11
540,レース0540,2025-04-13,東京,2000,DIRT,OP,2,1,H0006496,ウマ6496,牡,2020,佐藤 健,58.0,8,0.318,0.175,0.618,2
540,レース0540,2025-04-13,東京,2000,DIRT,OP,3,2,H0006497,ウマ6497,牡,2022,佐藤 健,54.0,30,0.305,0.178,0.253,7
540,レース0540,2025-04-13,東京,2000,DIRT,OP,4,2,H0006498,ウマ6498,牝,2022,鈴木 花子,56.0,7,0.13,0.224,0.536,8
540,レース0540,2025-04-13,東京,2000,DIRT,OP,5,3,H0006499,ウマ6499,セ,2020,伊藤 翼,58.0,3,0.323,0.103,0.618,3
540,レース0540,2025-04-13,東京,2000,DIRT,OP,6,3,H0006500,ウマ6500,セ,2021,伊藤 翼,58.0,25,0.205,0.142,0.493,4
540,レース0540,2025-04-13,東京,2000,DIRT,OP,7,4,H0006501,ウマ6501,セ,2021,佐藤 健,57.0,14,0.148,0.062,0.833,1
540,レース0540,2025-04-13,東京,2000,DIRT,OP,8,4,H0006502,ウマ6502,牡,2022,佐藤 健,54.0,4,0.052,0.146,0.738,9
540,レース0540,2025-04-13,東京,2000,DIRT,OP,9,5,H0006503,ウマ6503,牝,2021,中村 駿,56.0,14,0.213,0.265,0.474,6
540,レース0540,2025-04-13,東京,2000,DIRT,OP,10,5,H0006504,ウマ6504,牡,2020,佐藤 健,55.0,8,0.084,0.22,0.508,10
540,レース0540,2025-04-13,東京,2000,DIRT,OP,11,6,H0006505,ウマ6505,牝,2021,高橋 大輔,54.0,9,0.165,0.16,0.604,5
541,レース0541,2025-11-24,京都,2000,TURF,未勝利,1,1,H0006506,ウマ6506,セ,2020,小林 蓮,54.0,27,0.406,0.14,0.606,1
541,レース0541,2025-11-24,京都,2000,TURF,未勝利,2,1,H0006507,ウマ6507,牡,2021,小林 蓮,58.0,16,0.276,0.051,0.961,2
541,レース0541,2025-11-24,京都,2000,TURF,未勝利,3,2,H0006508,ウマ6508,牡,2021,高橋 大輔,54.0,5,0.145,0.112,0.482,6
541,レース0541,2025-11-24,京都,2000,TURF,未勝利,4,2,H0006509,ウマ6509,牡,2021,佐藤 健,56.0,23,0.205,0.134,0.581,5
541,レース0541,2025-11-24,京都,2000,TURF,未勝利,5,3,H0006510,ウマ6510,牝,2022,中村 駿,56.0,25,0.163,0.168,0.478,4
541,レース0541,2025-11-24,京都,2000,TURF,未勝利,6,3,H0006511,ウマ6511,セ,2020,佐藤 健,55.0,17,0.169,0.138,0.318,10
541,レース0541,2025-11-24,京都,2000,TURF,未勝利,7,4,H0006512,ウマ6512,牡,2022,山本 陽,55.0,3,0.144,0.142,0.24,8
541,レース0541,2025-11-24,京都,2000,TURF,未勝利,8,4,H0006513,ウマ6513,牡,2021,中村 駿,58.0,22,0.26,0.206,0.609,3
541,レース0541,2025-11-24,京都,2000,TURF,未勝利,9,5,H0006514,ウマ6514,牝,2021,伊藤 翼,56.0,9,0.245,0.162,0.291,7
541,レース0541,2025-11-24,京都,2000,TURF,未勝利,10,5,H0006515,ウマ6515,牡,2020,佐藤 健,54.0,30,0.0,0.074,0.77,9
541,レース0541,2025-11-24,京都,2000,TURF,未勝利,11,6,H0006516,ウマ6516,牝,2022,鈴木 花子,55.0,5,0.148,0.107,0.425,11
542,レース0542,2025-09-22,東京,2400,DIRT,未勝利,1,1,H0006517,ウマ6517,セ,2022,伊藤 翼,56.0,11,0.289,0.11,0.626,2
542,レース0542,2025-09-22,東京,2400,DIRT,未勝利,2,1,H0006518,ウマ6518,セ,2021,中村 駿,56.0,27,0.229,0.043,0.642,5
542,レース0542,2025-09-22,東京,2400,DIRT,未勝利,3,2,H0006519,ウマ6519,牡,2020,渡辺 美咲,54.0,17,0.046,0.061,0.373,13
542,レース0542,2025-09-22,東京,2400,DIRT,未勝利,4,2,H0006520,ウマ6520,牝,2022,田中 一郎,54.0,18,0.402,0.182,0.779,1
542,レース0542,2025-09-22,東京,2400,DIRT,未勝利,5,3,H0006521,ウマ6521,牝,2021,中村 駿,58.0,6,0.236,0.143,0.425,11
542,レース0542,2025-09-22,東京,2400,DIRT,未勝利,6,3,H0006522,ウマ6522,牝,2021,佐藤 健,58.0,13,0.146,0.155,0.516,8
542,レース0542,2025-09-22,東京,2400,DIRT,未勝利,7,4,H0006523,ウマ6523,牝,2021,高橋 大輔,54.0,4,0.155,0.044,0.65,4
542,レース0542,2025-09-22,東京,2400,DIRT,未勝利,8,4,H0006524,ウマ6524,牡,2022,山本 陽,57.0,26,0.097,0.25,0.39,10
542,レース0542,2025-09-22,東京,2400,DIRT,未勝利,9,5,H0006525,ウマ6525,牡,2022,鈴木 花子,57.0,29,0.2,0.179,0.504,7
542,レース0542,2025-09-22,東京,2400,DIRT,未勝利,10,5,H0006526,ウマ6526,セ,2020,加藤 楓,58.0,24,0.198,0.061,0.372,6
542,レース0542,2025-09-22,東京,2400,DIRT,未勝利,11,6,H0006527,ウマ6527,牡,2022,加藤 楓,56.0,12,0.145,0.122,0.617,12
542,レース0542,2025-09-22,東京,2400,DIRT,未勝利,12,6,H0006528,ウマ6528,牡,2021,加藤 楓,56.0,6,0.128,0.03,0.464,14
542,レース0542,2025-09-22,東京,2400,DIRT,未勝利,13,7,H0006529,ウマ6529,セ,2021,佐藤 健,58.0,5,0.103,0.193,0.541,9
542,レース0542,2025-09-22,東京,2400,DIRT,未勝利,14,7,H0006530,ウマ6530,セ,2021,佐藤 健,57.0,12,0.228,0.03,0.631,3
543,レース0543,2025-06-14,中京,1600,TURF,3勝,1,1,H0006531,ウマ6531,牝,2021,高橋 大輔,56.0,23,0.359,0.03,0.852,1
543,レース0543,2025-06-14,中京,1600,TURF,3勝,2,1,H0006532,ウマ6532,牡,2022,伊藤 翼,57.0,13,0.267,0.171,0.583,4
543,レース0543,2025-06-14,中京,1600,TURF,3勝,3,2,H0006533,ウマ6533,セ,2022,加藤 楓,55.0,23,0.143,0.17,0.643,9
543,レース0543,2025-06-14,中京,1600,TURF,3勝,4,2,H0006534,ウマ6534,牡,2020,渡辺 美咲,54.0,22,0.181,0.171,0.513,10
543,レース0543,2025-06-14,中京,1600,TURF,3勝,5,3,H0006535,ウマ6535,セ,2020,佐藤 健,54.0,7,0.184,0.193,0.268,2
543,レース0543,2025-06-14,中京,1600,TURF,3勝,6,3,H0006536,ウマ6536,牝,2021,中村 駿,56.0,28,0.162,0.123,0.445,6
543,レース0543,2025-06-14,中京,1600,TURF,3勝,7,4,H0006537,ウマ6537,牡,2022,加藤 楓,57.0,8,0.157,0.122,0.65,5
543,レース0543,2025-06-14,中京,1600,TURF,3勝,8,4,H0006538,ウマ6538,牡,2022,田中 一郎,57.0,24,0.022,0.084,0.493,11
543,レース0543,2025-06-14,中京,1600,TURF,3勝,9,5,H0006539,ウマ6539,牝,2022,中村 駿,56.0,8,0.397,0.135,0.442,3
543,レース0543,2025-06-14,中京,1600,TURF,3勝,10,5,H0006540,ウマ6540,セ,2020,佐藤 健,56.0,5,0.091,0.068,0.803,7
543,レース0543,2025-06-14,中京,1600,TURF,3勝,11,6,H0006541,ウマ6541,セ,2020,中村 駿,56.0,26,0.196,0.174,0.584,8
544,レース0544,2025-08-02,阪神,2000,DIRT,OP,1,1,H0006542,ウマ6542,牡,2020,鈴木 花子,57.0,11,0.222,0.067,0.664,11
544,レース0544,2025-08-02,阪神,2000,DIRT,OP,2,1,H0006543,ウマ6543,セ,2021,佐藤 健,56.0,3,0.123,0.127,0.809,2
544,レース0544,2025-08-02,阪神,2000,DIRT,OP,3,2,H0006544,ウマ6544,牡,2020,中村 駿,56.0,28,0.245,0.166,0.444,1
544,レース0544,2025-08-02,阪神,2000,DIRT,OP,4,2,H0006545,ウマ6545,牝,2021,田中 一郎,58.0,7,0.324,0.114,0.364,6
544,レース0544,2025-08-02,阪神,2000,DIRT,OP,5,3,H0006546,ウマ6546,牡,2021,加藤 楓,56.0,29,0.054,0.044,0.816,8
544,レース0544,2025-08-02,阪神,2000,DIRT,OP,6,3,H0006547,ウマ6547,セ,2022,高橋 大輔,58.0,21,0.203,0.178,0.451,12
544,レース0544,2025-08-02,阪神,2000,DIRT,OP,7,4,H0006548,ウマ6548,セ,2022,中村 駿,58.0,15,0.192,0.178,0.785,4
544,レース0544,2025-08-02,阪神,2000,DIRT,OP,8,4,H0006549,ウマ6549,セ,2020,加藤 楓,56.0,14,0.07,0.128,0.699,5
544,レース0544,2025-08-02,阪神,2000,DIRT,OP,9,5,H0006550,ウマ6550,牡,2022,高橋 大輔,55.0,26,0.233,0.121,0.702,10
544,レース0544,2025-08-02,阪神,2000,DIRT,OP,10,5,H0006551,ウマ6551,牡,2022,小林 蓮,54.0,3,0.222,0.129,0.537,9
544,レース0544,2025-08-02,阪神,2000,DIRT,OP,11,6,H0006552,ウマ6552,牡,2020,渡辺 美咲,56.0,4,0.398,0.101,0.576,3
544,レース0544,2025-08-02,阪神,2000,DIRT,OP,12,6,H0006553,ウマ6553,牡,2022,小林 蓮,57.0,18,0.231,0.194,0.556,7
545,レース0545,2025-09-12,中京,1200,TURF,3勝,1,1,H0006554,ウマ6554,牝,2021,佐藤 健,58.0,29,0.172,0.03,0.332,16
545,レース0545,2025-09-12,中京,1200,TURF,3勝,2,1,H0006555,ウマ6555,牝,2021,鈴木 花子,56.0,11,0.137,0.211,0.298,14
545,レース0545,2025-09-12,中京,1200,TURF,3勝,3,2,H0006556,ウマ6556,セ,2021,鈴木 花子,58.0,13,0.162,0.19,0.559,4
545,レース0545,2025-09-12,中京,1200,TURF,3勝,4,2,H0006557,ウマ6557,セ,2020,小林 蓮,58.0,23,0.151,0.082,0.46,13
545,レース0545,2025-09-12,中京,1200,TURF,3勝,5,3,H0006558,ウマ6558,セ,2021,田中 一郎,54.0,12,0.152,0.131,0.503,6
545,レース0545,2025-09-12,中京,1200,TURF,3勝,6,3,H0006559,ウマ6559,セ,2021,小林 蓮,58.0,27,0.125,0.038,0.502,10
545,レース0545,2025-09-12,中京,1200,TURF,3勝,7,4,H0006560,ウマ6560,セ,2022,佐藤 健,54.0,27,0.12,0.115,0.486,3
545,レース0545,2025-09-12,中京,1200,TURF,3勝,8,4,H0006561,ウマ6561,牝,2021,鈴木 花子,57.0,16,0.282,0.113,0.789,2
545,レース0545,2025-09-12,中京,1200,TURF,3勝,9,5,H0006562,ウマ6562,セ,2021,小林 蓮,56.0,20,0.322,0.085,0.818,1
545,レース0545,2025-09-12,中京,1200,TURF,3勝,10,5,H0006563,ウマ6563,牡,2022,鈴木 花子,56.0,6,0.128,0.173,0.516,8
545,レース0545,2025-09-12,中京,1200,TURF,3勝,11,6,H0006564,ウマ6564,牝,2020,伊藤 翼,56.0,5,0.142,0.217,0.464,5
545,レース0545,2025-09-12,中京,1200,TURF,3勝,12,6,H0006565,ウマ6565,牝,2022,高橋 大輔,58.0,11,0.217,0.116,0.399,11
545,レース0545,2025-09-12,中京,1200,TURF,3勝,13,7,H0006566,ウマ6566,牡,2020,田中 一郎,56.0,8,0.169,0.126,0.429,12
545,レース0545,2025-09-12,中京,1200,TURF,3勝,14,7,H0006567,ウマ6567,セ,2022,鈴木 花子,54.0,11,0.091,0.054,0.436,9
545,レース0545,2025-09-12,中京,1200,TURF,3勝,15,8,H0006568,ウマ6568,牡,2022,小林 蓮,55.0,28,0.159,0.149,0.585,7
545,レース0545,2025-09-12,中京,1200,TURF,3勝,16,8,H0006569,ウマ6569,牡,2022,伊藤 翼,57.0,7,0.156,0.166,0.003,15
546,レース0546,2025-03-09,中京,1400,TURF,G2,1,1,H0006570,ウマ6570,牝,2022,田中 一郎,55.0,19,0.071,0.096,0.799,9
546,レース0546,2025-03-09,中京,1400,TURF,G2,2,1,H0006571,ウマ6571,牝,2021,伊藤 翼,58.0,26,0.327,0.114,0.659,1
546,レース0546,2025-03-09,中京,1400,TURF,G2,3,2,H0006572,ウマ6572,牡,2022,伊藤 翼,55.0,24,0.195,0.157,0.809,4
546,レース0546,2025-03-09,中京,1400,TURF,G2,4,2,H0006573,ウマ6573,セ,2021,中村 駿,56.0,15,0.0,0.159,0.271,11
546,レース0546,2025-03-09,中京,1400,TURF,G2,5,3,H0006574,ウマ6574,セ,2020,山本 陽,54.0,17,0.301,0.065,0.648,5
546,レース0546,2025-03-09,中京,1400,TURF,G2,6,3,H0006575,ウマ6575,牡,2022,中村 駿,58.0,25,0.273,0.201,0.592,3
546,レース0546,2025-03-09,中京,1400,TURF,G2,7,4,H0006576,ウマ6576,牝,2021,高橋 大輔,56.0,21,0.042,0.135,0.887,7
546,レース0546,2025-03-09,中京,1400,TURF,G2,8,4,H0006577,ウマ6577,牡,2022,高橋 大輔,58.0,19,0.101,0.148,0.724,6
546,レース0546,2025-03-09,中京,1400,TURF,G2,9,5,H0006578,ウマ6578,牡,2022,伊藤 翼,58.0,11,0.107,0.122,0.394,10
546,レース0546,2025-03-09,中京,1400,TURF,G2,10,5,H0006579,ウマ6579,セ,2022,伊藤 翼,55.0,22,0.384,0.131,0.435,2
546,レース0546,2025-03-09,中京,1400,TURF,G2,11,6,H0006580,ウマ6580,牝,2022,田中 一郎,56.0,11,0.198,0.149,0.498,8
547,レース0547,2025-04-16,阪神,1200,DIRT,2勝,1,1,H0006581,ウマ6581,セ,2020,高橋 大輔,57.0,24,0.144,0.108,0.577,10
547,レース0547,2025-04-16,阪神,1200,DIRT,2勝,2,1,H0006582,ウマ6582,セ,2020,山本 陽,54.0,18,0.169,0.122,0.547,8
547,レース0547,2025-04-16,阪神,1200,DIRT,2勝,3,2,H0006583,ウマ6583,牝,2021,渡辺 美咲,55.0,9,0.088,0.118,0.233,12
547,レース0547,2025-04-16,阪神,1200,DIRT,2勝,4,2,H0006584,ウマ6584,牡,2020,加藤 楓,55.0,20,0.198,0.158,0.553,2
547,レース0547,2025-04-16,阪神,1200,DIRT,2勝,5,3,H0006585,ウマ6585,牡,2022,佐藤 健,58.0,10,0.28,0.172,0.674,1
547,レース0547,2025-04-16,阪神,1200,DIRT,2勝,6,3,H0006586,ウマ6586,牝,2020,中村 駿,56.0,30,0.392,0.144,0.637,3
547,レース0547,2025-04-16,阪神,1200,DIRT,2勝,7,4,H0006587,ウマ6587,セ,2022,山本 陽,54.0,11,0.238,0.142,0.294,7
547,レース0547,2025-04-16,阪神,1200,DIRT,2勝,8,4,H0006588,ウマ6588,牡,2020,佐藤 健,55.0,19,0.16,0.058,0.48,9
547,レース0547,2025-04-16,阪神,1200,DIRT,2勝,9,5,H0006589,ウマ6589,セ,2021,鈴木 花子,54.0,4,0.251,0.114,0.564,4
547,レース0547,2025-04-16,阪神,1200,DIRT,2勝,10,5,H0006590,ウマ6590,牡,2020,高橋 大輔,58.0,23,0.0,0.108,0.546,11
547,レース0547,2025-04-16,阪神,1200,DIRT,2勝,11,6,H0006591,ウマ6591,牝,2021,渡辺 美咲,55.0,29,0.211,0.246,0.45,5
547,レース0547,2025-04-16,阪神,1200,DIRT,2勝,12,6,H0006592,ウマ6592,セ,2020,伊藤 翼,55.0,19,0.046,0.113,0.735,6
548,レース0548,2025-11-11,京都,1400,DIRT,G3,1,1,H0006593,ウマ6593,牝,2022,田中 一郎,56.0,19,0.045,0.065,0.589,14
548,レース0548,2025-11-11,京都,1400,DIRT,G3,2,1,H0006594,ウマ6594,牡,2022,田中 一郎,56.0,27,0.24,0.163,1.0,1
548,レース0548,2025-11-11,京都,1400,DIRT,G3,3,2,H0006595,ウマ6595,セ,2021,小林 蓮,58.0,10,0.423,0.038,0.8,3
548,レース0548,2025-11-11,京都,1400,DIRT,G3,4,2,H0006596,ウマ6596,牝,2022,渡辺 美咲,57.0,21,0.223,0.21,0.467,7
548,レース0548,2025-11-11,京都,1400,DIRT,G3,5,3,H0006597,ウマ6597,牡,2020,高橋 大輔,56.0,13,0.0,0.117,0.829,8
548,レース0548,2025-11-11,京都,1400,DIRT,G3,6,3,H0006598,ウマ6598,セ,2020,佐藤 健,57.0,10,0.14,0.189,0.544,6
548,レース0548,2025-11-11,京都,1400,DIRT,G3,7,4,H0006599,ウマ6599,牡,2021,中村 駿,56.0,22,0.0,0.105,0.545,13
548,レース0548,2025-11-11,京都,1400,DIRT,G3,8,4,H0006600,ウマ6600,牡,2022,佐藤 健,57.0,17,0.0,0.121,0.28,15
548,レース0548,2025-11-11,京都,1400,DIRT,G3,9,5,H0006601,ウマ6601,セ,2021,佐藤 健,54.0,11,0.354,0.091,0.767,2
548,レース0548,2025-11-11,京都,1400,DIRT,G3,10,5,H0006602,ウマ6602,牡,2021,佐藤 健,58.0,27,0.281,0.031,0.456,12
548,レース0548,2025-11-11,京都,1400,DIRT,G3,11,6,H0006603,ウマ6603,牡,2021,田中 一郎,57.0,5,0.089,0.145,0.746,9
548,レース0548,2025-11-11,京都,1400,DIRT,G3,12,6,H0006604,ウマ6604,牝,2021,小林 蓮,56.0,30,0.076,0.163,0.653,11
548,レース0548,2025-11-11,京都,1400,DIRT,G3,13,7,H0006605,ウマ6605,牝,2021,山本 陽,57.0,28,0.161,0.166,0.838,4
548,レース0548,2025-11-11,京都,1400,DIRT,G3,14,7,H0006606,ウマ6606,牝,2020,中村 駿,54.0,18,0.302,0.083,0.418,5
548,レース0548,2025-11-11,京都,1400,DIRT,G3,15,8,H0006607,ウマ6607,牡,2021,山本 陽,54.0,30,0.104,0.086,0.707,10
549,レース0549,2025-04-10,中山,1200,TURF,OP,1,1,H0006608,ウマ6608,セ,2021,田中 一郎,54.0,28,0.062,0.175,0.703,8
549,レース0549,2025-04-10,中山,1200,TURF,OP,2,1,H0006609,ウマ6609,牡,2020,渡辺 美咲,58.0,11,0.222,0.196,0.874,1
549,レース0549,2025-04-10,中山,1200,TURF,OP,3,2,H0006610,ウマ6610,牡,2020,佐藤 健,55.0,25,0.238,0.156,0.874,3
549,レース0549,2025-04-10,中山,1200,TURF,OP,4,2,H0006611,ウマ6611,セ,2022,加藤 楓,58.0,6,0.035,0.091,0.856,7
549,レース0549,2025-04-10,中山,1200,TURF,OP,5,3,H0006612,ウマ6612,セ,2021,高橋 大輔,56.0,7,0.208,0.138,0.327,9
549,レース0549,2025-04-10,中山,1200,TURF,OP,6,3,H0006613,ウマ6613,セ,2020,加藤 楓,58.0,10,0.136,0.063,0.778,10
549,レース0549,2025-04-10,中山,1200,TURF,OP,7,4,H0006614,ウマ6614,牝,2020,山本 陽,58.0,6,0.307,0.187,0.362,6
549,レース0549,2025-04-10,中山,1200,TURF,OP,8,4,H0006615,ウマ6615,牡,2020,高橋 大輔,57.0,20,0.115,0.092,0.984,4
549,レース0549,2025-04-10,中山,1200,TURF,OP,9,5,H0006616,ウマ6616,牝,2022,中村 駿,54.0,18,0.223,0.176,0.619,2
549,レース0549,2025-04-10,中山,1200,TURF,OP,10,5,H0006617,ウマ6617,牝,2021,伊藤 翼,57.0,21,0.306,0.148,0.41,5
550,レース0550,2025-02-11,東京,1200,DIRT,G1,1,1,H0006618,ウマ6618,牝,2020,田中 一郎,55.0,26,0.0,0.128,0.658,6
550,レース0550,2025-02-11,東京,1200,DIRT,G1,2,1,H0006619,ウマ6619,牡,2020,田中 一郎,56.0,7,0.265,0.166,0.751,2
550,レース0550,2025-02-11,東京,1200,DIRT,G1,3,2,H0006620,ウマ6620,牝,2020,鈴木 花子,55.0,24,0.21,0.173,0.798,3
550,レース0550,2025-02-11,東京,1200,DIRT,G1,4,2,H0006621,ウマ6621,牡,2022,伊藤 翼,55.0,10,0.056,0.233,0.095,9
550,レース0550,2025-02-11,東京,1200,DIRT,G1,5,3,H0006622,ウマ6622,牡,2022,佐藤 健,57.0,16,0.198,0.111,0.833,1
550,レース0550,2025-02-11,東京,1200,DIRT,G1,6,3,H0006623,ウマ6623,牡,2022,山本 陽,57.0,19,0.033,0.15,0.604,5
550,レース0550,2025-02-11,東京,1200,DIRT,G1,7,4,H0006624,ウマ6624,牝,2021,渡辺 美咲,56.0,23,0.087,0.114,0.375,8
550,レース0550,2025-02-11,東京,1200,DIRT,G1,8,4,H0006625,ウマ6625,牡,2021,加藤 楓,57.0,16,0.242,0.107,0.554,4
550,レース0550,2025-02-11,東京,1200,DIRT,G1,9,5,H0006626,ウマ6626,セ,2021,中村 駿,57.0,28,0.148,0.143,0.312,7
551,レース0551,2025-08-16,中京,2000,TURF,G2,1,1,H0006627,ウマ6627,セ,2020,鈴木 花子,58.0,28,0.181,0.08,0.683,9
551,レース0551,2025-08-16,中京,2000,TURF,G2,2,1,H0006628,ウマ6628,牡,2022,佐藤 健,57.0,26,0.188,0.143,0.554,6
551,レース0551,2025-08-16,中京,2000,TURF,G2,3,2,H0006629,ウマ6629,牡,2020,佐藤 健,57.0,8,0.094,0.161,0.55,7
551,レース0551,2025-08-16,中京,2000,TURF,G2,4,2,H0006630,ウマ6630,牡,2022,佐藤 健,54.0,8,0.3,0.096,0.816,1
551,レース0551,2025-08-16,中京,2000,TURF,G2,5,3,H0006631,ウマ6631,牝,2022,伊藤 翼,56.0,27,0.0,0.146,0.332,10
551,レース0551,2025-08-16,中京,2000,TURF,G2,6,3,H0006632,ウマ6632,牝,2022,山本 陽,55.0,29,0.033,0.118,0.752,8
551,レース0551,2025-08-16,中京,2000,TURF,G2,7,4,H0006633,ウマ6633,牡,2021,伊藤 翼,57.0,3,0.213,0.166,0.3,4
551,レース0551,2025-08-16,中京,2000,TURF,G2,8,4,H0006634,ウマ6634,セ,2022,伊藤 翼,57.0,7,0.231,0.088,0.648,3
551,レース0551,2025-08-16,中京,2000,TURF,G2,9,5,H0006635,ウマ6635,セ,2020,高橋 大輔,57.0,17,0.271,0.074,0.46,5
551,レース0551,2025-08-16,中京,2000,TURF,G2,10,5,H0006636,ウマ6636,セ,2022,高橋 大輔,55.0,3,0.224,0.064,0.785,2
552,レース0552,2025-10-03,阪神,2000,DIRT,G1,1,1,H0006637,ウマ6637,牡,2021,加藤 楓,55.0,6,0.294,0.258,0.583,2
552,レース0552,2025-10-03,阪神,2000,DIRT,G1,2,1,H0006638,ウマ6638,牝,2020,佐藤 健,54.0,25,0.213,0.092,0.704,8
552,レース0552,2025-10-03,阪神,2000,DIRT,G1,3,2,H0006639,ウマ6639,セ,2021,伊藤 翼,56.0,10,0.102,0.215,0.646,9
552,レース0552,2025-10-03,阪神,2000,DIRT,G1,4,2,H0006640,ウマ6640,セ,2021,田中 一郎,58.0,26,0.216,0.098,0.559,11
552,レース0552,2025-10-03,阪神,2000,DIRT,G1,5,3,H0006641,ウマ6641,牡,2020,田中 一郎,54.0,21,0.323,0.068,0.38,12
552,レース0552,2025-10-03,阪神,2000,DIRT,G1,6,3,H0006642,ウマ6642,牡,2020,伊藤 翼,58.0,18,0.29,0.192,0.522,5
552,レース0552,2025-10-03,阪神,2000,DIRT,G1,7,4,H0006643,ウマ6643,牡,2020,鈴木 花子,57.0,18,0.258,0.104,0.204,13
552,レース0552,2025-10-03,阪神,2000,DIRT,G1,8,4,H0006644,ウマ6644,牡,2021,渡辺 美咲,54.0,5,0.277,0.17,0.811,3
552,レース0552,2025-10-03,阪神,2000,DIRT,G1,9,5,H0006645,ウマ6645,牝,2022,鈴木 花子,56.0,25,0.201,0.18,0.722,6
552,レース0552,2025-10-03,阪神,2000,DIRT,G1,10,5,H0006646,ウマ6646,牡,2022,伊藤 翼,58.0,29,0.109,0.09,0.451,15
552,レース0552,2025-10-03,阪神,2000,DIRT,G1,11,6,H0006647,ウマ6647,セ,2021,渡辺 美咲,56.0,10,0.122,0.192,0.838,1
552,レース0552,2025-10-03,阪神,2000,DIRT,G1,12,6,H0006648,ウマ6648,牝,2021,加藤 楓,58.0,12,0.183,0.141,0.392,14
552,レース0552,2025-10-03,阪神,2000,DIRT,G1,13,7,H0006649,ウマ6649,牡,2020,田中 一郎,55.0,29,0.182,0.084,0.633,7
552,レース0552,2025-10-03,阪神,2000,DIRT,G1,14,7,H0006650,ウマ6650,セ,2022,小林 蓮,58.0,8,0.069,0.033,0.636,16
552,レース0552,2025-10-03,阪神,2000,DIRT,G1,15,8,H0006651,ウマ6651,牡,2021,山本 陽,56.0,10,0.33,0.23,0.381,10
552,レース0552,2025-10-03,阪神,2000,DIRT,G1,16,8,H0006652,ウマ6652,牡,2021,佐藤 健,55.0,14,0.313,0.202,0.347,4
553,レース0553,2025-04-22,京都,1600,DIRT,G1,1,1,H0006653,ウマ6653,牝,2020,高橋 大輔,57.0,22,0.298,0.135,0.395,5
553,レース0553,2025-04-22,京都,1600,DIRT,G1,2,1,H0006654,ウマ6654,牡,2021,渡辺 美咲,58.0,5,0.157,0.078,0.739,6
553,レース0553,2025-04-22,京都,1600,DIRT,G1,3,2,H0006655,ウマ6655,牝,2020,山本 陽,57.0,25,0.086,0.165,0.458,8
553,レース0553,2025-04-22,京都,1600,DIRT,G1,4,2,H0006656,ウマ6656,牝,2022,佐藤 健,54.0,8,0.213,0.043,0.382,9
553,レース0553,2025-04-22,京都,1600,DIRT,G1,5,3,H0006657,ウマ6657,牡,2021,渡辺 美咲,54.0,12,0.073,0.076,0.406,12
553,レース0553,2025-04-22,京都,1600,DIRT,G1,6,3,H0006658,ウマ6658,セ,2021,中村 駿,55.0,13,0.18,0.13,0.821,1
553,レース0553,2025-04-22,京都,1600,DIRT,G1,7,4,H0006659,ウマ6659,セ,2021,山本 陽,56.0,8,0.348,0.141,0.548,3
553,レース0553,2025-04-22,京都,1600,DIRT,G1,8,4,H0006660,ウマ6660,牡,2022,佐藤 健,56.0,7,0.107,0.152,0.341,10
553,レース0553,2025-04-22,京都,1600,DIRT,G1,9,5,H0006661,ウマ6661,セ,2022,中村 駿,57.0,9,0.214,0.099,0.509,4
553,レース0553,2025-04-22,京都,1600,DIRT,G1,10,5,H0006662,ウマ6662,牝,2022,伊藤 翼,58.0,15,0.206,0.098,0.618,2
553,レース0553,2025-04-22,京都,1600,DIRT,G1,11,6,H0006663,ウマ6663,セ,2022,鈴木 花子,56.0,18,0.279,0.117,0.38,7
553,レース0553,2025-04-22,京都,1600,DIRT,G1,12,6,H0006664,ウマ6664,牡,2020,加藤 楓,57.0,24,0.044,0.107,0.633,11
554,レース0554,2025-05-15,京都,1400,DIRT,G2,1,1,H0006665,ウマ6665,セ,2022,山本 陽,56.0,22,0.08,0.03,0.64,11
554,レース0554,2025-05-15,京都,1400,DIRT,G2,2,1,H0006666,ウマ6666,牡,2021,山本 陽,58.0,22,0.214,0.03,0.603,3
554,レース0554,2025-05-15,京都,1400,DIRT,G2,3,2,H0006667,ウマ6667,セ,2022,田中 一郎,57.0,22,0.035,0.03,0.864,6
554,レース0554,2025-05-15,京都,1400,DIRT,G2,4,2,H0006668,ウマ6668,セ,2022,小林 蓮,58.0,12,0.11,0.113,0.591,7
554,レース0554,2025-05-15,京都,1400,DIRT,G2,5,3,H0006669,ウマ6669,セ,2021,伊藤 翼,57.0,13,0.093,0.069,0.589,8
554,レース0554,2025-05-15,京都,1400,DIRT,G2,6,3,H0006670,ウマ6670,牡,2022,渡辺 美咲,57.0,26,0.233,0.03,0.642,9
554,レース0554,2025-05-15,京都,1400,DIRT,G2,7,4,H0006671,ウマ6671,牝,2022,高橋 大輔,56.0,8,0.103,0.198,0.475,5
554,レース0554,2025-05-15,京都,1400,DIRT,G2,8,4,H0006672,ウマ6672,牡,2022,渡辺 美咲,56.0,16,0.112,0.177,0.326,12
554,レース0554,2025-05-15,京都,1400,DIRT,G2,9,5,H0006673,ウマ6673,牝,2020,中村 駿,56.0,15,0.113,0.173,0.622,2
554,レース0554,2025-05-15,京都,1400,DIRT,G2,10,5,H0006674,ウマ6674,牡,2021,佐藤 健,58.0,17,0.192,0.183,0.387,10
554,レース0554,2025-05-15,京都,1400,DIRT,G2,11,6,H0006675,ウマ6675,牡,2021,伊藤 翼,56.0,25,0.299,0.125,0.777,1
554,レース0554,2025-05-15,京都,1400,DIRT,G2,12,6,H0006676,ウマ6676,セ,2020,佐藤 健,57.0,10,0.199,0.143,0.527,4
555,レース0555,2025-09-17,京都,2400,DIRT,OP,1,1,H0006677,ウマ6677,牡,2021,伊藤 翼,58.0,19,0.228,0.216,0.561,8
555,レース0555,2025-09-17,京都,2400,DIRT,OP,2,1,H0006678,ウマ6678,セ,2020,田中 一郎,55.0,28,0.218,0.1,0.761,3
555,レース0555,2025-09-17,京都,2400,DIRT,OP,3,2,H0006679,ウマ6679,牡,2020,山本 陽,57.0,3,0.104,0.163,0.606,4
555,レース0555,2025-09-17,京都,2400,DIRT,OP,4,2,H0006680,ウマ6680,牡,2020,佐藤 健,54.0,26,0.282,0.226,0.597,9
555,レース0555,2025-09-17,京都,2400,DIRT,OP,5,3,H0006681,ウマ6681,牝,2021,伊藤 翼,58.0,25,0.1,0.155,0.745,5
555,レース0555,2025-09-17,京都,2400,DIRT,OP,6,3,H0006682,ウマ6682,牡,2021,小林 蓮,54.0,27,0.242,0.075,0.351,11
555,レース0555,2025-09-17,京都,2400,DIRT,OP,7,4,H0006683,ウマ6683,牡,2021,田中 一郎,56.0,27,0.174,0.132,0.711,2
555,レース0555,2025-09-17,京都,2400,DIRT,OP,8,4,H0006684,ウマ6684,牡,2021,高橋 大輔,58.0,17,0.087,0.153,0.599,13
555,レース0555,2025-09-17,京都,2400,DIRT,OP,9,5,H0006685,ウマ6685,牝,2021,中村 駿,54.0,6,0.124,0.189,0.933,1
555,レース0555,2025-09-17,京都,2400,DIRT,OP,10,5,H0006686,ウマ6686,牡,2020,加藤 楓,58.0,3,0.025,0.101,0.654,10
555,レース0555,2025-09-17,京都,2400,DIRT,OP,11,6,H0006687,ウマ6687,牝,2021,伊藤 翼,54.0,15,0.283,0.177,0.568,6
555,レース0555,2025-09-17,京都,2400,DIRT,OP,12,6,H0006688,ウマ6688,牝,2022,鈴木 花子,58.0,18,0.078,0.165,0.566,7
555,レース0555,2025-09-17,京都,2400,DIRT,OP,13,7,H0006689,ウマ6689,牡,2020,高橋 大輔,55.0,6,0.179,0.123,0.211,15
555,レース0555,2025-09-17,京都,2400,DIRT,OP,14,7,H0006690,ウマ6690,牝,2021,佐藤 健,55.0,6,0.128,0.191,0.274,14
555,レース0555,2025-09-17,京都,2400,DIRT,OP,15,8,H0006691,ウマ6691,牡,2021,鈴木 花子,55.0,15,0.218,0.095,0.328,12
556,レース0556,2025-09-22,中京,2400,DIRT,1勝,1,1,H0006692,ウマ6692,牝,2022,高橋 大輔,55.0,23,0.048,0.102,0.496,10
556,レース0556,2025-09-22,中京,2400,DIRT,1勝,2,1,H0006693,ウマ6693,牝,2020,渡辺 美咲,56.0,14,0.255,0.175,0.873,2
556,レース0556,2025-09-22,中京,2400,DIRT,1勝,3,2,H0006694,ウマ6694,牡,2022,山本 陽,54.0,24,0.213,0.194,0.426,8
556,レース0556,2025-09-22,中京,2400,DIRT,1勝,4,2,H0006695,ウマ6695,牝,2020,渡辺 美咲,58.0,21,0.233,0.044,0.529,7
556,レース0556,2025-09-22,中京,2400,DIRT,1勝,5,3,H0006696,ウマ6696,牝,2021,伊藤 翼,54.0,21,0.315,0.05,0.873,1
556,レース0556,2025-09-22,中京,2400,DIRT,1勝,6,3,H0006697,ウマ6697,牝,2022,山本 陽,56.0,21,0.176,0.113,0.615,3
556,レース0556,2025-09-22,中京,2400,DIRT,1勝,7,4,H0006698,ウマ6698,牡,2022,高橋 大輔,54.0,19,0.058,0.165,0.642,11
556,レース0556,2025-09-22,中京,2400,DIRT,1勝,8,4,H0006699,ウマ6699,牝,2020,鈴木 花子,57.0,7,0.082,0.114,0.503,12
556,レース0556,2025-09-22,中京,2400,DIRT,1勝,9,5,H0006700,ウマ6700,牝,2022,小林 蓮,54.0,22,0.154,0.152,0.528,9
556,レース0556,2025-09-22,中京,2400,DIRT,1勝,10,5,H0006701,ウマ6701,牝,2021,佐藤 健,56.0,14,0.131,0.135,0.612,5
556,レース0556,2025-09-22,中京,2400,DIRT,1勝,11,6,H0006702,ウマ6702,セ,2021,佐藤 健,57.0,8,0.188,0.11,0.405,4
556,レース0556,2025-09-22,中京,2400,DIRT,1勝,12,6,H0006703,ウマ6703,牡,2021,鈴木 花子,56.0,3,0.195,0.145,0.546,6
557,レース0557,2025-10-07,阪神,1400,DIRT,G3,1,1,H0006704,ウマ6704,牡,2021,田中 一郎,57.0,29,0.101,0.101,0.24,12
557,レース0557,2025-10-07,阪神,1400,DIRT,G3,2,1,H0006705,ウマ6705,セ,2022,高橋 大輔,55.0,20,0.081,0.182,0.49,9
557,レース0557,2025-10-07,阪神,1400,DIRT,G3,3,2,H0006706,ウマ6706,牝,2022,佐藤 健,56.0,4,0.14,0.086,0.375,13
557,レース0557,2025-10-07,阪神,1400,DIRT,G3,4,2,H0006707,ウマ6707,牝,2021,佐藤 健,54.0,17,0.145,0.184,0.762,1
557,レース0557,2025-10-07,阪神,1400,DIRT,G3,5,3,H0006708,ウマ6708,セ,2020,小林 蓮,56.0,29,0.207,0.203,0.29,8
557,レース0557,2025-10-07,阪神,1400,DIRT,G3,6,3,H0006709,ウマ6709,牡,2020,渡辺 美咲,57.0,4,0.172,0.095,0.578,5
557,レース0557,2025-10-07,阪神,1400,DIRT,G3,7,4,H0006710,ウマ6710,牝,2020,佐藤 健,56.0,10,0.318,0.052,0.692,2
557,レース0557,2025-10-07,阪神,1400,DIRT,G3,8,4,H0006711,ウマ6711,牡,2020,加藤 楓,57.0,4,0.202,0.115,0.697,4
557,レース0557,2025-10-07,阪神,1400,DIRT,G3,9,5,H0006712,ウマ6712,牡,2022,渡辺 美咲,56.0,25,0.124,0.168,0.072,11
557,レース0557,2025-10-07,阪神,1400,DIRT,G3,10,5,H0006713,ウマ6713,牡,2021,伊藤 翼,54.0,9,0.211,0.16,0.203,7
557,レース0557,2025-10-07,阪神,1400,DIRT,G3,11,6,H0006714,ウマ6714,牡,2022,山本 陽,54.0,28,0.185,0.14,0.718,3
557,レース0557,2025-10-07,阪神,1400,DIRT,G3,12,6,H0006715,ウマ6715,セ,2021,中村 駿,54.0,19,0.184,0.168,0.372,10
557,レース0557,2025-10-07,阪神,1400,DIRT,G3,13,7,H0006716,ウマ6716,セ,2021,佐藤 健,56.0,8,0.033,0.114,0.763,6
558,レース0558,2025-09-12,中山,1800,DIRT,1勝,1,1,H0006717,ウマ6717,牡,2022,佐藤 健,56.0,18,0.096,0.14,0.268,13
558,レース0558,2025-09-12,中山,1800,DIRT,1勝,2,1,H0006718,ウマ6718,牝,2020,中村 駿,58.0,29,0.241,0.119,0.552,8
558,レース0558,2025-09-12,中山,1800,DIRT,1勝,3,2,H0006719,ウマ6719,牝,2020,山本 陽,55.0,14,0.065,0.155,0.625,10
558,レース0558,2025-09-12,中山,1800,DIRT,1勝,4,2,H0006720,ウマ6720,セ,2022,小林 蓮,54.0,5,0.224,0.157,0.741,1
558,レース0558,2025-09-12,中山,1800,DIRT,1勝,5,3,H0006721,ウマ6721,牝,2021,小林 蓮,55.0,22,0.159,0.101,0.946,2
558,レース0558,2025-09-12,中山,1800,DIRT,1勝,6,3,H0006722,ウマ6722,牡,2022,中村 駿,54.0,25,0.207,0.136,0.66,5
558,レース0558,2025-09-12,中山,1800,DIRT,1勝,7,4,H0006723,ウマ6723,牝,2020,高橋 大輔,57.0,26,0.265,0.12,0.566,7
558,レース0558,2025-09-12,中山,1800,DIRT,1勝,8,4,H0006724,ウマ6724,セ,2021,高橋 大輔,57.0,4,0.0,0.061,0.602,6
558,レース0558,2025-09-12,中山,1800,DIRT,1勝,9,5,H0006725,ウマ6725,牝,2021,渡辺 美咲,56.0,12,0.28,0.073,0.098,12
558,レース0558,2025-09-12,中山,1800,DIRT,1勝,10,5,H0006726,ウマ6726,セ,2022,鈴木 花子,57.0,14,0.279,0.193,0.433,3
558,レース0558,2025-09-12,中山,1800,DIRT,1勝,11,6,H0006727,ウマ6727,セ,2021,加藤 楓,54.0,13,0.097,0.038,0.435,11
558,レース0558,2025-09-12,中山,1800,DIRT,1勝,12,6,H0006728,ウマ6728,セ,2022,伊藤 翼,56.0,23,0.153,0.246,0.549,4
558,レース0558,2025-09-12,中山,1800,DIRT,1勝,13,7,H0006729,ウマ6729,牝,2020,山本 陽,57.0,3,0.322,0.039,0.27,9
559,レース0559,2025-02-04,京都,1600,TURF,1勝,1,1,H0006730,ウマ6730,牡,2020,小林 蓮,56.0,12,0.159,0.172,0.479,13
559,レース0559,2025-02-04,京都,1600,TURF,1勝,2,1,H0006731,ウマ6731,牡,2020,渡辺 美咲,58.0,20,0.224,0.064,0.707,3
559,レース0559,2025-02-04,京都,1600,TURF,1勝,3,2,H0006732,ウマ6732,セ,2021,佐藤 健,57.0,21,0.256,0.118,0.543,11
559,レース0559,2025-02-04,京都,1600,TURF,1勝,4,2,H0006733,ウマ6733,セ,2020,渡辺 美咲,57.0,27,0.169,0.132,0.652,7
559,レース0559,2025-02-04,京都,1600,TURF,1勝,5,3,H0006734,ウマ6734,牝,2020,渡辺 美咲,56.0,23,0.208,0.07,0.695,8
559,レース0559,2025-02-04,京都,1600,TURF,1勝,6,3,H0006735,ウマ6735,牡,2021,伊藤 翼,57.0,10,0.204,0.117,0.757,5
559,レース0559,2025-02-04,京都,1600,TURF,1勝,7,4,H0006736,ウマ6736,牡,2022,鈴木 花子,57.0,22,0.252,0.116,0.639,2
559,レース0559,2025-02-04,京都,1600,TURF,1勝,8,4,H0006737,ウマ6737,セ,2020,佐藤 健,54.0,18,0.212,0.092,0.325,12
559,レース0559,2025-02-04,京都,1600,TURF,1勝,9,5,H0006738,ウマ6738,牡,2021,小林 蓮,57.0,14,0.219,0.127,0.506,6
559,レース0559,2025-02-04,京都,1600,TURF,1勝,10,5,H0006739,ウマ6739,牡,2021,加藤 楓,54.0,22,0.145,0.111,0.673,4
559,レース0559,2025-02-04,京都,1600,TURF,1勝,11,6,H0006740,ウマ6740,セ,2021,高橋 大輔,54.0,5,0.155,0.044,0.419,14
559,レース0559,2025-02-04,京都,1600,TURF,1勝,12,6,H0006741,ウマ6741,牝,2020,鈴木 花子,56.0,28,0.034,0.16,0.605,10
559,レース0559,2025-02-04,京都,1600,TURF,1勝,13,7,H0006742,ウマ6742,セ,2020,山本 陽,57.0,20,0.195,0.199,0.669,1
559,レース0559,2025-02-04,京都,1600,TURF,1勝,14,7,H0006743,ウマ6743,牝,2021,山本 陽,56.0,9,0.0,0.134,0.559,15
559,レース0559,2025-02-04,京都,1600,TURF,1勝,15,8,H0006744,ウマ6744,牝,2021,田中 一郎,54.0,21,0.197,0.148,0.604,9
560,レース0560,2025-06-21,中山,1200,DIRT,OP,1,1,H0006745,ウマ6745,牝,2021,小林 蓮,57.0,6,0.191,0.121,0.399,7
560,レース0560,2025-06-21,中山,1200,DIRT,OP,2,1,H0006746,ウマ6746,セ,2022,伊藤 翼,57.0,9,0.296,0.074,0.273,10
560,レース0560,2025-06-21,中山,1200,DIRT,OP,3,2,H0006747,ウマ6747,牡,2022,伊藤 翼,56.0,20,0.064,0.171,0.606,5
560,レース0560,2025-06-21,中山,1200,DIRT,OP,4,2,H0006748,ウマ6748,牝,2022,伊藤 翼,55.0,26,0.25,0.079,0.297,9
560,レース0560,2025-06-21,中山,1200,DIRT,OP,5,3,H0006749,ウマ6749,牡,2020,小林 蓮,56.0,26,0.28,0.081,0.39,13
560,レース0560,2025-06-21,中山,1200,DIRT,OP,6,3,H0006750,ウマ6750,セ,2020,中村 駿,54.0,27,0.171,0.081,0.568,12
560,レース0560,2025-06-21,中山,1200,DIRT,OP,7,4,H0006751,ウマ6751,セ,2021,伊藤 翼,55.0,11,0.085,0.153,0.449,11
560,レース0560,2025-06-21,中山,1200,DIRT,OP,8,4,H0006752,ウマ6752,牝,2021,伊藤 翼,58.0,23,0.264,0.06,0.893,4
560,レース0560,2025-06-21,中山,1200,DIRT,OP,9,5,H0006753,ウマ6753,牝,2020,伊藤 翼,58.0,12,0.271,0.194,0.853,3
560,レース0560,2025-06-21,中山,1200,DIRT,OP,10,5,H0006754,ウマ6754,セ,2022,伊藤 翼,54.0,8,0.187,0.155,0.825,6
560,レース0560,2025-06-21,中山,1200,DIRT,OP,11,6,H0006755,ウマ6755,牝,2020,渡辺 美咲,55.0,9,0.09,0.219,1.0,2
560,レース0560,2025-06-21,中山,1200,DIRT,OP,12,6,H0006756,ウマ6756,牝,2022,中村 駿,57.0,19,0.175,0.106,0.335,15
560,レース0560,2025-06-21,中山,1200,DIRT,OP,13,7,H0006757,ウマ6757,牝,2020,渡辺 美咲,55.0,3,0.101,0.089,0.804,8
560,レース0560,2025-06-21,中山,1200,DIRT,OP,14,7,H0006758,ウマ6758,牝,2022,中村 駿,57.0,23,0.149,0.184,0.994,1
560,レース0560,2025-06-21,中山,1200,DIRT,OP,15,8,H0006759,ウマ6759,牝,2020,渡辺 美咲,54.0,19,0.128,0.114,0.342,14
561,レース0561,2025-03-26,阪神,1400,DIRT,G3,1,1,H0006760,ウマ6760,牡,2020,伊藤 翼,55.0,3,0.168,0.196,0.685,1
561,レース0561,2025-03-26,阪神,1400,DIRT,G3,2,1,H0006761,ウマ6761,セ,2022,小林 蓮,54.0,23,0.138,0.104,0.644,8
561,レース0561,2025-03-26,阪神,1400,DIRT,G3,3,2,H0006762,ウマ6762,牡,2020,佐藤 健,55.0,6,0.171,0.14,0.698,6
561,レース0561,2025-03-26,阪神,1400,DIRT,G3,4,2,H0006763,ウマ6763,牝,2022,高橋 大輔,57.0,16,0.123,0.204,0.558,7
561,レース0561,2025-03-26,阪神,1400,DIRT,G3,5,3,H0006764,ウマ6764,セ,2020,山本 陽,58.0,21,0.24,0.171,0.395,4
561,レース0561,2025-03-26,阪神,1400,DIRT,G3,6,3,H0006765,ウマ6765,牝,2021,渡辺 美咲,55.0,26,0.042,0.14,0.43,13
561,レース0561,2025-03-26,阪神,1400,DIRT,G3,7,4,H0006766,ウマ6766,牝,2020,小林 蓮,58.0,30,0.305,0.097,0.801,2
561,レース0561,2025-03-26,阪神,1400,DIRT,G3,8,4,H0006767,ウマ6767,セ,2022,中村 駿,54.0,6,0.149,0.17,0.722,5
561,レース0561,2025-03-26,阪神,1400,DIRT,G3,9,5,H0006768,ウマ6768,牝,2020,加藤 楓,55.0,28,0.107,0.088,0.663,11
561,レース0561,2025-03-26,阪神,1400,DIRT,G3,10,5,H0006769,ウマ6769,牝,2022,小林 蓮,57.0,17,0.216,0.134,0.395,9
561,レース0561,2025-03-26,阪神,1400,DIRT,G3,11,6,H0006770,ウマ6770,牡,2020,伊藤 翼,56.0,4,0.304,0.177,0.556,3
561,レース0561,2025-03-26,阪神,1400,DIRT,G3,12,6,H0006771,ウマ6771,牡,2021,小林 蓮,57.0,24,0.269,0.112,0.218,14
561,レース0561,2025-03-26,阪神,1400,DIRT,G3,13,7,H0006772,ウマ6772,牡,2021,渡辺 美咲,56.0,28,0.0,0.084,0.349,12
561,レース0561,2025-03-26,阪神,1400,DIRT,G3,14,7,H0006773,ウマ6773,セ,2020,高橋 大輔,56.0,12,0.186,0.153,0.411,10
561,レース0561,2025-03-26,阪神,1400,DIRT,G3,15,8,H0006774,ウマ6774,セ,2022,佐藤 健,56.0,7,0.174,0.108,0.412,15
562,レース0562,2025-01-11,東京,1800,DIRT,1勝,1,1,H0006775,ウマ6775,牝,2022,加藤 楓,57.0,24,0.091,0.108,0.88,8
562,レース0562,2025-01-11,東京,1800,DIRT,1勝,2,1,H0006776,ウマ6776,牝,2021,小林 蓮,56.0,28,0.16,0.147,0.854,3
562,レース0562,2025-01-11,東京,1800,DIRT,1勝,3,2,H0006777,ウマ6777,牝,2022,佐藤 健,58.0,30,0.102,0.106,0.515,9
562,レース0562,2025-01-11,東京,1800,DIRT,1勝,4,2,H0006778,ウマ6778,牝,2020,渡辺 美咲,58.0,23,0.025,0.062,0.334,11
562,レース0562,2025-01-11,東京,1800,DIRT,1勝,5,3,H0006779,ウマ6779,牡,2022,中村 駿,54.0,25,0.149,0.106,0.951,2
562,レース0562,2025-01-11,東京,1800,DIRT,1勝,6,3,H0006780,ウマ6780,牝,2021,加藤 楓,56.0,16,0.242,0.102,0.391,5
562,レース0562,2025-01-11,東京,1800,DIRT,1勝,7,4,H0006781,ウマ6781,牡,2021,山本 陽,54.0,11,0.281,0.034,0.555,6
562,レース0562,2025-01-11,東京,1800,DIRT,1勝,8,4,H0006782,ウマ6782,牝,2022,小林 蓮,58.0,24,0.187,0.13,0.639,1
562,レース0562,2025-01-11,東京,1800,DIRT,1勝,9,5,H0006783,ウマ6783,セ,2022,加藤 楓,54.0,24,0.304,0.169,0.49,4
562,レース0562,2025-01-11,東京,1800,DIRT,1勝,10,5,H0006784,ウマ6784,牝,2020,山本 陽,54.0,5,0.186,0.03,0.654,7
562,レース0562,2025-01-11,東京,1800,DIRT,1勝,11,6,H0006785,ウマ6785,牝,2022,鈴木 花子,58.0,30,0.026,0.081,0.42,10
563,レース0563,2025-02-10,阪神,1400,DIRT,1勝,1,1,H0006786,ウマ6786,牝,2020,佐藤 健,56.0,29,0.141,0.202,0.83,4
563,レース0563,2025-02-10,阪神,1400,DIRT,1勝,2,1,H0006787,ウマ6787,牡,2022,小林 蓮,58.0,3,0.248,0.195,0.759,1
563,レース0563,2025-02-10,阪神,1400,DIRT,1勝,3,2,H0006788,ウマ6788,セ,2021,高橋 大輔,55.0,5,0.04,0.115,0.529,7
563,レース0563,2025-02-10,阪神,1400,DIRT,1勝,4,2,H0006789,ウマ6789,牝,2021,田中 一郎,58.0,29,0.0,0.081,0.701,5
563,レース0563,2025-02-10,阪神,1400,DIRT,1勝,5,3,H0006790,ウマ6790,牝,2021,山本 陽,55.0,21,0.198,0.135,0.173,6
563,レース0563,2025-02-10,阪神,1400,DIRT,1勝,6,3,H0006791,ウマ6791,牝,2020,加藤 楓,55.0,5,0.146,0.03,0.441,9
563,レース0563,2025-02-10,阪神,1400,DIRT,1勝,7,4,H0006792,ウマ6792,牝,2022,佐藤 健,57.0,26,0.195,0.183,0.56,2
563,レース0563,2025-02-10,阪神,1400,DIRT,1勝,8,4,H0006793,ウマ6793,セ,2020,中村 駿,55.0,11,0.032,0.086,0.517,8
563,レース0563,2025-02-10,阪神,1400,DIRT,1勝,9,5,H0006794,ウマ6794,牝,2022,加藤 楓,55.0,11,0.185,0.173,0.762,3
564,レース0564,2025-09-23,中京,1800,DIRT,G2,1,1,H0006795,ウマ6795,牡,2020,佐藤 健,56.0,10,0.203,0.091,0.57,13
564,レース0564,2025-09-23,中京,1800,DIRT,G2,2,1,H0006796,ウマ6796,セ,2020,小林 蓮,56.0,4,0.072,0.12,0.722,9
564,レース0564,2025-09-23,中京,1800,DIRT,G2,3,2,H0006797,ウマ6797,牡,2021,鈴木 花子,57.0,6,0.166,0.103,0.651,10
564,レース0564,2025-09-23,中京,1800,DIRT,G2,4,2,H0006798,ウマ6798,セ,2021,田中 一郎,58.0,25,0.244,0.133,0.996,1
564,レース0564,2025-09-23,中京,1800,DIRT,G2,5,3,H0006799,ウマ6799,牝,2022,渡辺 美咲,58.0,12,0.162,0.151,0.61,8
564,レース0564,2025-09-23,中京,1800,DIRT,G2,6,3,H0006800,ウマ6800,牝,2021,鈴木 花子,54.0,11,0.136,0.03,0.539,12
564,レース0564,2025-09-23,中京,1800,DIRT,G2,7,4,H0006801,ウマ6801,セ,2021,中村 駿,58.0,26,0.092,0.178,0.035,16
564,レース0564,2025-09-23,中京,1800,DIRT,G2,8,4,H0006802,ウマ6802,セ,2021,小林 蓮,57.0,28,0.157,0.181,0.603,7
564,レース0564,2025-09-23,中京,1800,DIRT,G2,9,5,H0006803,ウマ6803,牝,2020,山本 陽,58.0,9,0.066,0.155,0.562,14
564,レース0564,2025-09-23,中京,1800,DIRT,G2,10,5,H0006804,ウマ6804,セ,2022,高橋 大輔,54.0,7,0.229,0.199,0.616,3
564,レース0564,2025-09-23,中京,1800,DIRT,G2,11,6,H0006805,ウマ6805,セ,2021,小林 蓮,57.0,23,0.166,0.137,0.639,2
564,レース0564,2025-09-23,中京,1800,DIRT,G2,12,6,H0006806,ウマ6806,セ,2020,中村 駿,55.0,20,0.0,0.141,0.408,15
564,レース0564,2025-09-23,中京,1800,DIRT,G2,13,7,H0006807,ウマ6807,セ,2021,渡辺 美咲,54.0,20,0.226,0.208,0.676,6
564,レース0564,2025-09-23,中京,1800,DIRT,G2,14,7,H0006808,ウマ6808,牡,2022,佐藤 健,56.0,4,0.183,0.138,0.524,5
564,レース0564,2025-09-23,中京,1800,DIRT,G2,15,8,H0006809,ウマ6809,セ,2021,高橋 大輔,57.0,15,0.179,0.182,0.493,11
564,レース0564,2025-09-23,中京,1800,DIRT,G2,16,8,H0006810,ウマ6810,セ,2020,佐藤 健,54.0,8,0.263,0.156,0.815,4
565,レース0565,2025-01-08,東京,1400,DIRT,G2,1,1,H0006811,ウマ6811,牝,2022,加藤 楓,55.0,17,0.03,0.134,0.772,2
565,レース0565,2025-01-08,東京,1400,DIRT,G2,2,1,H0006812,ウマ6812,牡,2020,佐藤 健,55.0,10,0.157,0.057,0.44,9
565,レース0565,2025-01-08,東京,1400,DIRT,G2,3,2,H0006813,ウマ6813,セ,2021,渡辺 美咲,55.0,22,0.227,0.212,0.667,1
565,レース0565,2025-01-08,東京,1400,DIRT,G2,4,2,H0006814,ウマ6814,セ,2022,佐藤 健,55.0,22,0.079,0.161,0.555,8
565,レース0565,2025-01-08,東京,1400,DIRT,G2,5,3,H0006815,ウマ6815,牝,2021,田中 一郎,56.0,24,0.191,0.139,0.569,6
565,レース0565,2025-01-08,東京,1400,DIRT,G2,6,3,H0006816,ウマ6816,セ,2022,鈴木 花子,57.0,5,0.277,0.088,0.499,3
565,レース0565,2025-01-08,東京,1400,DIRT,G2,7,4,H0006817,ウマ6817,セ,2021,山本 陽,57.0,10,0.302,0.122,0.434,4
565,レース0565,2025-01-08,東京,1400,DIRT,G2,8,4,H0006818,ウマ6818,牡,2020,加藤 楓,57.0,3,0.166,0.103,0.521,7
565,レース0565,2025-01-08,東京,1400,DIRT,G2,9,5,H0006819,ウマ6819,牝,2022,小林 蓮,55.0,26,0.126,0.057,0.577,5
565,レース0565,2025-01-08,東京,1400,DIRT,G2,10,5,H0006820,ウマ6820,セ,2020,伊藤 翼,57.0,18,0.247,0.144,0.072,11
565,レース0565,2025-01-08,東京,1400,DIRT,G2,11,6,H0006821,ウマ6821,セ,2022,渡辺 美咲,57.0,20,0.163,0.112,0.509,10
566,レース0566,2025-01-13,中京,2400,TURF,G2,1,1,H0006822,ウマ6822,牡,2022,佐藤 健,56.0,8,0.263,0.109,0.315,6
566,レース0566,2025-01-13,中京,2400,TURF,G2,2,1,H0006823,ウマ6823,牝,2022,加藤 楓,58.0,21,0.21,0.122,0.334,9
566,レース0566,2025-01-13,中京,2400,TURF,G2,3,2,H0006824,ウマ6824,牡,2022,加藤 楓,54.0,22,0.078,0.148,0.803,5
566,レース0566,2025-01-13,中京,2400,TURF,G2,4,2,H0006825,ウマ6825,牡,2022,小林 蓮,55.0,12,0.217,0.056,0.73,4
566,レース0566,2025-01-13,中京,2400,TURF,G2,5,3,H0006826,ウマ6826,牡,2022,伊藤 翼,55.0,11,0.13,0.184,0.546,2
566,レース0566,2025-01-13,中京,2400,TURF,G2,6,3,H0006827,ウマ6827,牝,2020,小林 蓮,56.0,12,0.257,0.172,0.4,8
566,レース0566,2025-01-13,中京,2400,TURF,G2,7,4,H0006828,ウマ6828,牝,2022,渡辺 美咲,56.0,20,0.163,0.173,0.736,3
566,レース0566,2025-01-13,中京,2400,TURF,G2,8,4,H0006829,ウマ6829,セ,2020,鈴木 花子,55.0,4,0.168,0.213,0.671,1
566,レース0566,2025-01-13,中京,2400,TURF,G2,9,5,H0006830,ウマ6830,牡,2020,伊藤 翼,54.0,23,0.197,0.091,0.445,7
567,レース0567,2025-04-10,中京,2000,DIRT,G3,1,1,H0006831,ウマ6831,牡,2021,山本 陽,56.0,24,0.197,0.123,0.548,10
567,レース0567,2025-04-10,中京,2000,DIRT,G3,2,1,H0006832,ウマ6832,牝,2022,伊藤 翼,57.0,12,0.128,0.112,0.604,5
567,レース0567,2025-04-10,中京,2000,DIRT,G3,3,2,H0006833,ウマ6833,セ,2022,中村 駿,57.0,5,0.352,0.056,0.241,4
567,レース0567,2025-04-10,中京,2000,DIRT,G3,4,2,H0006834,ウマ6834,牡,2022,中村 駿,58.0,7,0.211,0.088,0.168,11
567,レース0567,2025-04-10,中京,2000,DIRT,G3,5,3,H0006835,ウマ6835,セ,2022,鈴木 花子,56.0,4,0.177,0.12,0.665,2
567,レース0567,2025-04-10,中京,2000,DIRT,G3,6,3,H0006836,ウマ6836,セ,2020,加藤 楓,56.0,26,0.285,0.203,0.464,7
567,レース0567,2025-04-10,中京,2000,DIRT,G3,7,4,H0006837,ウマ6837,牡,2020,小林 蓮,54.0,16,0.258,0.115,0.455,6
567,レース0567,2025-04-10,中京,2000,DIRT,G3,8,4,H0006838,ウマ6838,牝,2020,加藤 楓,56.0,19,0.149,0.04,0.427,9
567,レース0567,2025-04-10,中京,2000,DIRT,G3,9,5,H0006839,ウマ6839,牝,2021,山本 陽,54.0,3,0.206,0.132,0.405,3
567,レース0567,2025-04-10,中京,2000,DIRT,G3,10,5,H0006840,ウマ6840,セ,2022,渡辺 美咲,56.0,24,0.121,0.12,0.588,8
567,レース0567,2025-04-10,中京,2000,DIRT,G3,11,6,H0006841,ウマ6841,牝,2021,高橋 大輔,55.0,29,0.282,0.13,0.895,1
568,レース0568,2025-06-05,中京,2000,DIRT,未勝利,1,1,H0006842,ウマ6842,牝,2020,高橋 大輔,58.0,10,0.08,0.108,0.62,4
568,レース0568,2025-06-05,中京,2000,DIRT,未勝利,2,1,H0006843,ウマ6843,牝,2022,小林 蓮,54.0,3,0.146,0.09,0.343,8
568,レース0568,2025-06-05,中京,2000,DIRT,未勝利,3,2,H0006844,ウマ6844,牡,2020,渡辺 美咲,55.0,28,0.034,0.166,0.573,7
568,レース0568,2025-06-05,中京,2000,DIRT,未勝利,4,2,H0006845,ウマ6845,牝,2021,田中 一郎,54.0,19,0.192,0.122,0.621,3
568,レース0568,2025-06-05,中京,2000,DIRT,未勝利,5,3,H0006846,ウマ6846,セ,2021,田中 一郎,58.0,11,0.249,0.224,0.412,5
568,レース0568,2025-06-05,中京,2000,DIRT,未勝利,6,3,H0006847,ウマ6847,牝,2022,鈴木 花子,55.0,25,0.214,0.143,0.604,1
568,レース0568,2025-06-05,中京,2000,DIRT,未勝利,7,4,H0006848,ウマ6848,牝,2021,渡辺 美咲,58.0,17,0.35,0.131,0.269,6
568,レース0568,2025-06-05,中京,2000,DIRT,未勝利,8,4,H0006849,ウマ6849,牡,2021,田中 一郎,55.0,9,0.163,0.058,0.347,2
569,レース0569,2025-06-22,京都,2000,TURF,G2,1,1,H0006850,ウマ6850,牝,2020,山本 陽,56.0,7,0.077,0.084,0.536,7
569,レース0569,2025-06-22,京都,2000,TURF,G2,2,1,H0006851,ウマ6851,牝,2022,鈴木 花子,58.0,21,0.07,0.203,0.399,5
569,レース0569,2025-06-22,京都,2000,TURF,G2,3,2,H0006852,ウマ6852,牡,2020,高橋 大輔,55.0,5,0.055,0.082,0.296,8
569,レース0569,2025-06-22,京都,2000,TURF,G2,4,2,H0006853,ウマ6853,牝,2021,中村 駿,58.0,27,0.301,0.265,0.459,2
569,レース0569,2025-06-22,京都,2000,TURF,G2,5,3,H0006854,ウマ6854,牡,2020,加藤 楓,54.0,3,0.14,0.035,0.435,4
569,レース0569,2025-06-22,京都,2000,TURF,G2,6,3,H0006855,ウマ6855,牡,2021,山本 陽,58.0,14,0.101,0.175,0.489,3
569,レース0569,2025-06-22,京都,2000,TURF,G2,7,4,H0006856,ウマ6856,牡,2022,高橋 大輔,56.0,24,0.281,0.221,0.692,1
569,レース0569,2025-06-22,京都,2000,TURF,G2,8,4,H0006857,ウマ6857,セ,2021,田中 一郎,55.0,26,0.035,0.216,0.706,6
570,レース0570,2025-01-15,中京,1600,TURF,G1,1,1,H0006858,ウマ6858,牡,2022,田中 一郎,57.0,20,0.236,0.168,0.264,11
570,レース0570,2025-01-15,中京,1600,TURF,G1,2,1,H0006859,ウマ6859,牝,2022,山本 陽,57.0,16,0.157,0.05,0.606,6
570,レース0570,2025-01-15,中京,1600,TURF,G1,3,2,H0006860,ウマ6860,牡,2022,小林 蓮,56.0,30,0.006,0.137,0.627,14
570,レース0570,2025-01-15,中京,1600,TURF,G1,4,2,H0006861,ウマ6861,牡,2022,佐藤 健,58.0,11,0.234,0.115,0.39,13
570,レース0570,2025-01-15,中京,1600,TURF,G1,5,3,H0006862,ウマ6862,牝,2022,高橋 大輔,54.0,18,0.183,0.237,0.548,9
570,レース0570,2025-01-15,中京,1600,TURF,G1,6,3,H0006863,ウマ6863,牡,2020,佐藤 健,56.0,20,0.223,0.092,0.335,15
570,レース0570,2025-01-15,中京,1600,TURF,G1,7,4,H0006864,ウマ6864,セ,2022,小林 蓮,54.0,14,0.153,0.048,0.6,3
570,レース0570,2025-01-15,中京,1600,TURF,G1,8,4,H0006865,ウマ6865,牝,2020,加藤 楓,55.0,24,0.283,0.123,0.467,2
570,レース0570,2025-01-15,中京,1600,TURF,G1,9,5,H0006866,ウマ6866,牡,2022,伊藤 翼,57.0,21,0.042,0.222,0.631,12
570,レース0570,2025-01-15,中京,1600,TURF,G1,10,5,H0006867,ウマ6867,セ,2021,伊藤 翼,55.0,18,0.251,0.177,0.48,1
570,レース0570,2025-01-15,中京,1600,TURF,G1,11,6,H0006868,ウマ6868,セ,2021,山本 陽,55.0,28,0.178,0.064,0.598,8
570,レース0570,2025-01-15,中京,1600,TURF,G1,12,6,H0006869,ウマ6869,牝,2020,渡辺 美咲,55.0,26,0.259,0.06,0.635,10
570,レース0570,2025-01-15,中京,1600,TURF,G1,13,7,H0006870,ウマ6870,セ,2020,高橋 大輔,56.0,3,0.307,0.127,0.535,4
570,レース0570,2025-01-15,中京,1600,TURF,G1,14,7,H0006871,ウマ6871,セ,2020,中村 駿,58.0,19,0.163,0.167,0.538,7
570,レース0570,2025-01-15,中京,1600,TURF,G1,15,8,H0006872,ウマ6872,牡,2020,伊藤 翼,55.0,23,0.223,0.089,0.578,5
571,レース0571,2025-01-18,中山,1400,TURF,G1,1,1,H0006873,ウマ6873,牝,2020,小林 蓮,54.0,14,0.288,0.177,0.796,1
571,レース0571,2025-01-18,中山,1400,TURF,G1,2,1,H0006874,ウマ6874,牡,2020,中村 駿,58.0,9,0.186,0.084,0.717,2
571,レース0571,2025-01-18,中山,1400,TURF,G1,3,2,H0006875,ウマ6875,牝,2021,小林 蓮,54.0,13,0.179,0.173,0.537,5
571,レース0571,2025-01-18,中山,1400,TURF,G1,4,2,H0006876,ウマ6876,牡,2022,佐藤 健,58.0,19,0.106,0.138,0.527,8
571,レース0571,2025-01-18,中山,1400,TURF,G1,5,3,H0006877,ウマ6877,セ,2021,加藤 楓,57.0,20,0.104,0.082,0.615,7
571,レース0571,2025-01-18,中山,1400,TURF,G1,6,3,H0006878,ウマ6878,牡,2021,鈴木 花子,55.0,12,0.163,0.138,0.516,4
571,レース0571,2025-01-18,中山,1400,TURF,G1,7,4,H0006879,ウマ6879,牝,2020,加藤 楓,57.0,17,0.119,0.162,0.489,6
571,レース0571,2025-01-18,中山,1400,TURF,G1,8,4,H0006880,ウマ6880,牡,2020,佐藤 健,55.0,18,0.287,0.145,0.661,3
572,レース0572,2025-08-23,京都,1400,DIRT,G3,1,1,H0006881,ウマ6881,牝,2022,田中 一郎,58.0,8,0.166,0.158,0.413,7
572,レース0572,2025-08-23,京都,1400,DIRT,G3,2,1,H0006882,ウマ6882,牡,2022,渡辺 美咲,54.0,23,0.271,0.137,0.839,3
572,レース0572,2025-08-23,京都,1400,DIRT,G3,3,2,H0006883,ウマ6883,セ,2022,加藤 楓,54.0,25,0.16,0.191,0.708,6
572,レース0572,2025-08-23,京都,1400,DIRT,G3,4,2,H0006884,ウマ6884,牡,2022,山本 陽,56.0,11,0.192,0.146,0.665,2
572,レース0572,2025-08-23,京都,1400,DIRT,G3,5,3,H0006885,ウマ6885,牡,2021,田中 一郎,54.0,16,0.122,0.081,0.854,4
572,レース0572,2025-08-23,京都,1400,DIRT,G3,6,3,H0006886,ウマ6886,牡,2020,高橋 大輔,56.0,14,0.278,0.141,0.606,1
572,レース0572,2025-08-23,京都,1400,DIRT,G3,7,4,H0006887,ウマ6887,牝,2021,渡辺 美咲,55.0,27,0.176,0.162,0.517,5
572,レース0572,2025-08-23,京都,1400,DIRT,G3,8,4,H0006888,ウマ6888,セ,2020,伊藤 翼,55.0,6,0.08,0.163,0.302,8
573,レース0573,2025-09-02,阪神,2400,DIRT,G2,1,1,H0006889,ウマ6889,牝,2021,渡辺 美咲,55.0,7,0.176,0.03,0.458,11
573,レース0573,2025-09-02,阪神,2400,DIRT,G2,2,1,H0006890,ウマ6890,牡,2022,田中 一郎,54.0,19,0.16,0.083,0.515,9
573,レース0573,2025-09-02,阪神,2400,DIRT,G2,3,2,H0006891,ウマ6891,牝,2021,中村 駿,56.0,14,0.189,0.03,0.572,8
573,レース0573,2025-09-02,阪神,2400,DIRT,G2,4,2,H0006892,ウマ6892,牝,2020,小林 蓮,58.0,16,0.083,0.171,0.364,13
573,レース0573,2025-09-02,阪神,2400,DIRT,G2,5,3,H0006893,ウマ6893,牡,2021,高橋 大輔,55.0,18,0.357,0.03,0.278,10
573,レース0573,2025-09-02,阪神,2400,DIRT,G2,6,3,H0006894,ウマ6894,牝,2020,田中 一郎,57.0,22,0.201,0.147,0.603,6
573,レース0573,2025-09-02,阪神,2400,DIRT,G2,7,4,H0006895,ウマ6895,牝,2020,佐藤 健,58.0,10,0.29,0.125,0.598,1
573,レース0573,2025-09-02,阪神,2400,DIRT,G2,8,4,H0006896,ウマ6896,牝,2021,小林 蓮,56.0,11,0.115,0.159,0.595,5
573,レース0573,2025-09-02,阪神,2400,DIRT,G2,9,5,H0006897,ウマ6897,牡,2021,田中 一郎,56.0,19,0.13,0.068,0.384,7
573,レース0573,2025-09-02,阪神,2400,DIRT,G2,10,5,H0006898,ウマ6898,牝,2020,山本 陽,58.0,9,0.244,0.13,0.605,2
573,レース0573,2025-09-02,阪神,2400,DIRT,G2,11,6,H0006899,ウマ6899,セ,2021,伊藤 翼,58.0,18,0.193,0.054,0.664,3
573,レース0573,2025-09-02,阪神,2400,DIRT,G2,12,6,H0006900,ウマ6900,セ,2022,渡辺 美咲,55.0,30,0.369,0.153,0.321,4
573,レース0573,2025-09-02,阪神,2400,DIRT,G2,13,7,H0006901,ウマ6901,牝,2021,鈴木 花子,57.0,19,0.056,0.187,0.542,12
574,レース0574,2025-01-03,中京,1800,TURF,未勝利,1,1,H0006902,ウマ6902,牝,2020,佐藤 健,54.0,28,0.105,0.135,0.614,10
574,レース0574,2025-01-03,中京,1800,TURF,未勝利,2,1,H0006903,ウマ6903,セ,2021,鈴木 花子,57.0,12,0.268,0.191,0.388,2
574,レース0574,2025-01-03,中京,1800,TURF,未勝利,3,2,H0006904,ウマ6904,牝,2021,高橋 大輔,55.0,10,0.078,0.125,0.755,12
574,レース0574,2025-01-03,中京,1800,TURF,未勝利,4,2,H0006905,ウマ6905,セ,2021,佐藤 健,57.0,17,0.276,0.121,0.604,4
574,レース0574,2025-01-03,中京,1800,TURF,未勝利,5,3,H0006906,ウマ6906,牝,2022,田中 一郎,56.0,27,0.063,0.059,0.739,13
574,レース0574,2025-01-03,中京,1800,TURF,未勝利,6,3,H0006907,ウマ6907,牡,2022,加藤 楓,55.0,21,0.159,0.138,0.789,6
574,レース0574,2025-01-03,中京,1800,TURF,未勝利,7,4,H0006908,ウマ6908,セ,2022,渡辺 美咲,57.0,30,0.171,0.17,0.406,8
574,レース0574,2025-01-03,中京,1800,TURF,未勝利,8,4,H0006909,ウマ6909,牡,2022,中村 駿,57.0,7,0.07,0.164,0.74,7
574,レース0574,2025-01-03,中京,1800,TURF,未勝利,9,5,H0006910,ウマ6910,牝,2020,渡辺 美咲,58.0,26,0.228,0.033,0.866,3
574,レース0574,2025-01-03,中京,1800,TURF,未勝利,10,5,H0006911,ウマ6911,牝,2021,中村 駿,58.0,19,0.083,0.03,0.385,16
574,レース0574,2025-01-03,中京,1800,TURF,未勝利,11,6,H0006912,ウマ6912,牝,2022,伊藤 翼,54.0,17,0.289,0.044,1.0,1
574,レース0574,2025-01-03,中京,1800,TURF,未勝利,12,6,H0006913,ウマ6913,セ,2020,中村 駿,57.0,30,0.187,0.045,0.35,11
574,レース0574,2025-01-03,中京,1800,TURF,未勝利,13,7,H0006914,ウマ6914,セ,2021,山本 陽,58.0,7,0.115,0.105,0.605,5
574,レース0574,2025-01-03,中京,1800,TURF,未勝利,14,7,H0006915,ウマ6915,牝,2021,中村 駿,57.0,10,0.078,0.104,0.646,9
574,レース0574,2025-01-03,中京,1800,TURF,未勝利,15,8,H0006916,ウマ6916,牡,2021,田中 一郎,56.0,3,0.136,0.095,0.426,15
574,レース0574,2025-01-03,中京,1800,TURF,未勝利,16,8,H0006917,ウマ6917,セ,2020,加藤 楓,58.0,10,0.205,0.077,0.456,14
575,レース0575,2025-08-11,中京,1200,TURF,G2,1,1,H0006918,ウマ6918,セ,2021,山本 陽,55.0,3,0.231,0.207,0.389,16
575,レース0575,2025-08-11,中京,1200,TURF,G2,2,1,H0006919,ウマ6919,セ,2022,中村 駿,58.0,6,0.283,0.125,0.4,7
575,レース0575,2025-08-11,中京,1200,TURF,G2,3,2,H0006920,ウマ6920,牝,2021,伊藤 翼,57.0,4,0.088,0.157,0.494,13
575,レース0575,2025-08-11,中京,1200,TURF,G2,4,2,H0006921,ウマ6921,牡,2020,伊藤 翼,58.0,12,0.267,0.089,0.928,3
575,レース0575,2025-08-11,中京,1200,TURF,G2,5,3,H0006922,ウマ6922,牝,2022,渡辺 美咲,57.0,20,0.184,0.159,0.389,15
575,レース0575,2025-08-11,中京,1200,TURF,G2,6,3,H0006923,ウマ6923,牝,2020,加藤 楓,57.0,28,0.096,0.151,0.625,8
575,レース0575,2025-08-11,中京,1200,TURF,G2,7,4,H0006924,ウマ6924,セ,2022,加藤 楓,58.0,11,0.264,0.097,0.528,11
575,レース0575,2025-08-11,中京,1200,TURF,G2,8,4,H0006925,ウマ6925,牝,2021,山本 陽,58.0,20,0.297,0.14,0.779,2
575,レース0575,2025-08-11,中京,1200,TURF,G2,9,5,H0006926,ウマ6926,牡,2021,山本 陽,56.0,20,0.285,0.094,0.696,6
575,レース0575,2025-08-11,中京,1200,TURF,G2,10,5,H0006927,ウマ6927,牝,2021,小林 蓮,57.0,7,0.392,0.096,0.433,10
575,レース0575,2025-08-11,中京,1200,TURF,G2,11,6,H0006928,ウマ6928,牝,2022,渡辺 美咲,57.0,28,0.057,0.196,0.625,14
575,レース0575,2025-08-11,中京,1200,TURF,G2,12,6,H0006929,ウマ6929,牡,2022,山本 陽,56.0,29,0.319,0.225,0.316,1
575,レース0575,2025-08-11,中京,1200,TURF,G2,13,7,H0006930,ウマ6930,牝,2020,鈴木 花子,57.0,26,0.211,0.202,0.442,9
575,レース0575,2025-08-11,中京,1200,TURF,G2,14,7,H0006931,ウマ6931,牝,2022,田中 一郎,57.0,4,0.2,0.126,0.722,5
575,レース0575,2025-08-11,中京,1200,TURF,G2,15,8,H0006932,ウマ6932,牝,2021,佐藤 健,55.0,9,0.227,0.134,0.577,4
575,レース0575,2025-08-11,中京,1200,TURF,G2,16,8,H0006933,ウマ6933,牡,2020,伊藤 翼,54.0,13,0.131,0.128,0.487,12
576,レース0576,2025-03-12,中山,1400,TURF,G1,1,1,H0006934,ウマ6934,牡,2020,高橋 大輔,54.0,21,0.227,0.125,0.879,1
576,レース0576,2025-03-12,中山,1400,TURF,G1,2,1,H0006935,ウマ6935,牝,2021,中村 駿,56.0,25,0.199,0.086,0.457,10
576,レース0576,2025-03-12,中山,1400,TURF,G1,3,2,H0006936,ウマ6936,牝,2020,山本 陽,56.0,23,0.246,0.103,0.467,3
576,レース0576,2025-03-12,中山,1400,TURF,G1,4,2,H0006937,ウマ6937,牝,2020,田中 一郎,57.0,26,0.245,0.094,0.302,9
576,レース0576,2025-03-12,中山,1400,TURF,G1,5,3,H0006938,ウマ6938,牡,2020,中村 駿,54.0,6,0.171,0.113,0.449,7
576,レース0576,2025-03-12,中山,1400,TURF,G1,6,3,H0006939,ウマ6939,牝,2021,田中 一郎,58.0,22,0.13,0.217,0.114,13
576,レース0576,2025-03-12,中山,1400,TURF,G1,7,4,H0006940,ウマ6940,セ,2022,加藤 楓,54.0,6,0.166,0.08,0.273,11
576,レース0576,2025-03-12,中山,1400,TURF,G1,8,4,H0006941,ウマ6941,セ,2020,小林 蓮,54.0,6,0.135,0.122,0.598,5
576,レース0576,2025-03-12,中山,1400,TURF,G1,9,5,H0006942,ウマ6942,セ,2022,田中 一郎,57.0,15,0.081,0.11,0.443,12
576,レース0576,2025-03-12,中山,1400,TURF,G1,10,5,H0006943,ウマ6943,牡,2020,小林 蓮,54.0,28,0.132,0.03,0.397,14
576,レース0576,2025-03-12,中山,1400,TURF,G1,11,6,H0006944,ウマ6944,セ,2022,小林 蓮,54.0,13,0.196,0.17,0.346,6
576,レース0576,2025-03-12,中山,1400,TURF,G1,12,6,H0006945,ウマ6945,牝,2020,山本 陽,55.0,17,0.303,0.165,0.464,2
576,レース0576,2025-03-12,中山,1400,TURF,G1,13,7,H0006946,ウマ6946,牝,2022,小林 蓮,58.0,9,0.062,0.12,0.504,8
576,レース0576,2025-03-12,中山,1400,TURF,G1,14,7,H0006947,ウマ6947,牡,2020,中村 駿,54.0,26,0.192,0.19,0.642,4
577,レース0577,2025-03-07,京都,1200,TURF,3勝,1,1,H0006948,ウマ6948,セ,2022,加藤 楓,54.0,15,0.129,0.175,0.166,8
577,レース0577,2025-03-07,京都,1200,TURF,3勝,2,1,H0006949,ウマ6949,牝,2022,鈴木 花子,55.0,22,0.123,0.167,0.458,10
577,レース0577,2025-03-07,京都,1200,TURF,3勝,3,2,H0006950,ウマ6950,牝,2021,伊藤 翼,54.0,15,0.049,0.143,0.903,6
577,レース0577,2025-03-07,京都,1200,TURF,3勝,4,2,H0006951,ウマ6951,セ,2021,鈴木 花子,56.0,13,0.006,0.149,0.441,12
577,レース0577,2025-03-07,京都,1200,TURF,3勝,5,3,H0006952,ウマ6952,牡,2021,高橋 大輔,55.0,7,0.185,0.144,0.504,4
577,レース0577,2025-03-07,京都,1200,TURF,3勝,6,3,H0006953,ウマ6953,セ,2021,鈴木 花子,57.0,17,0.269,0.174,0.457,3
577,レース0577,2025-03-07,京都,1200,TURF,3勝,7,4,H0006954,ウマ6954,牡,2021,中村 駿,55.0,19,0.157,0.125,0.678,5
577,レース0577,2025-03-07,京都,1200,TURF,3勝,8,4,H0006955,ウマ6955,セ,2021,渡辺 美咲,56.0,11,0.226,0.128,0.352,11
577,レース0577,2025-03-07,京都,1200,TURF,3勝,9,5,H0006956,ウマ6956,セ,2022,田中 一郎,55.0,30,0.213,0.242,0.913,2
577,レース0577,2025-03-07,京都,1200,TURF,3勝,10,5,H0006957,ウマ6957,セ,2022,山本 陽,54.0,7,0.313,0.039,0.663,1
577,レース0577,2025-03-07,京都,1200,TURF,3勝,11,6,H0006958,ウマ6958,牡,2020,高橋 大輔,54.0,9,0.019,0.17,0.707,7
577,レース0577,2025-03-07,京都,1200,TURF,3勝,12,6,H0006959,ウマ6959,セ,2021,田中 一郎,54.0,18,0.196,0.121,0.393,9
578,レース0578,2025-07-05,中京,1400,DIRT,G1,1,1,H0006960,ウマ6960,牡,2022,渡辺 美咲,56.0,29,0.042,0.098,0.547,9
578,レース0578,2025-07-05,中京,1400,DIRT,G1,2,1,H0006961,ウマ6961,牝,2021,山本 陽,56.0,26,0.252,0.166,0.509,7
578,レース0578,2025-07-05,中京,1400,DIRT,G1,3,2,H0006962,ウマ6962,牡,2021,加藤 楓,54.0,16,0.134,0.132,0.726,2
578,レース0578,2025-07-05,中京,1400,DIRT,G1,4,2,H0006963,ウマ6963,牝,2022,中村 駿,57.0,26,0.228,0.206,0.433,3
578,レース0578,2025-07-05,中京,1400,DIRT,G1,5,3,H0006964,ウマ6964,牝,2022,渡辺 美咲,54.0,13,0.377,0.181,0.675,1
578,レース0578,2025-07-05,中京,1400,DIRT,G1,6,3,H0006965,ウマ6965,牡,2020,中村 駿,58.0,30,0.191,0.101,0.584,6
578,レース0578,2025-07-05,中京,1400,DIRT,G1,7,4,H0006966,ウマ6966,セ,2022,渡辺 美咲,57.0,22,0.197,0.168,0.663,4
578,レース0578,2025-07-05,中京,1400,DIRT,G1,8,4,H0006967,ウマ6967,セ,2022,加藤 楓,55.0,5,0.14,0.138,0.54,8
578,レース0578,2025-07-05,中京,1400,DIRT,G1,9,5,H0006968,ウマ6968,セ,2021,佐藤 健,55.0,11,0.224,0.16,0.556,5
578,レース0578,2025-07-05,中京,1400,DIRT,G1,10,5,H0006969,ウマ6969,セ,2021,渡辺 美咲,56.0,11,0.093,0.145,0.487,10
579,レース0579,2025-07-19,中京,2000,DIRT,G1,1,1,H0006970,ウマ6970,セ,2022,山本 陽,58.0,21,0.101,0.165,0.591,11
579,レース0579,2025-07-19,中京,2000,DIRT,G1,2,1,H0006971,ウマ6971,牡,2021,田中 一郎,56.0,7,0.069,0.097,0.729,8
579,レース0579,2025-07-19,中京,2000,DIRT,G1,3,2,H0006972,ウマ6972,牝,2022,伊藤 翼,54.0,4,0.023,0.146,0.32,16
579,レース0579,2025-07-19,中京,2000,DIRT,G1,4,2,H0006973,ウマ6973,牡,2020,小林 蓮,58.0,17,0.107,0.189,0.733,5
579,レース0579,2025-07-19,中京,2000,DIRT,G1,5,3,H0006974,ウマ6974,牝,2020,田中 一郎,58.0,8,0.251,0.114,0.55,4
579,レース0579,2025-07-19,中京,2000,DIRT,G1,6,3,H0006975,ウマ6975,牝,2020,山本 陽,57.0,18,0.242,0.123,0.602,6
579,レース0579,2025-07-19,中京,2000,DIRT,G1,7,4,H0006976,ウマ6976,セ,2020,小林 蓮,58.0,21,0.265,0.089,0.471,10
579,レース0579,2025-07-19,中京,2000,DIRT,G1,8,4,H0006977,ウマ6977,牝,2022,加藤 楓,55.0,19,0.073,0.065,0.629,15
579,レース0579,2025-07-19,中京,2000,DIRT,G1,9,5,H0006978,ウマ6978,牡,2021,佐藤 健,54.0,18,0.23,0.147,0.247,14
579,レース0579,2025-07-19,中京,2000,DIRT,G1,10,5,H0006979,ウマ6979,牝,2021,伊藤 翼,54.0,12,0.172,0.157,0.783,3
579,レース0579,2025-07-19,中京,2000,DIRT,G1,11,6,H0006980,ウマ6980,セ,2021,中村 駿,56.0,25,0.302,0.094,0.377,13
579,レース0579,2025-07-19,中京,2000,DIRT,G1,12,6,H0006981,ウマ6981,牝,2020,高橋 大輔,54.0,18,0.302,0.163,0.857,2
579,レース0579,2025-07-19,中京,2000,DIRT,G1,13,7,H0006982,ウマ6982,セ,2022,渡辺 美咲,57.0,6,0.253,0.064,0.573,9
579,レース0579,2025-07-19,中京,2000,DIRT,G1,14,7,H0006983,ウマ6983,牡,2020,伊藤 翼,55.0,4,0.145,0.062,0.556,7
579,レース0579,2025-07-19,中京,2000,DIRT,G1,15,8,H0006984,ウマ6984,牝,2020,鈴木 花子,56.0,8,0.167,0.131,0.663,12
579,レース0579,2025-07-19,中京,2000,DIRT,G1,16,8,H0006985,ウマ6985,牝,2020,中村 駿,55.0,5,0.282,0.159,0.993,1
580,レース0580,2025-03-20,京都,1200,DIRT,G2,1,1,H0006986,ウマ6986,牝,2022,中村 駿,55.0,16,0.115,0.167,0.563,6
580,レース0580,2025-03-20,京都,1200,DIRT,G2,2,1,H0006987,ウマ6987,牡,2021,高橋 大輔,58.0,9,0.1,0.142,0.447,9
580,レース0580,2025-03-20,京都,1200,DIRT,G2,3,2,H0006988,ウマ6988,セ,2020,中村 駿,58.0,19,0.364,0.132,0.447,3
580,レース0580,2025-03-20,京都,1200,DIRT,G2,4,2,H0006989,ウマ6989,セ,2021,田中 一郎,58.0,5,0.211,0.102,0.837,5
580,レース0580,2025-03-20,京都,1200,DIRT,G2,5,3,H0006990,ウマ6990,牡,2022,佐藤 健,58.0,18,0.052,0.132,0.374,12
580,レース0580,2025-03-20,京都,1200,DIRT,G2,6,3,H0006991,ウマ6991,牡,2020,伊藤 翼,57.0,25,0.159,0.096,0.448,10
580,レース0580,2025-03-20,京都,1200,DIRT,G2,7,4,H0006992,ウマ6992,セ,2022,佐藤 健,56.0,10,0.131,0.138,0.407,8
580,レース0580,2025-03-20,京都,1200,DIRT,G2,8,4,H0006993,ウマ6993,セ,2022,伊藤 翼,58.0,25,0.225,0.16,0.609,2
580,レース0580,2025-03-20,京都,1200,DIRT,G2,9,5,H0006994,ウマ6994,牡,2020,小林 蓮,57.0,8,0.268,0.094,0.311,11
580,レース0580,2025-03-20,京都,1200,DIRT,G2,10,5,H0006995,ウマ6995,牡,2020,佐藤 健,55.0,12,0.173,0.234,0.525,1
580,レース0580,2025-03-20,京都,1200,DIRT,G2,11,6,H0006996,ウマ6996,セ,2022,伊藤 翼,54.0,15,0.127,0.238,0.418,7
580,レース0580,2025-03-20,京都,1200,DIRT,G2,12,6,H0006997,ウマ6997,牝,2020,渡辺 美咲,57.0,26,0.27,0.136,0.59,4
581,レース0581,2025-07-03,中京,2400,DIRT,G3,1,1,H0006998,ウマ6998,牝,2020,加藤 楓,58.0,24,0.133,0.217,0.342,14
581,レース0581,2025-07-03,中京,2400,DIRT,G3,2,1,H0006999,ウマ6999,牝,2020,鈴木 花子,55.0,22,0.181,0.101,0.329,13
581,レース0581,2025-07-03,中京,2400,DIRT,G3,3,2,H0007000,ウマ7000,牝,2020,伊藤 翼,54.0,7,0.356,0.077,0.622,1
581,レース0581,2025-07-03,中京,2400,DIRT,G3,4,2,H0007001,ウマ7001,牡,2021,田中 一郎,57.0,11,0.172,0.171,0.484,11
581,レース0581,2025-07-03,中京,2400,DIRT,G3,5,3,H0007002,ウマ7002,牝,2021,中村 駿,54.0,15,0.093,0.099,0.627,8
581,レース0581,2025-07-03,中京,2400,DIRT,G3,6,3,H0007003,ウマ7003,牡,2022,小林 蓮,55.0,27,0.193,0.129,0.82,2
581,レース0581,2025-07-03,中京,2400,DIRT,G3,7,4,H0007004,ウマ7004,セ,2022,高橋 大輔,57.0,18,0.103,0.075,0.514,12
581,レース0581,2025-07-03,中京,2400,DIRT,G3,8,4,H0007005,ウマ7005,牡,2021,加藤 楓,55.0,12,0.078,0.14,0.586,3
581,レース0581,2025-07-03,中京,2400,DIRT,G3,9,5,H0007006,ウマ7006,セ,2021,鈴木 花子,58.0,7,0.105,0.134,0.482,10
581,レース0581,2025-07-03,中京,2400,DIRT,G3,10,5,H0007007,ウマ7007,セ,2022,加藤 楓,56.0,17,0.183,0.071,0.474,6
581,レース0581,2025-07-03,中京,2400,DIRT,G3,11,6,H0007008,ウマ7008,セ,2020,山本 陽,56.0,12,0.199,0.069,0.624,4
581,レース0581,2025-07-03,中京,2400,DIRT,G3,12,6,H0007009,ウマ7009,牡,2022,田中 一郎,57.0,12,0.171,0.117,0.525,9
581,レース0581,2025-07-03,中京,2400,DIRT,G3,13,7,H0007010,ウマ7010,牡,2020,渡辺 美咲,57.0,28,0.136,0.185,0.43,7
581,レース0581,2025-07-03,中京,2400,DIRT,G3,14,7,H0007011,ウマ7011,牡,2021,小林 蓮,54.0,5,0.091,0.123,0.762,5
582,レース0582,2025-11-28,京都,2000,DIRT,OP,1,1,H0007012,ウマ7012,牝,2020,佐藤 健,58.0,3,0.154,0.134,0.235,13
582,レース0582,2025-11-28,京都,2000,DIRT,OP,2,1,H0007013,ウマ7013,牝,2021,小林 蓮,57.0,3,0.157,0.151,0.605,10
582,レース0582,2025-11-28,京都,2000,DIRT,OP,3,2,H0007014,ウマ7014,牡,2022,佐藤 健,57.0,24,0.077,0.221,0.835,1
582,レース0582,2025-11-28,京都,2000,DIRT,OP,4,2,H0007015,ウマ7015,セ,2022,鈴木 花子,56.0,9,0.186,0.179,0.505,5
582,レース0582,2025-11-28,京都,2000,DIRT,OP,5,3,H0007016,ウマ7016,セ,2020,高橋 大輔,56.0,13,0.181,0.154,0.343,6
582,レース0582,2025-11-28,京都,2000,DIRT,OP,6,3,H0007017,ウマ7017,牝,2021,加藤 楓,58.0,28,0.162,0.164,0.51,3
582,レース0582,2025-11-28,京都,2000,DIRT,OP,7,4,H0007018,ウマ7018,セ,2021,佐藤 健,58.0,12,0.153,0.083,0.475,12
582,レース0582,2025-11-28,京都,2000,DIRT,OP,8,4,H0007019,ウマ7019,セ,2020,中村 駿,56.0,23,0.192,0.116,0.586,4
582,レース0582,2025-11-28,京都,2000,DIRT,OP,9,5,H0007020,ウマ7020,牡,2022,渡辺 美咲,56.0,21,0.155,0.092,0.675,9
582,レース0582,2025-11-28,京都,2000,DIRT,OP,10,5,H0007021,ウマ7021,セ,2022,加藤 楓,58.0,10,0.219,0.162,0.151,14
582,レース0582,2025-11-28,京都,2000,DIRT,OP,11,6,H0007022,ウマ7022,牡,2020,中村 駿,57.0,20,0.072,0.193,0.923,8
582,レース0582,2025-11-28,京都,2000,DIRT,OP,12,6,H0007023,ウマ7023,セ,2020,加藤 楓,58.0,30,0.179,0.079,0.523,11
582,レース0582,2025-11-28,京都,2000,DIRT,OP,13,7,H0007024,ウマ7024,牝,2021,山本 陽,58.0,24,0.157,0.187,0.688,7
582,レース0582,2025-11-28,京都,2000,DIRT,OP,14,7,H0007025,ウマ7025,セ,2022,高橋 大輔,56.0,15,0.281,0.055,0.463,2
583,レース0583,2025-04-13,東京,1400,DIRT,OP,1,1,H0007026,ウマ7026,牡,2021,小林 蓮,56.0,25,0.185,0.075,0.716,4
583,レース0583,2025-04-13,東京,1400,DIRT,OP,2,1,H0007027,ウマ7027,牝,2021,中村 駿,57.0,16,0.174,0.146,0.523,5
583,レース0583,2025-04-13,東京,1400,DIRT,OP,3,2,H0007028,ウマ7028,牝,2021,加藤 楓,54.0,23,0.228,0.119,0.191,7
583,レース0583,2025-04-13,東京,1400,DIRT,OP,4,2,H0007029,ウマ7029,牝,2021,加藤 楓,56.0,18,0.262,0.154,1.0,1
583,レース0583,2025-04-13,東京,1400,DIRT,OP,5,3,H0007030,ウマ7030,セ,2020,山本 陽,54.0,15,0.185,0.16,0.398,6
583,レース0583,2025-04-13,東京,1400,DIRT,OP,6,3,H0007031,ウマ7031,牝,2022,田中 一郎,55.0,7,0.289,0.05,0.496,8
583,レース0583,2025-04-13,東京,1400,DIRT,OP,7,4,H0007032,ウマ7032,牝,2020,田中 一郎,55.0,6,0.304,0.073,0.607,2
583,レース0583,2025-04-13,東京,1400,DIRT,OP,8,4,H0007033,ウマ7033,牝,2020,鈴木 花子,58.0,18,0.266,0.035,0.265,9
583,レース0583,2025-04-13,東京,1400,DIRT,OP,9,5,H0007034,ウマ7034,セ,2022,加藤 楓,57.0,20,0.25,0.117,0.718,3
584,レース0584,2025-05-27,中山,2000,DIRT,3勝,1,1,H0007035,ウマ7035,牝,2021,小林 蓮,56.0,21,0.197,0.193,0.366,8
584,レース0584,2025-05-27,中山,2000,DIRT,3勝,2,1,H0007036,ウマ7036,牡,2021,中村 駿,57.0,25,0.018,0.102,0.682,11
584,レース0584,2025-05-27,中山,2000,DIRT,3勝,3,2,H0007037,ウマ7037,牝,2020,高橋 大輔,58.0,23,0.0,0.165,0.808,7
584,レース0584,2025-05-27,中山,2000,DIRT,3勝,4,2,H0007038,ウマ7038,牝,2021,高橋 大輔,55.0,22,0.172,0.279,0.622,1
584,レース0584,2025-05-27,中山,2000,DIRT,3勝,5,3,H0007039,ウマ7039,セ,2021,中村 駿,58.0,19,0.251,0.099,0.381,5
584,レース0584,2025-05-27,中山,2000,DIRT,3勝,6,3,H0007040,ウマ7040,牝,2021,小林 蓮,56.0,6,0.088,0.055,0.612,6
584,レース0584,2025-05-27,中山,2000,DIRT,3勝,7,4,H0007041,ウマ7041,セ,2021,鈴木 花子,55.0,23,0.011,0.11,0.455,12
584,レース0584,2025-05-27,中山,2000,DIRT,3勝,8,4,H0007042,ウマ7042,牝,2020,鈴木 花子,57.0,28,0.088,0.066,0.434,9
584,レース0584,2025-05-27,中山,2000,DIRT,3勝,9,5,H0007043,ウマ7043,牡,2020,鈴木 花子,56.0,4,0.087,0.135,0.614,10
584,レース0584,2025-05-27,中山,2000,DIRT,3勝,10,5,H0007044,ウマ7044,牝,2022,中村 駿,55.0,18,0.338,0.041,0.352,3
584,レース0584,2025-05-27,中山,2000,DIRT,3勝,11,6,H0007045,ウマ7045,牡,2021,高橋 大輔,55.0,18,0.261,0.204,0.601,2
584,レース0584,2025-05-27,中山,2000,DIRT,3勝,12,6,H0007046,ウマ7046,牡,2021,山本 陽,58.0,19,0.076,0.15,0.77,4
585,レース0585,2025-08-18,中山,1200,TURF,1勝,1,1,H0007047,ウマ7047,セ,2020,伊藤 翼,56.0,26,0.143,0.079,0.469,3
585,レース0585,2025-08-18,中山,1200,TURF,1勝,2,1,H0007048,ウマ7048,セ,2022,高橋 大輔,54.0,24,0.201,0.109,0.233,9
585,レース0585,2025-08-18,中山,1200,TURF,1勝,3,2,H0007049,ウマ7049,牝,2021,中村 駿,54.0,3,0.197,0.047,0.544,2
585,レース0585,2025-08-18,中山,1200,TURF,1勝,4,2,H0007050,ウマ7050,セ,2022,中村 駿,54.0,14,0.264,0.106,0.557,6
585,レース0585,2025-08-18,中山,1200,TURF,1勝,5,3,H0007051,ウマ7051,牝,2022,加藤 楓,56.0,15,0.277,0.097,0.598,4
585,レース0585,2025-08-18,中山,1200,TURF,1勝,6,3,H0007052,ウマ7052,牡,2020,田中 一郎,58.0,3,0.164,0.042,0.482,8
585,レース0585,2025-08-18,中山,1200,TURF,1勝,7,4,H0007053,ウマ7053,牝,2022,鈴木 花子,57.0,12,0.205,0.03,0.395,7
585,レース0585,2025-08-18,中山,1200,TURF,1勝,8,4,H0007054,ウマ7054,牡,2020,伊藤 翼,54.0,7,0.292,0.12,0.804,1
585,レース0585,2025-08-18,中山,1200,TURF,1勝,9,5,H0007055,ウマ7055,牝,2020,伊藤 翼,55.0,29,0.268,0.13,0.526,5
586,レース0586,2025-11-26,阪神,2400,DIRT,G1,1,1,H0007056,ウマ7056,セ,2021,佐藤 健,54.0,6,0.067,0.115,0.287,11
586,レース0586,2025-11-26,阪神,2400,DIRT,G1,2,1,H0007057,ウマ7057,牝,2022,高橋 大輔,56.0,15,0.264,0.156,0.652,3
586,レース0586,2025-11-26,阪神,2400,DIRT,G1,3,2,H0007058,ウマ7058,セ,2022,鈴木 花子,58.0,16,0.222,0.154,0.32,14
586,レース0586,2025-11-26,阪神,2400,DIRT,G1,4,2,H0007059,ウマ7059,牝,2022,佐藤 健,55.0,8,0.139,0.089,0.584,7
586,レース0586,2025-11-26,阪神,2400,DIRT,G1,5,3,H0007060,ウマ7060,牡,2022,田中 一郎,54.0,7,0.142,0.132,0.446,8
586,レース0586,2025-11-26,阪神,2400,DIRT,G1,6,3,H0007061,ウマ7061,牡,2022,山本 陽,58.0,11,0.323,0.188,0.507,1
586,レース0586,2025-11-26,阪神,2400,DIRT,G1,7,4,H0007062,ウマ7062,牡,2022,伊藤 翼,56.0,15,0.097,0.097,0.561,10
586,レース0586,2025-11-26,阪神,2400,DIRT,G1,8,4,H0007063,ウマ7063,セ,2021,山本 陽,57.0,25,0.314,0.133,0.552,4
586,レース0586,2025-11-26,阪神,2400,DIRT,G1,9,5,H0007064,ウマ7064,牡,2022,小林 蓮,56.0,29,0.13,0.201,0.228,13
586,レース0586,2025-11-26,阪神,2400,DIRT,G1,10,5,H0007065,ウマ7065,牡,2020,佐藤 健,58.0,10,0.115,0.169,0.295,12
586,レース0586,2025-11-26,阪神,2400,DIRT,G1,11,6,H0007066,ウマ7066,セ,2022,小林 蓮,56.0,28,0.292,0.103,0.493,9
586,レース0586,2025-11-26,阪神,2400,DIRT,G1,12,6,H0007067,ウマ7067,セ,2022,田中 一郎,57.0,20,0.161,0.139,0.661,6
586,レース0586,2025-11-26,阪神,2400,DIRT,G1,13,7,H0007068,ウマ7068,セ,2021,鈴木 花子,57.0,26,0.332,0.083,0.594,2
586,レース0586,2025-11-26,阪神,2400,DIRT,G1,14,7,H0007069,ウマ7069,牝,2021,加藤 楓,54.0,5,0.228,0.153,0.427,5
587,レース0587,2025-10-08,阪神,2000,TURF,G2,1,1,H0007070,ウマ7070,セ,2021,山本 陽,54.0,4,0.171,0.156,0.556,11
587,レース0587,2025-10-08,阪神,2000,TURF,G2,2,1,H0007071,ウマ7071,牝,2021,中村 駿,58.0,18,0.187,0.101,0.56,10
587,レース0587,2025-10-08,阪神,2000,TURF,G2,3,2,H0007072,ウマ7072,牝,2021,田中 一郎,54.0,25,0.216,0.158,0.496,9
587,レース0587,2025-10-08,阪神,2000,TURF,G2,4,2,H0007073,ウマ7073,セ,2022,佐藤 健,58.0,8,0.182,0.227,0.527,6
587,レース0587,2025-10-08,阪神,2000,TURF,G2,5,3,H0007074,ウマ7074,牝,2020,中村 駿,56.0,16,0.208,0.158,0.767,4
587,レース0587,2025-10-08,阪神,2000,TURF,G2,6,3,H0007075,ウマ7075,牡,2020,山本 陽,55.0,18,0.355,0.082,0.691,1
587,レース0587,2025-10-08,阪神,2000,TURF,G2,7,4,H0007076,ウマ7076,牝,2020,加藤 楓,56.0,9,0.086,0.166,0.302,12
587,レース0587,2025-10-08,阪神,2000,TURF,G2,8,4,H0007077,ウマ7077,牡,2020,鈴木 花子,58.0,28,0.179,0.066,0.335,14
587,レース0587,2025-10-08,阪神,2000,TURF,G2,9,5,H0007078,ウマ7078,セ,2020,渡辺 美咲,56.0,5,0.331,0.173,0.686,2
587,レース0587,2025-10-08,阪神,2000,TURF,G2,10,5,H0007079,ウマ7079,牝,2022,田中 一郎,54.0,19,0.15,0.129,0.403,8
587,レース0587,2025-10-08,阪神,2000,TURF,G2,11,6,H0007080,ウマ7080,セ,2022,伊藤 翼,56.0,17,0.093,0.106,0.553,13
587,レース0587,2025-10-08,阪神,2000,TURF,G2,12,6,H0007081,ウマ7081,セ,2020,中村 駿,56.0,14,0.213,0.108,0.513,7
587,レース0587,2025-10-08,阪神,2000,TURF,G2,13,7,H0007082,ウマ7082,牡,2021,佐藤 健,55.0,28,0.375,0.086,0.477,5
587,レース0587,2025-10-08,阪神,2000,TURF,G2,14,7,H0007083,ウマ7083,セ,2021,山本 陽,54.0,26,0.31,0.066,0.545,3
588,レース0588,2025-03-03,東京,2400,TURF,未勝利,1,1,H0007084,ウマ7084,牝,2022,鈴木 花子,54.0,15,0.127,0.109,0.446,13
588,レース0588,2025-03-03,東京,2400,TURF,未勝利,2,1,H0007085,ウマ7085,牡,2022,伊藤 翼,57.0,5,0.091,0.133,0.508,16
588,レース0588,2025-03-03,東京,2400,TURF,未勝利,3,2,H0007086,ウマ7086,セ,2020,田中 一郎,55.0,20,0.127,0.159,0.576,12
588,レース0588,2025-03-03,東京,2400,TURF,未勝利,4,2,H0007087,ウマ7087,セ,2020,鈴木 花子,58.0,29,0.196,0.161,0.591,11
588,レース0588,2025-03-03,東京,2400,TURF,未勝利,5,3,H0007088,ウマ7088,牝,2020,鈴木 花子,56.0,24,0.0,0.075,0.446,14
588,レース0588,2025-03-03,東京,2400,TURF,未勝利,6,3,H0007089,ウマ7089,牡,2020,山本 陽,57.0,17,0.349,0.173,0.442,2
588,レース0588,2025-03-03,東京,2400,TURF,未勝利,7,4,H0007090,ウマ7090,セ,2021,小林 蓮,57.0,5,0.144,0.169,0.725,3
588,レース0588,2025-03-03,東京,2400,TURF,未勝利,8,4,H0007091,ウマ7091,セ,2021,加藤 楓,55.0,3,0.233,0.246,0.548,5
588,レース0588,2025-03-03,東京,2400,TURF,未勝利,9,5,H0007092,ウマ7092,セ,2021,山本 陽,57.0,16,0.104,0.13,0.529,9
588,レース0588,2025-03-03,東京,2400,TURF,未勝利,10,5,H0007093,ウマ7093,セ,2021,佐藤 健,58.0,14,0.152,0.208,0.76,1
588,レース0588,2025-03-03,東京,2400,TURF,未勝利,11,6,H0007094,ウマ7094,牡,2020,加藤 楓,58.0,13,0.077,0.133,1.0,4
588,レース0588,2025-03-03,東京,2400,TURF,未勝利,12,6,H0007095,ウマ7095,牝,2021,加藤 楓,57.0,24,0.311,0.032,0.604,6
588,レース0588,2025-03-03,東京,2400,TURF,未勝利,13,7,H0007096,ウマ7096,牝,2021,伊藤 翼,54.0,8,0.357,0.074,0.292,7
588,レース0588,2025-03-03,東京,2400,TURF,未勝利,14,7,H0007097,ウマ7097,牝,2021,鈴木 花子,58.0,3,0.151,0.1,0.546,10
588,レース0588,2025-03-03,東京,2400,TURF,未勝利,15,8,H0007098,ウマ7098,牡,2022,小林 蓮,54.0,11,0.236,0.063,0.511,8
588,レース0588,2025-03-03,東京,2400,TURF,未勝利,16,8,H0007099,ウマ7099,セ,2021,田中 一郎,58.0,20,0.114,0.122,0.368,15
589,レース0589,2025-08-16,中山,1600,DIRT,未勝利,1,1,H0007100,ウマ7100,牝,2021,加藤 楓,58.0,10,0.325,0.071,0.93,5
589,レース0589,2025-08-16,中山,1600,DIRT,未勝利,2,1,H0007101,ウマ7101,セ,2020,中村 駿,54.0,7,0.148,0.149,0.478,14
589,レース0589,2025-08-16,中山,1600,DIRT,未勝利,3,2,H0007102,ウマ7102,牝,2021,伊藤 翼,58.0,16,0.187,0.182,0.712,4
589,レース0589,2025-08-16,中山,1600,DIRT,未勝利,4,2,H0007103,ウマ7103,セ,2021,鈴木 花子,54.0,15,0.0,0.059,0.745,9
589,レース0589,2025-08-16,中山,1600,DIRT,未勝利,5,3,H0007104,ウマ7104,牡,2022,伊藤 翼,58.0,11,0.242,0.124,0.636,11
589,レース0589,2025-08-16,中山,1600,DIRT,未勝利,6,3,H0007105,ウマ7105,牡,2021,中村 駿,55.0,5,0.114,0.187,0.307,15
589,レース0589,2025-08-16,中山,1600,DIRT,未勝利,7,4,H0007106,ウマ7106,セ,2021,加藤 楓,54.0,30,0.299,0.201,0.2,12
589,レース0589,2025-08-16,中山,1600,DIRT,未勝利,8,4,H0007107,ウマ7107,牝,2020,山本 陽,57.0,9,0.234,0.13,0.489,6
589,レース0589,2025-08-16,中山,1600,DIRT,未勝利,9,5,H0007108,ウマ7108,牝,2020,山本 陽,56.0,3,0.244,0.203,0.659,2
589,レース0589,2025-08-16,中山,1600,DIRT,未勝利,10,5,H0007109,ウマ7109,牡,2022,伊藤 翼,58.0,9,0.193,0.073,0.628,7
589,レース0589,2025-08-16,中山,1600,DIRT,未勝利,11,6,H0007110,ウマ7110,牡,2020,高橋 大輔,56.0,10,0.284,0.097,0.765,1
589,レース0589,2025-08-16,中山,1600,DIRT,未勝利,12,6,H0007111,ウマ7111,牡,2020,伊藤 翼,56.0,16,0.309,0.163,0.346,10
589,レース0589,2025-08-16,中山,1600,DIRT,未勝利,13,7,H0007112,ウマ7112,牝,2022,加藤 楓,54.0,28,0.246,0.088,0.482,8
589,レース0589,2025-08-16,中山,1600,DIRT,未勝利,14,7,H0007113,ウマ7113,牝,2020,山本 陽,55.0,18,0.25,0.238,0.628,3
589,レース0589,2025-08-16,中山,1600,DIRT,未勝利,15,8,H0007114,ウマ7114,牡,2021,鈴木 花子,58.0,26,0.086,0.167,0.383,13
590,レース0590,2025-05-12,中京,1600,DIRT,1勝,1,1,H0007115,ウマ7115,牡,2021,小林 蓮,58.0,16,0.14,0.157,0.073,14
590,レース0590,2025-05-12,中京,1600,DIRT,1勝,2,1,H0007116,ウマ7116,牝,2020,中村 駿,56.0,15,0.009,0.177,0.478,9
590,レース0590,2025-05-12,中京,1600,DIRT,1勝,3,2,H0007117,ウマ7117,牡,2021,山本 陽,55.0,10,0.06,0.123,0.536,13
590,レース0590,2025-05-12,中京,1600,DIRT,1勝,4,2,H0007118,ウマ7118,牡,2022,加藤 楓,58.0,18,0.129,0.2,0.559,8
590,レース0590,2025-05-12,中京,1600,DIRT,1勝,5,3,H0007119,ウマ7119,牡,2022,田中 一郎,54.0,28,0.239,0.195,0.286,2
590,レース0590,2025-05-12,中京,1600,DIRT,1勝,6,3,H0007120,ウマ7120,牡,2022,高橋 大輔,56.0,20,0.12,0.098,0.701,5
590,レース0590,2025-05-12,中京,1600,DIRT,1勝,7,4,H0007121,ウマ7121,牡,2020,中村 駿,57.0,24,0.138,0.141,0.543,10
590,レース0590,2025-05-12,中京,1600,DIRT,1勝,8,4,H0007122,ウマ7122,セ,2020,渡辺 美咲,57.0,26,0.144,0.128,0.612,4
590,レース0590,2025-05-12,中京,1600,DIRT,1勝,9,5,H0007123,ウマ7123,牡,2021,田中 一郎,57.0,10,0.272,0.098,0.494,1
590,レース0590,2025-05-12,中京,1600,DIRT,1勝,10,5,H0007124,ウマ7124,牝,2021,鈴木 花子,58.0,15,0.25,0.151,0.348,7
590,レース0590,2025-05-12,中京,1600,DIRT,1勝,11,6,H0007125,ウマ7125,牡,2021,中村 駿,55.0,29,0.189,0.16,0.384,3
590,レース0590,2025-05-12,中京,1600,DIRT,1勝,12,6,H0007126,ウマ7126,牡,2022,鈴木 花子,55.0,18,0.166,0.173,0.333,11
590,レース0590,2025-05-12,中京,1600,DIRT,1勝,13,7,H0007127,ウマ7127,セ,2022,鈴木 花子,58.0,10,0.09,0.076,0.635,12
590,レース0590,2025-05-12,中京,1600,DIRT,1勝,14,7,H0007128,ウマ7128,牝,2020,山本 陽,54.0,3,0.18,0.206,0.598,6
591,レース0591,2025-11-19,中京,1600,TURF,未勝利,1,1,H0007129,ウマ7129,牝,2021,山本 陽,55.0,26,0.154,0.138,0.501,11
591,レース0591,2025-11-19,中京,1600,TURF,未勝利,2,1,H0007130,ウマ7130,セ,2021,伊藤 翼,57.0,9,0.223,0.241,0.306,1
591,レース0591,2025-11-19,中京,1600,TURF,未勝利,3,2,H0007131,ウマ7131,セ,2021,伊藤 翼,56.0,15,0.171,0.202,0.652,2
591,レース0591,2025-11-19,中京,1600,TURF,未勝利,4,2,H0007132,ウマ7132,牡,2020,田中 一郎,57.0,10,0.019,0.199,0.154,13
591,レース0591,2025-11-19,中京,1600,TURF,未勝利,5,3,H0007133,ウマ7133,セ,2020,渡辺 美咲,55.0,10,0.17,0.09,0.767,5
591,レース0591,2025-11-19,中京,1600,TURF,未勝利,6,3,H0007134,ウマ7134,セ,2022,鈴木 花子,54.0,21,0.258,0.127,0.211,6
591,レース0591,2025-11-19,中京,1600,TURF,未勝利,7,4,H0007135,ウマ7135,牝,2022,加藤 楓,56.0,6,0.144,0.211,0.626,8
591,レース0591,2025-11-19,中京,1600,TURF,未勝利,8,4,H0007136,ウマ7136,牝,2021,中村 駿,56.0,29,0.211,0.051,0.485,10
591,レース0591,2025-11-19,中京,1600,TURF,未勝利,9,5,H0007137,ウマ7137,牡,2022,小林 蓮,56.0,9,0.123,0.148,0.598,3
591,レース0591,2025-11-19,中京,1600,TURF,未勝利,10,5,H0007138,ウマ7138,牡,2021,高橋 大輔,56.0,30,0.187,0.135,0.352,12
591,レース0591,2025-11-19,中京,1600,TURF,未勝利,11,6,H0007139,ウマ7139,セ,2021,小林 蓮,55.0,27,0.116,0.204,0.453,9
591,レース0591,2025-11-19,中京,1600,TURF,未勝利,12,6,H0007140,ウマ7140,牝,2022,田中 一郎,54.0,21,0.204,0.174,0.468,4
591,レース0591,2025-11-19,中京,1600,TURF,未勝利,13,7,H0007141,ウマ7141,セ,2020,渡辺 美咲,58.0,6,0.371,0.095,0.443,7
592,レース0592,2025-01-02,東京,2000,DIRT,3勝,1,1,H0007142,ウマ7142,牝,2021,田中 一郎,58.0,20,0.11,0.108,0.749,6
592,レース0592,2025-01-02,東京,2000,DIRT,3勝,2,1,H0007143,ウマ7143,セ,2022,山本 陽,56.0,29,0.18,0.194,0.531,3
592,レース0592,2025-01-02,東京,2000,DIRT,3勝,3,2,H0007144,ウマ7144,牡,2020,高橋 大輔,56.0,12,0.251,0.076,0.592,8
592,レース0592,2025-01-02,東京,2000,DIRT,3勝,4,2,H0007145,ウマ7145,牝,2020,鈴木 花子,55.0,14,0.437,0.146,0.555,1
592,レース0592,2025-01-02,東京,2000,DIRT,3勝,5,3,H0007146,ウマ7146,牝,2020,田中 一郎,58.0,6,0.1,0.182,0.581,10
592,レース0592,2025-01-02,東京,2000,DIRT,3勝,6,3,H0007147,ウマ7147,牝,2020,佐藤 健,58.0,3,0.206,0.149,0.625,9
592,レース0592,2025-01-02,東京,2000,DIRT,3勝,7,4,H0007148,ウマ7148,セ,2022,渡辺 美咲,54.0,17,0.224,0.103,0.539,7
592,レース0592,2025-01-02,東京,2000,DIRT,3勝,8,4,H0007149,ウマ7149,牡,2020,田中 一郎,55.0,25,0.076,0.147,0.571,5
592,レース0592,2025-01-02,東京,2000,DIRT,3勝,9,5,H0007150,ウマ7150,牡,2021,鈴木 花子,57.0,19,0.222,0.12,0.427,11
592,レース0592,2025-01-02,東京,2000,DIRT,3勝,10,5,H0007151,ウマ7151,セ,2022,渡辺 美咲,58.0,8,0.115,0.143,0.155,12
592,レース0592,2025-01-02,東京,2000,DIRT,3勝,11,6,H0007152,ウマ7152,牝,2022,山本 陽,55.0,21,0.183,0.111,0.692,4
592,レース0592,2025-01-02,東京,2000,DIRT,3勝,12,6,H0007153,ウマ7153,牝,2020,加藤 楓,57.0,18,0.138,0.167,0.668,2
593,レース0593,2025-09-25,京都,1200,TURF,3勝,1,1,H0007154,ウマ7154,牝,2021,佐藤 健,56.0,14,0.226,0.119,0.576,5
593,レース0593,2025-09-25,京都,1200,TURF,3勝,2,1,H0007155,ウマ7155,牡,2021,渡辺 美咲,57.0,25,0.176,0.03,0.894,4
593,レース0593,2025-09-25,京都,1200,TURF,3勝,3,2,H0007156,ウマ7156,牝,2020,加藤 楓,54.0,20,0.236,0.055,0.574,6
593,レース0593,2025-09-25,京都,1200,TURF,3勝,4,2,H0007157,ウマ7157,牡,2022,渡辺 美咲,56.0,25,0.275,0.13,0.354,9
593,レース0593,2025-09-25,京都,1200,TURF,3勝,5,3,H0007158,ウマ7158,牡,2021,田中 一郎,58.0,30,0.132,0.113,0.454,10
593,レース0593,2025-09-25,京都,1200,TURF,3勝,6,3,H0007159,ウマ7159,牝,2021,加藤 楓,54.0,10,0.226,0.101,0.37,8
593,レース0593,2025-09-25,京都,1200,TURF,3勝,7,4,H0007160,ウマ7160,牡,2021,伊藤 翼,54.0,3,0.236,0.144,0.518,3
593,レース0593,2025-09-25,京都,1200,TURF,3勝,8,4,H0007161,ウマ7161,牝,2020,山本 陽,54.0,13,0.215,0.173,0.534,7
593,レース0593,2025-09-25,京都,1200,TURF,3勝,9,5,H0007162,ウマ7162,牝,2022,高橋 大輔,57.0,12,0.284,0.2,0.583,2
593,レース0593,2025-09-25,京都,1200,TURF,3勝,10,5,H0007163,ウマ7163,セ,2020,伊藤 翼,56.0,15,0.359,0.153,0.652,1
594,レース0594,2025-11-19,阪神,1400,DIRT,3勝,1,1,H0007164,ウマ7164,牡,2021,山本 陽,57.0,6,0.23,0.146,0.794,1
594,レース0594,2025-11-19,阪神,1400,DIRT,3勝,2,1,H0007165,ウマ7165,セ,2022,田中 一郎,57.0,11,0.025,0.181,0.438,5
594,レース0594,2025-11-19,阪神,1400,DIRT,3勝,3,2,H0007166,ウマ7166,牡,2020,高橋 大輔,55.0,5,0.237,0.085,0.749,4
594,レース0594,2025-11-19,阪神,1400,DIRT,3勝,4,2,H0007167,ウマ7167,セ,2020,加藤 楓,55.0,6,0.078,0.089,0.565,8
594,レース0594,2025-11-19,阪神,1400,DIRT,3勝,5,3,H0007168,ウマ7168,牝,2021,高橋 大輔,54.0,26,0.146,0.225,0.863,3
594,レース0594,2025-11-19,阪神,1400,DIRT,3勝,6,3,H0007169,ウマ7169,セ,2022,加藤 楓,57.0,6,0.376,0.107,0.596,2
594,レース0594,2025-11-19,阪神,1400,DIRT,3勝,7,4,H0007170,ウマ7170,牝,2020,中村 駿,58.0,30,0.184,0.178,0.336,7
594,レース0594,2025-11-19,阪神,1400,DIRT,3勝,8,4,H0007171,ウマ7171,牡,2021,渡辺 美咲,55.0,4,0.108,0.165,0.469,6
595,レース0595,2025-11-06,中山,2000,TURF,G2,1,1,H0007172,ウマ7172,牡,2021,田中 一郎,58.0,14,0.116,0.042,0.569,15
595,レース0595,2025-11-06,中山,2000,TURF,G2,2,1,H0007173,ウマ7173,セ,2021,小林 蓮,58.0,24,0.079,0.286,0.572,10
595,レース0595,2025-11-06,中山,2000,TURF,G2,3,2,H0007174,ウマ7174,牡,2021,佐藤 健,55.0,14,0.267,0.133,0.917,1
595,レース0595,2025-11-06,中山,2000,TURF,G2,4,2,H0007175,ウマ7175,牝,2022,伊藤 翼,55.0,21,0.177,0.122,0.619,7
595,レース0595,2025-11-06,中山,2000,TURF,G2,5,3,H0007176,ウマ7176,牡,2020,佐藤 健,54.0,3,0.106,0.044,0.737,14
595,レース0595,2025-11-06,中山,2000,TURF,G2,6,3,H0007177,ウマ7177,牡,2021,高橋 大輔,57.0,19,0.29,0.182,0.723,4
595,レース0595,2025-11-06,中山,2000,TURF,G2,7,4,H0007178,ウマ7178,牝,2020,加藤 楓,56.0,5,0.279,0.083,0.768,3
595,レース0595,2025-11-06,中山,2000,TURF,G2,8,4,H0007179,ウマ7179,牡,2021,佐藤 健,57.0,15,0.275,0.03,0.286,9
595,レース0595,2025-11-06,中山,2000,TURF,G2,9,5,H0007180,ウマ7180,牝,2021,田中 一郎,56.0,29,0.208,0.137,0.455,16
595,レース0595,2025-11-06,中山,2000,TURF,G2,10,5,H0007181,ウマ7181,牡,2022,中村 駿,54.0,11,0.173,0.215,0.577,12
595,レース0595,2025-11-06,中山,2000,TURF,G2,11,6,H0007182,ウマ7182,牝,2021,加藤 楓,56.0,21,0.189,0.105,0.468,11
595,レース0595,2025-11-06,中山,2000,TURF,G2,12,6,H0007183,ウマ7183,牡,2021,小林 蓮,56.0,27,0.122,0.169,0.616,8
595,レース0595,2025-11-06,中山,2000,TURF,G2,13,7,H0007184,ウマ7184,牝,2020,渡辺 美咲,56.0,16,0.219,0.114,0.515,6
595,レース0595,2025-11-06,中山,2000,TURF,G2,14,7,H0007185,ウマ7185,牝,2022,加藤 楓,56.0,22,0.144,0.16,0.581,13
595,レース0595,2025-11-06,中山,2000,TURF,G2,15,8,H0007186,ウマ7186,牡,2021,佐藤 健,54.0,3,0.238,0.146,0.579,2
595,レース0595,2025-11-06,中山,2000,TURF,G2,16,8,H0007187,ウマ7187,牝,2020,渡辺 美咲,54.0,24,0.21,0.12,0.685,5
596,レース0596,2025-02-04,阪神,1600,DIRT,3勝,1,1,H0007188,ウマ7188,牡,2021,佐藤 健,58.0,28,0.254,0.171,0.705,4
596,レース0596,2025-02-04,阪神,1600,DIRT,3勝,2,1,H0007189,ウマ7189,セ,2022,伊藤 翼,58.0,30,0.026,0.137,0.652,12
596,レース0596,2025-02-04,阪神,1600,DIRT,3勝,3,2,H0007190,ウマ7190,牝,2020,中村 駿,54.0,5,0.179,0.051,0.599,8
596,レース0596,2025-02-04,阪神,1600,DIRT,3勝,4,2,H0007191,ウマ7191,セ,2022,鈴木 花子,58.0,23,0.105,0.085,0.484,10
596,レース0596,2025-02-04,阪神,1600,DIRT,3勝,5,3,H0007192,ウマ7192,牡,2021,山本 陽,58.0,12,0.295,0.188,0.85,1
596,レース0596,2025-02-04,阪神,1600,DIRT,3勝,6,3,H0007193,ウマ7193,牡,2020,田中 一郎,58.0,22,0.252,0.154,0.692,3
596,レース0596,2025-02-04,阪神,1600,DIRT,3勝,7,4,H0007194,ウマ7194,セ,2020,伊藤 翼,55.0,29,0.138,0.18,0.454,6
596,レース0596,2025-02-04,阪神,1600,DIRT,3勝,8,4,H0007195,ウマ7195,牝,2022,高橋 大輔,54.0,11,0.238,0.189,0.483,7
596,レース0596,2025-02-04,阪神,1600,DIRT,3勝,9,5,H0007196,ウマ7196,セ,2021,中村 駿,57.0,11,0.22,0.115,0.694,2
596,レース0596,2025-02-04,阪神,1600,DIRT,3勝,10,5,H0007197,ウマ7197,牡,2020,渡辺 美咲,55.0,7,0.064,0.138,0.689,9
596,レース0596,2025-02-04,阪神,1600,DIRT,3勝,11,6,H0007198,ウマ7198,セ,2021,加藤 楓,58.0,20,0.086,0.172,0.305,13
596,レース0596,2025-02-04,阪神,1600,DIRT,3勝,12,6,H0007199,ウマ7199,牡,2022,加藤 楓,58.0,8,0.233,0.144,0.636,5
596,レース0596,2025-02-04,阪神,1600,DIRT,3勝,13,7,H0007200,ウマ7200,牡,2022,山本 陽,56.0,13,0.041,0.134,0.682,11
597,レース0597,2025-10-22,中山,2400,DIRT,3勝,1,1,H0007201,ウマ7201,牡,2020,鈴木 花子,57.0,27,0.204,0.085,0.623,5
597,レース0597,2025-10-22,中山,2400,DIRT,3勝,2,1,H0007202,ウマ7202,牝,2020,田中 一郎,56.0,19,0.184,0.076,0.271,10
597,レース0597,2025-10-22,中山,2400,DIRT,3勝,3,2,H0007203,ウマ7203,牝,2022,渡辺 美咲,56.0,24,0.21,0.142,0.604,4
597,レース0597,2025-10-22,中山,2400,DIRT,3勝,4,2,H0007204,ウマ7204,牡,2021,高橋 大輔,56.0,27,0.238,0.116,0.886,1
597,レース0597,2025-10-22,中山,2400,DIRT,3勝,5,3,H0007205,ウマ7205,牝,2021,渡辺 美咲,56.0,17,0.174,0.126,0.318,8
597,レース0597,2025-10-22,中山,2400,DIRT,3勝,6,3,H0007206,ウマ7206,牡,2021,中村 駿,56.0,28,0.257,0.03,0.463,6
597,レース0597,2025-10-22,中山,2400,DIRT,3勝,7,4,H0007207,ウマ7207,牝,2021,佐藤 健,55.0,5,0.103,0.187,0.837,2
597,レース0597,2025-10-22,中山,2400,DIRT,3勝,8,4,H0007208,ウマ7208,牡,2021,小林 蓮,54.0,29,0.111,0.136,0.359,9
597,レース0597,2025-10-22,中山,2400,DIRT,3勝,9,5,H0007209,ウマ7209,牡,2022,中村 駿,56.0,25,0.307,0.241,0.587,3
597,レース0597,2025-10-22,中山,2400,DIRT,3勝,10,5,H0007210,ウマ7210,牡,2022,田中 一郎,56.0,28,0.137,0.137,0.48,7
598,レース0598,2025-12-08,京都,1200,TURF,2勝,1,1,H0007211,ウマ7211,牡,2021,山本 陽,56.0,15,0.017,0.12,0.815,6
598,レース0598,2025-12-08,京都,1200,TURF,2勝,2,1,H0007212,ウマ7212,セ,2022,小林 蓮,58.0,21,0.191,0.103,0.29,13
598,レース0598,2025-12-08,京都,1200,TURF,2勝,3,2,H0007213,ウマ7213,牡,2022,小林 蓮,54.0,3,0.064,0.113,0.437,11
598,レース0598,2025-12-08,京都,1200,TURF,2勝,4,2,H0007214,ウマ7214,セ,2020,渡辺 美咲,58.0,17,0.284,0.203,0.511,5
598,レース0598,2025-12-08,京都,1200,TURF,2勝,5,3,H0007215,ウマ7215,牝,2021,小林 蓮,57.0,4,0.296,0.088,0.633,7
598,レース0598,2025-12-08,京都,1200,TURF,2勝,6,3,H0007216,ウマ7216,セ,2022,渡辺 美咲,57.0,6,0.161,0.102,0.354,10
598,レース0598,2025-12-08,京都,1200,TURF,2勝,7,4,H0007217,ウマ7217,セ,2021,小林 蓮,56.0,22,0.167,0.067,1.0,4
598,レース0598,2025-12-08,京都,1200,TURF,2勝,8,4,H0007218,ウマ7218,牝,2022,鈴木 花子,56.0,24,0.214,0.125,0.611,3
598,レース0598,2025-12-08,京都,1200,TURF,2勝,9,5,H0007219,ウマ7219,セ,2022,鈴木 花子,56.0,5,0.168,0.137,0.312,12
598,レース0598,2025-12-08,京都,1200,TURF,2勝,10,5,H0007220,ウマ7220,セ,2021,高橋 大輔,57.0,11,0.169,0.066,0.765,1
598,レース0598,2025-12-08,京都,1200,TURF,2勝,11,6,H0007221,ウマ7221,牝,2021,小林 蓮,56.0,14,0.15,0.129,0.564,8
598,レース0598,2025-12-08,京都,1200,TURF,2勝,12,6,H0007222,ウマ7222,牝,2020,佐藤 健,57.0,9,0.136,0.108,0.572,9
598,レース0598,2025-12-08,京都,1200,TURF,2勝,13,7,H0007223,ウマ7223,セ,2020,山本 陽,55.0,23,0.311,0.179,0.639,2
599,レース0599,2025-04-27,中京,1800,DIRT,G2,1,1,H0007224,ウマ7224,牡,2020,中村 駿,56.0,20,0.319,0.187,0.396,5
599,レース0599,2025-04-27,中京,1800,DIRT,G2,2,1,H0007225,ウマ7225,牡,2020,高橋 大輔,56.0,19,0.262,0.124,0.473,3
599,レース0599,2025-04-27,中京,1800,DIRT,G2,3,2,H0007226,ウマ7226,牡,2020,高橋 大輔,58.0,20,0.141,0.136,0.223,14
599,レース0599,2025-04-27,中京,1800,DIRT,G2,4,2,H0007227,ウマ7227,セ,2021,佐藤 健,54.0,26,0.236,0.158,0.123,12
599,レース0599,2025-04-27,中京,1800,DIRT,G2,5,3,H0007228,ウマ7228,牡,2021,山本 陽,58.0,28,0.227,0.154,0.498,2
599,レース0599,2025-04-27,中京,1800,DIRT,G2,6,3,H0007229,ウマ7229,セ,2021,高橋 大輔,54.0,8,0.265,0.129,0.448,4
599,レース0599,2025-04-27,中京,1800,DIRT,G2,7,4,H0007230,ウマ7230,牡,2021,中村 駿,55.0,17,0.199,0.124,0.457,6
599,レース0599,2025-04-27,中京,1800,DIRT,G2,8,4,H0007231,ウマ7231,牡,2020,小林 蓮,58.0,13,0.131,0.159,0.523,9
599,レース0599,2025-04-27,中京,1800,DIRT,G2,9,5,H0007232,ウマ7232,セ,2020,加藤 楓,56.0,27,0.172,0.102,0.374,11
599,レース0599,2025-04-27,中京,1800,DIRT,G2,10,5,H0007233,ウマ7233,セ,2020,小林 蓮,55.0,4,0.162,0.098,0.504,8
599,レース0599,2025-04-27,中京,1800,DIRT,G2,11,6,H0007234,ウマ7234,セ,2021,佐藤 健,57.0,17,0.067,0.118,0.783,7
599,レース0599,2025-04-27,中京,1800,DIRT,G2,12,6,H0007235,ウマ7235,牡,2021,山本 陽,57.0,19,0.151,0.046,0.907,1
599,レース0599,2025-04-27,中京,1800,DIRT,G2,13,7,H0007236,ウマ7236,牝,2020,田中 一郎,56.0,8,0.067,0.132,0.507,10
599,レース0599,2025-04-27,中京,1800,DIRT,G2,14,7,H0007237,ウマ7237,セ,2021,田中 一郎,55.0,27,0.141,0.072,0.275,13
600,レース0600,2025-06-22,阪神,1200,DIRT,G2,1,1,H0007238,ウマ7238,牝,2020,鈴木 花子,55.0,4,0.147,0.171,0.809,1
600,レース0600,2025-06-22,阪神,1200,DIRT,G2,2,1,H0007239,ウマ7239,牡,2021,小林 蓮,54.0,23,0.221,0.118,0.256,15
600,レース0600,2025-06-22,阪神,1200,DIRT,G2,3,2,H0007240,ウマ7240,セ,2021,伊藤 翼,54.0,7,0.107,0.186,0.286,13
600,レース0600,2025-06-22,阪神,1200,DIRT,G2,4,2,H0007241,ウマ7241,セ,2020,高橋 大輔,58.0,27,0.02,0.132,0.464,12
600,レース0600,2025-06-22,阪神,1200,DIRT,G2,5,3,H0007242,ウマ7242,セ,2022,高橋 大輔,57.0,4,0.176,0.128,0.593,9
600,レース0600,2025-06-22,阪神,1200,DIRT,G2,6,3,H0007243,ウマ7243,牝,2022,渡辺 美咲,58.0,24,0.316,0.096,0.536,5
600,レース0600,2025-06-22,阪神,1200,DIRT,G2,7,4,H0007244,ウマ7244,セ,2020,山本 陽,57.0,18,0.199,0.178,0.404,7
600,レース0600,2025-06-22,阪神,1200,DIRT,G2,8,4,H0007245,ウマ7245,牡,2020,高橋 大輔,57.0,8,0.159,0.192,0.504,8
600,レース0600,2025-06-22,阪神,1200,DIRT,G2,9,5,H0007246,ウマ7246,牝,2020,伊藤 翼,56.0,16,0.108,0.143,0.374,14
600,レース0600,2025-06-22,阪神,1200,DIRT,G2,10,5,H0007247,ウマ7247,牝,2021,加藤 楓,57.0,20,0.162,0.185,1.0,2
600,レース0600,2025-06-22,阪神,1200,DIRT,G2,11,6,H0007248,ウマ7248,牝,2021,鈴木 花子,54.0,7,0.055,0.164,0.459,4
600,レース0600,2025-06-22,阪神,1200,DIRT,G2,12,6,H0007249,ウマ7249,セ,2021,鈴木 花子,54.0,29,0.177,0.141,0.792,3
600,レース0600,2025-06-22,阪神,1200,DIRT,G2,13,7,H0007250,ウマ7250,牝,2020,鈴木 花子,57.0,3,0.237,0.108,0.522,10
600,レース0600,2025-06-22,阪神,1200,DIRT,G2,14,7,H0007251,ウマ7251,牡,2020,中村 駿,55.0,20,0.037,0.083,0.244,16
600,レース0600,2025-06-22,阪神,1200,DIRT,G2,15,8,H0007252,ウマ7252,牝,2020,鈴木 花子,54.0,28,0.053,0.126,0.663,11
600,レース0600,2025-06-22,阪神,1200,DIRT,G2,16,8,H0007253,ウマ7253,セ,2021,伊藤 翼,56.0,3,0.118,0.214,0.633,6
